step,hour,time,true,Mamba_q0.005,Mamba_q0.025,Mamba_q0.05,Mamba_q0.5,Mamba_q0.95,Mamba_q0.975,Mamba_q0.995
0,0.0,2024-05-10 04:45:00,324.9958,-117.46216,-13.904572,19.008636,319.51904,355.2246,364.01367,413.08594
1,0.25,2024-05-10 05:00:00,325.0,-116.82129,-13.22937,19.71817,320.80078,356.68945,365.66162,415.2832
2,0.5,2024-05-10 05:15:00,325.0,-116.45508,-12.737274,20.256042,322.26562,358.1543,367.30957,417.84668
3,0.75,2024-05-10 05:30:00,325.0,-113.708496,-9.98497,23.002625,324.2798,359.43604,368.5913,418.9453
4,1.0,2024-05-10 05:45:00,331.0,-109.40552,-5.707741,27.168274,326.11084,360.90088,369.87305,420.41016
5,1.25,2024-05-10 06:00:00,334.9874,-98.14453,5.6591034,38.31482,330.87158,363.28125,372.25342,422.60742
6,1.5,2024-05-10 06:15:00,340.323,-77.545166,27.145386,59.051514,335.99854,365.84473,374.8169,425.1709
7,1.75,2024-05-10 06:30:00,344.9733,-33.325195,73.33374,102.996826,342.22412,368.95752,377.56348,426.26953
8,2.0,2024-05-10 06:45:00,340.3272,35.453796,144.104,169.64722,347.7173,371.521,379.39453,425.5371
9,2.25,2024-05-10 07:00:00,344.9833,82.58057,191.34521,213.50098,348.2666,371.8872,379.02832,422.97363
10,2.5,2024-05-10 07:15:00,337.9891,131.65283,238.58643,257.26318,350.64697,372.61963,379.02832,421.5088
11,2.75,2024-05-10 07:30:00,339.9874,134.49097,240.78369,258.91113,349.18213,372.98584,380.12695,423.70605
12,3.0,2024-05-10 07:45:00,341.9858,139.70947,245.36133,263.12256,349.36523,373.53516,380.49316,425.1709
13,3.25,2024-05-10 08:00:00,349.9791,152.98462,257.26318,274.1089,351.01318,374.08447,381.2256,425.90332
14,3.5,2024-05-10 08:15:00,360.0,186.40137,286.92627,301.7578,357.05566,376.83105,383.78906,429.93164
15,3.75,2024-05-10 08:30:00,360.0,216.79688,312.37793,325.56152,364.9292,381.2256,388.91602,437.98828
16,4.0,2024-05-10 08:45:00,351.4671,223.38867,316.95557,329.77295,367.67578,383.42285,391.4795,442.74902
17,4.25,2024-05-10 09:00:00,354.5309,208.55713,303.58887,316.95557,363.46436,381.958,389.64844,439.81934
18,4.5,2024-05-10 09:15:00,356.6187,203.61328,298.64502,312.19482,362.36572,381.2256,388.91602,437.98828
19,4.75,2024-05-10 09:30:00,406.57196,204.71191,299.37744,312.92725,363.28125,381.958,389.28223,438.3545
20,5.0,2024-05-10 09:45:00,345.7272,257.4463,341.8579,353.39355,387.08496,418.9453,435.79102,512.6953
21,5.25,2024-05-10 10:00:00,349.0431,206.17676,299.56055,313.47656,368.95752,398.0713,409.42383,471.31348
22,5.5,2024-05-10 10:15:00,337.3091,139.34326,239.50195,257.08008,357.42188,389.28223,399.16992,455.2002
23,5.75,2024-05-10 10:30:00,336.7913,63.354492,165.9851,188.41553,349.54834,384.8877,394.7754,450.07324
24,6.0,2024-05-10 10:45:00,332.6617,-2.612114,98.602295,125.33569,345.70312,381.958,391.8457,447.50977
25,6.25,2024-05-10 11:00:00,334.0392,-79.193115,17.543793,48.614502,340.57617,381.2256,392.2119,451.5381
26,6.5,2024-05-10 11:15:00,327.8486,-110.77881,-17.223358,15.163422,336.73096,380.12695,391.11328,451.5381
27,6.75,2024-05-10 11:30:00,332.2881,-122.31445,-30.12085,2.1100044,329.95605,378.6621,390.01465,450.07324
28,7.0,2024-05-10 11:45:00,330.4607,-126.98364,-36.895752,-4.7893524,326.47705,377.19727,388.5498,447.50977
29,7.25,2024-05-10 12:00:00,5.4512,-127.53296,-38.589478,-6.8264008,321.167,376.09863,387.08496,445.3125
30,7.5,2024-05-10 12:15:00,329.2186,-79.422,-0.56505203,19.500732,265.13672,366.76025,377.56348,423.33984
31,7.75,2024-05-10 12:30:00,325.1509,-53.28369,6.877899,29.022217,302.12402,368.7744,377.9297,423.33984
32,8.0,2024-05-10 12:45:00,324.5571,-2.6593208,78.46069,101.16577,321.3501,370.60547,379.39453,422.97363
33,8.25,2024-05-10 13:00:00,332.4373,69.16809,158.75244,178.25317,330.50537,373.53516,380.85938,416.74805
34,8.5,2024-05-10 13:15:00,342.888,150.78735,240.60059,255.79834,341.6748,376.46484,382.32422,414.55078
35,8.75,2024-05-10 13:30:00,359.9286,201.0498,287.8418,300.8423,353.57666,381.958,387.81738,423.70605
36,9.0,2024-05-10 13:45:00,359.5855,222.65625,308.5327,320.80078,362.18262,388.1836,394.7754,435.4248
37,9.25,2024-05-10 14:00:00,385.8985,214.96582,302.85645,315.67383,361.6333,388.5498,395.1416,436.15723
38,9.5,2024-05-10 14:15:00,386.0213,236.38916,321.7163,333.98438,370.78857,393.31055,399.90234,443.11523
39,9.75,2024-05-10 14:30:00,376.6556,243.16406,327.39258,339.29443,373.90137,395.5078,402.0996,445.6787
40,10.0,2024-05-10 14:45:00,386.0322,235.65674,319.51904,331.7871,370.97168,393.67676,399.90234,442.3828
41,10.25,2024-05-10 15:00:00,399.43964,252.13623,331.7871,343.13965,376.09863,394.7754,400.63477,443.11523
42,10.5,2024-05-10 15:15:00,386.065,272.27783,346.61865,357.23877,385.62012,403.56445,411.25488,459.59473
43,10.75,2024-05-10 15:30:00,400.2294,270.62988,344.05518,354.30908,383.78906,401.7334,408.6914,456.29883
44,11.0,2024-05-10 15:45:00,395.3849,280.33447,351.01318,360.90088,390.01465,408.3252,416.74805,468.01758
45,11.25,2024-05-10 16:00:00,428.141,282.89795,352.84424,362.91504,391.4795,408.6914,416.74805,468.3838
46,11.5,2024-05-10 16:15:00,399.1621,302.85645,367.67578,377.19727,408.3252,441.28418,457.39746,531.3721
47,11.75,2024-05-10 16:30:00,401.7836,295.16602,361.9995,371.521,399.16992,419.67773,429.93164,488.15918
48,12.0,2024-05-10 16:45:00,404.281,290.9546,357.7881,367.12646,395.87402,411.9873,420.04395,473.14453
49,12.25,2024-05-10 17:00:00,372.4106,296.44775,361.4502,370.42236,398.0713,413.45215,421.875,476.07422
50,12.5,2024-05-10 17:15:00,369.8287,265.50293,335.63232,345.70312,381.5918,401.00098,407.22656,453.73535
51,12.75,2024-05-10 17:30:00,349.3391,248.47412,320.9839,331.604,373.71826,394.04297,399.53613,442.0166
52,13.0,2024-05-10 17:45:00,350.1548,207.8247,286.37695,299.01123,360.53467,389.28223,395.5078,436.52344
53,13.25,2024-05-10 18:00:00,340.3515,197.20459,277.9541,291.1377,356.14014,385.98633,391.4795,432.1289
54,13.5,2024-05-10 18:15:00,348.2987,177.97852,261.6577,275.57373,350.28076,383.05664,388.91602,429.56543
55,13.75,2024-05-10 18:30:00,345.4254,199.03564,280.8838,293.70117,353.21045,381.2256,386.71875,426.26953
56,14.0,2024-05-10 18:45:00,350.1757,203.43018,284.9121,297.18018,352.47803,379.39453,384.52148,423.70605
57,14.25,2024-05-10 19:00:00,350.4849,211.48682,292.05322,303.95508,353.94287,377.9297,383.05664,421.5088
58,14.5,2024-05-10 19:15:00,373.6216,218.07861,297.7295,309.26514,354.8584,377.19727,381.5918,419.67773
59,14.75,2024-05-10 19:30:00,384.07297,256.34766,330.13916,339.84375,367.67578,383.78906,388.91602,430.29785
60,15.0,2024-05-10 19:45:00,369.8287,278.50342,347.53418,356.14014,377.56348,391.11328,397.33887,443.48145
61,15.25,2024-05-10 20:00:00,369.1646,268.0664,338.562,347.53418,372.25342,384.15527,388.91602,431.7627
62,15.5,2024-05-10 20:15:00,369.8287,259.46045,331.604,340.94238,368.95752,381.5918,386.35254,428.1006
63,15.75,2024-05-10 20:30:00,384.6969,261.2915,333.25195,342.59033,369.50684,381.5918,386.35254,429.19922
64,16.0,2024-05-10 20:45:00,369.8287,278.1372,347.16797,355.77393,377.19727,389.28223,395.5078,443.84766
65,16.25,2024-05-10 21:00:00,365.3287,266.96777,338.0127,346.98486,371.3379,381.958,387.08496,432.86133
66,16.5,2024-05-10 21:15:00,365.3287,253.05176,326.84326,336.54785,366.02783,378.6621,383.42285,428.4668
67,16.75,2024-05-10 21:30:00,368.6016,250.67139,325.37842,335.083,364.9292,377.9297,383.05664,428.833
68,17.0,2024-05-10 21:45:00,363.8913,255.61523,330.13916,339.66064,366.21094,378.6621,383.78906,431.7627
69,17.25,2024-05-10 22:00:00,367.8463,246.09375,322.63184,332.70264,362.91504,376.09863,381.2256,429.93164
70,17.5,2024-05-10 22:15:00,419.3894,249.93896,326.66016,336.36475,364.563,377.56348,383.05664,433.95996
71,17.75,2024-05-10 22:30:00,399.5023,296.81396,363.09814,371.8872,395.5078,448.6084,472.0459,569.8242
72,18.0,2024-05-10 22:45:00,379.26294,302.49023,368.042,376.09863,394.40918,420.41016,436.52344,518.9209
73,18.25,2024-05-10 23:00:00,379.11224,283.26416,353.57666,362.18262,381.5918,394.40918,404.29688,470.94727
74,18.5,2024-05-10 23:15:00,379.21817,272.64404,345.70312,354.6753,376.46484,388.5498,396.97266,460.32715
75,18.75,2024-05-10 23:30:00,369.6787,269.71436,344.23828,353.39355,375.0,387.08496,395.5078,458.4961
76,19.0,2024-05-10 23:45:00,362.963,253.78418,332.15332,342.04102,368.7744,380.85938,388.1836,448.6084
77,19.25,2024-05-11 00:00:00,365.9551,234.92432,316.95557,328.125,362.91504,376.46484,383.42285,442.0166
78,19.5,2024-05-11 00:15:00,426.1166,283.99658,351.01318,362.73193,405.0293,609.7412,681.15234,899.41406
79,19.75,2024-05-11 00:30:00,417.4538,307.06787,368.95752,378.2959,407.95898,515.625,562.5,724.73145
80,20.0,2024-05-11 00:45:00,398.2095,310.54688,371.8872,380.12695,404.6631,465.8203,498.04688,626.5869
81,20.25,2024-05-11 01:00:00,391.0904,298.0957,363.83057,372.0703,391.11328,416.74805,435.4248,529.1748
82,20.5,2024-05-11 01:15:00,395.9972,285.64453,355.2246,363.83057,383.42285,402.46582,416.74805,498.7793
83,20.75,2024-05-11 01:30:00,378.8456,284.3628,355.4077,364.19678,384.15527,405.3955,420.04395,502.4414
84,21.0,2024-05-11 01:45:00,362.2923,271.91162,347.35107,356.68945,376.46484,388.91602,399.16992,468.01758
85,21.25,2024-05-11 02:00:00,375.21466,241.69922,323.73047,334.5337,364.563,376.46484,383.78906,442.3828
86,21.5,2024-05-11 02:15:00,361.0029,246.45996,329.22363,339.84375,366.02783,378.6621,385.98633,443.11523
87,21.75,2024-05-11 02:30:00,359.2355,232.17773,318.4204,329.77295,360.35156,371.521,377.19727,428.1006
88,22.0,2024-05-11 02:45:00,359.1805,219.54346,308.71582,320.80078,356.68945,368.2251,373.16895,420.04395
89,22.25,2024-05-11 03:00:00,354.0818,214.4165,305.23682,317.688,354.6753,365.47852,369.68994,412.35352
90,22.5,2024-05-11 03:15:00,350.3573,202.14844,295.16602,308.5327,351.5625,362.91504,366.76025,406.49414
91,22.75,2024-05-11 03:30:00,350.7661,188.78174,283.99658,298.0957,348.2666,360.53467,364.01367,400.63477
92,23.0,2024-05-11 03:45:00,352.4921,185.66895,281.79932,296.08154,347.16797,359.25293,362.36572,396.60645
93,23.25,2024-05-11 04:00:00,344.8146,188.04932,284.5459,298.64502,347.16797,358.88672,361.6333,394.04297
94,23.5,2024-05-11 04:15:00,349.622,168.45703,266.96777,282.34863,343.68896,357.60498,360.71777,392.2119
95,23.75,2024-05-11 04:30:00,347.3532,171.11206,270.08057,285.27832,344.23828,357.60498,360.35156,390.38086
96,24.0,2024-05-11 04:45:00,349.5365,169.37256,268.61572,283.99658,343.87207,357.42188,360.35156,389.64844
97,24.25,2024-05-11 05:00:00,339.4142,174.59106,273.74268,288.94043,345.1538,358.1543,360.90088,390.01465
98,24.5,2024-05-11 05:15:00,339.431,147.30835,248.65723,265.68604,341.3086,357.60498,360.90088,390.38086
99,24.75,2024-05-11 05:30:00,339.431,133.20923,236.20605,253.96729,339.47754,357.05566,360.35156,388.91602
100,25.0,2024-05-11 05:45:00,339.431,134.12476,237.30469,255.06592,339.66064,357.23877,360.71777,388.91602
101,25.25,2024-05-11 06:00:00,339.4142,139.25171,242.24854,259.64355,340.57617,357.9712,361.4502,389.64844
102,25.5,2024-05-11 06:15:00,349.1708,146.66748,249.38965,266.23535,341.6748,359.06982,362.73193,391.11328
103,25.75,2024-05-11 06:30:00,349.1096,182.09839,281.6162,296.26465,347.7173,361.6333,364.7461,393.31055
104,26.0,2024-05-11 06:45:00,347.7517,200.50049,297.18018,310.9131,351.7456,364.01367,367.49268,397.70508
105,26.25,2024-05-11 07:00:00,349.1708,204.71191,300.29297,313.65967,352.84424,365.1123,368.7744,399.53613
106,26.5,2024-05-11 07:15:00,349.2306,207.8247,302.12402,315.30762,353.57666,366.02783,369.87305,401.3672
107,26.75,2024-05-11 07:30:00,334.431,208.00781,301.7578,314.9414,354.12598,366.94336,370.97168,403.19824
108,27.0,2024-05-11 07:45:00,339.4184,178.89404,275.93994,290.58838,347.7173,365.84473,370.23926,402.0996
109,27.25,2024-05-11 08:00:00,339.4184,171.38672,269.16504,284.1797,346.06934,365.47852,369.68994,401.00098
110,27.5,2024-05-11 08:15:00,339.9874,179.80957,276.30615,290.77148,347.53418,366.02783,370.05615,401.3672
111,27.75,2024-05-11 08:30:00,320.0,188.96484,283.81348,297.7295,349.36523,366.76025,370.78857,402.0996
112,28.0,2024-05-11 08:45:00,334.9916,143.37158,242.06543,258.54492,340.02686,365.84473,370.78857,402.0996
113,28.25,2024-05-11 09:00:00,325.2297,154.99878,252.50244,268.2495,341.6748,365.66162,369.87305,399.16992
114,28.5,2024-05-11 09:15:00,332.8086,138.51929,236.93848,253.41797,338.562,365.84473,370.60547,400.26855
115,28.75,2024-05-11 09:30:00,325.8161,145.56885,242.98096,259.09424,339.84375,366.57715,370.97168,399.16992
116,29.0,2024-05-11 09:45:00,324.1429,120.75806,219.36035,236.75537,336.18164,368.042,372.98584,401.7334
117,29.25,2024-05-11 10:00:00,322.2425,86.92932,186.85913,206.35986,332.51953,367.8589,373.35205,402.83203
118,29.5,2024-05-11 10:15:00,316.8289,42.755127,143.00537,165.34424,329.95605,368.2251,374.45068,407.22656
119,29.75,2024-05-11 10:30:00,320.6085,-25.520325,72.37244,98.968506,326.11084,367.12646,374.08447,410.15625
120,30.0,2024-05-11 10:45:00,320.0,-69.5343,24.536133,53.833008,325.56152,368.2251,376.09863,416.74805
121,30.25,2024-05-11 11:00:00,321.1571,-97.0459,-6.008148,24.627686,323.91357,368.7744,377.19727,421.14258
122,30.5,2024-05-11 11:15:00,322.4689,-111.41968,-22.224426,8.903503,321.5332,368.95752,377.56348,423.33984
123,30.75,2024-05-11 11:30:00,327.7269,-121.49048,-33.576965,-2.2273064,317.50488,366.39404,374.6338,418.5791
124,31.0,2024-05-11 11:45:00,325.685,-129.27246,-42.663574,-11.060715,315.49072,366.57715,374.8169,419.31152
125,31.25,2024-05-11 12:00:00,311.9478,-133.8501,-47.88208,-16.30783,311.6455,366.76025,375.3662,421.14258
126,31.5,2024-05-11 12:15:00,326.9451,-129.27246,-43.99109,-13.217926,305.23682,366.94336,376.09863,423.70605
127,31.75,2024-05-11 12:30:00,328.7527,-108.39844,-25.634766,5.2900314,321.3501,370.78857,380.12695,429.93164
128,32.0,2024-05-11 12:45:00,332.7291,8.25119,98.32764,123.22998,332.88574,370.23926,376.83105,414.18457
129,32.25,2024-05-11 13:00:00,327.7644,168.73169,256.53076,270.813,342.04102,370.60547,374.26758,400.26855
130,32.5,2024-05-11 13:15:00,339.4881,213.13477,293.51807,304.8706,345.52002,368.5913,371.1548,394.7754
131,32.75,2024-05-11 13:30:00,341.1732,237.6709,312.74414,322.99805,353.39355,372.80273,376.09863,402.83203
132,33.0,2024-05-11 13:45:00,340.0,242.98096,316.40625,326.47705,356.50635,375.3662,379.02832,408.3252
133,33.25,2024-05-11 14:00:00,341.4052,234.5581,309.63135,320.06836,355.0415,375.73242,380.12695,410.52246
134,33.5,2024-05-11 14:15:00,334.991,214.59961,293.51807,305.0537,350.09766,373.90137,377.56348,405.3955
135,33.75,2024-05-11 14:30:00,340.0,176.51367,261.1084,274.8413,342.95654,373.35205,377.56348,405.3955
136,34.0,2024-05-11 14:45:00,340.0,171.11206,256.71387,270.813,342.59033,374.08447,378.6621,407.95898
137,34.25,2024-05-11 15:00:00,325.2742,181.09131,265.31982,278.86963,343.13965,373.16895,376.83105,405.3955
138,34.5,2024-05-11 15:15:00,321.8705,156.37207,241.69922,256.53076,336.73096,370.78857,375.0,402.83203
139,34.75,2024-05-11 15:30:00,319.6275,157.2876,241.51611,255.79834,334.16748,367.67578,371.1548,396.24023
140,35.0,2024-05-11 15:45:00,327.0702,166.71753,249.02344,262.57324,333.98438,365.84473,368.95752,392.57812
141,35.25,2024-05-11 16:00:00,335.8287,184.47876,264.4043,276.85547,336.91406,365.1123,367.67578,390.01465
142,35.5,2024-05-11 16:15:00,342.1591,204.89502,282.34863,293.70117,342.40723,366.39404,368.7744,391.4795
143,35.75,2024-05-11 16:30:00,367.8522,219.17725,294.7998,305.60303,347.35107,368.2251,370.78857,394.7754
144,36.0,2024-05-11 16:45:00,376.0191,253.41797,323.54736,332.88574,360.71777,376.83105,379.76074,407.95898
145,36.25,2024-05-11 17:00:00,367.8617,271.91162,338.0127,346.61865,369.50684,383.05664,387.08496,418.9453
146,36.5,2024-05-11 17:15:00,372.4352,270.08057,335.44922,343.87207,368.4082,380.85938,384.52148,414.917
147,36.75,2024-05-11 17:30:00,362.8324,274.1089,337.8296,345.88623,370.23926,381.958,385.2539,416.38184
148,37.0,2024-05-11 17:45:00,363.0924,266.96777,330.87158,339.11133,366.57715,379.39453,382.32422,412.35352
149,37.25,2024-05-11 18:00:00,369.3018,262.39014,326.66016,335.2661,364.7461,377.9297,380.85938,411.6211
150,37.5,2024-05-11 18:15:00,342.7372,270.26367,333.43506,341.4917,367.8589,380.12695,383.42285,416.74805
151,37.75,2024-05-11 18:30:00,314.239,239.31885,307.43408,317.13867,356.87256,374.45068,377.9297,409.42383
152,38.0,2024-05-11 18:45:00,324.3361,144.74487,224.4873,239.31885,336.54785,370.05615,375.0,407.22656
153,38.25,2024-05-11 19:00:00,320.7188,136.96289,218.44482,233.45947,332.51953,365.84473,370.42236,401.7334
154,38.5,2024-05-11 19:15:00,330.3553,134.39941,216.61377,231.99463,329.95605,363.28125,368.042,399.53613
155,38.75,2024-05-11 19:30:00,329.803,158.56934,239.68506,253.60107,333.43506,362.73193,367.12646,398.8037
156,39.0,2024-05-11 19:45:00,332.2728,170.10498,250.67139,264.0381,334.8999,361.2671,365.47852,396.60645
157,39.25,2024-05-11 20:00:00,331.5909,174.49951,255.24902,268.43262,335.99854,360.71777,364.7461,396.60645
158,39.5,2024-05-11 20:15:00,340.8512,168.27393,250.30518,263.85498,335.44922,359.80225,364.19678,397.33887
159,39.75,2024-05-11 20:30:00,345.661,193.90869,273.92578,286.01074,340.94238,360.71777,364.563,398.0713
160,40.0,2024-05-11 20:45:00,341.9183,213.31787,290.9546,301.94092,345.52002,361.2671,364.9292,399.16992
161,40.25,2024-05-11 21:00:00,340.8637,206.90918,285.46143,296.99707,344.05518,359.80225,363.64746,398.4375
162,40.5,2024-05-11 21:15:00,340.8637,198.48633,278.3203,290.22217,342.40723,359.06982,362.91504,398.4375
163,40.75,2024-05-11 21:30:00,351.5463,194.2749,274.8413,287.10938,341.4917,358.5205,362.73193,399.16992
164,41.0,2024-05-11 21:45:00,340.8637,215.33203,293.70117,304.8706,346.43555,360.90088,365.1123,403.19824
165,41.25,2024-05-11 22:00:00,341.4276,198.30322,278.50342,290.40527,342.04102,357.9712,362.36572,400.26855
166,41.5,2024-05-11 22:15:00,343.3617,190.979,271.91162,284.3628,340.02686,357.42188,361.8164,400.26855
167,41.75,2024-05-11 22:30:00,346.2384,195.19043,275.57373,287.6587,340.39307,357.7881,362.18262,401.7334
168,42.0,2024-05-11 22:45:00,339.9874,210.57129,288.75732,299.92676,343.32275,359.06982,363.46436,403.93066
169,42.25,2024-05-11 23:00:00,339.431,195.73975,275.93994,287.8418,339.84375,357.42188,362.36572,404.29688
170,42.5,2024-05-11 23:15:00,339.431,179.62646,262.20703,275.20752,337.46338,357.42188,362.91504,407.22656
171,42.75,2024-05-11 23:30:00,341.4276,166.35132,251.0376,265.13672,336.18164,357.42188,363.46436,410.52246
172,43.0,2024-05-11 23:45:00,336.4259,163.60474,249.75586,264.0381,337.28027,358.5205,365.2954,414.917
173,43.25,2024-05-12 00:00:00,339.9874,140.25879,228.51562,244.4458,335.44922,360.35156,368.7744,424.07227
174,43.5,2024-05-12 00:15:00,359.9707,169.18945,256.34766,270.62988,342.95654,368.5913,378.6621,443.84766
175,43.75,2024-05-12 00:30:00,350.0,222.10693,304.8706,315.85693,349.18213,363.28125,369.50684,421.14258
176,44.0,2024-05-12 00:45:00,346.252,220.45898,303.40576,314.3921,346.80176,357.05566,362.36572,410.15625
177,44.25,2024-05-12 01:00:00,344.0,200.8667,286.37695,298.4619,342.22412,354.12598,359.06982,405.3955
178,44.5,2024-05-12 01:15:00,341.9858,181.09131,268.98193,282.34863,338.74512,352.47803,357.42188,403.19824
179,44.75,2024-05-12 01:30:00,339.9874,180.26733,268.61572,281.98242,337.64648,351.3794,355.95703,399.53613
180,45.0,2024-05-12 01:45:00,339.9874,184.11255,272.09473,285.0952,336.73096,350.28076,354.30908,395.1416
181,45.25,2024-05-12 02:00:00,339.9874,180.17578,268.79883,282.16553,335.81543,349.73145,353.75977,393.67676
182,45.5,2024-05-12 02:15:00,331.9941,176.23901,265.86914,279.41895,335.44922,349.54834,353.39355,392.57812
183,45.75,2024-05-12 02:30:00,325.5795,143.7378,236.20605,251.95312,330.87158,347.9004,352.11182,391.11328
184,46.0,2024-05-12 02:45:00,328.333,91.50696,186.95068,206.17676,324.646,345.88623,351.01318,390.01465
185,46.25,2024-05-12 03:00:00,302.4929,68.115234,164.88647,185.5774,322.99805,344.9707,349.91455,387.81738
186,46.5,2024-05-12 03:15:00,319.4644,-54.519653,41.19873,69.03076,308.1665,342.59033,349.91455,394.40918
187,46.75,2024-05-12 03:30:00,302.4929,-70.95337,24.009705,52.871704,308.71582,341.4917,348.0835,390.38086
188,47.0,2024-05-12 03:45:00,300.2766,-94.75708,-0.07143617,29.47998,300.10986,339.84375,347.35107,390.38086
189,47.25,2024-05-12 04:00:00,299.4979,-103.36304,-9.086609,20.41626,294.7998,337.8296,345.3369,387.08496
190,47.5,2024-05-12 04:15:00,301.4946,-105.10254,-11.072159,18.299103,292.78564,336.54785,343.87207,384.15527
191,47.75,2024-05-12 04:30:00,299.4979,-105.651855,-11.4097595,18.047333,294.06738,336.36475,343.50586,383.05664
192,48.0,2024-05-12 04:45:00,0.0,-106.292725,-11.352539,18.115997,293.88428,336.36475,343.68896,383.05664
193,48.25,2024-05-12 05:00:00,299.4979,-82.62634,-17.14325,-0.875473,154.63257,313.29346,324.4629,361.6333
194,48.5,2024-05-12 05:15:00,189.682,-89.58435,-22.842407,-0.90551376,261.4746,329.95605,335.99854,371.3379
195,48.75,2024-05-12 05:30:00,299.4979,-75.85144,-4.514694,13.664246,189.88037,325.92773,339.29443,385.62012
196,49.0,2024-05-12 05:45:00,304.8489,-93.063354,-16.05606,8.852005,281.98242,336.73096,344.4214,386.71875
197,49.25,2024-05-12 06:00:00,301.4946,-91.36963,-4.8322678,22.647858,301.7578,341.6748,349.73145,394.40918
198,49.5,2024-05-12 06:15:00,336.4218,-89.95056,1.5735626,29.960632,306.51855,344.6045,352.47803,395.1416
199,49.75,2024-05-12 06:30:00,331.4343,-69.39697,24.055481,53.42102,325.56152,351.5625,358.7036,401.3672
200,50.0,2024-05-12 06:45:00,339.4184,-35.17914,62.48474,90.59143,331.2378,354.6753,361.4502,402.0996
201,50.25,2024-05-12 07:00:00,329.4435,27.168274,128.35693,153.16772,337.64648,357.9712,364.01367,401.7334
202,50.5,2024-05-12 07:15:00,320.0,50.811768,153.62549,176.69678,335.63232,357.60498,363.64746,399.53613
203,50.75,2024-05-12 07:30:00,329.9958,25.405884,128.8147,153.16772,330.13916,356.50635,362.91504,400.26855
204,51.0,2024-05-12 07:45:00,342.0,51.361084,154.90723,177.70386,333.25195,358.1543,364.563,401.7334
205,51.25,2024-05-12 08:00:00,350.12,130.82886,231.81152,249.75586,343.32275,363.64746,369.87305,408.3252
206,51.5,2024-05-12 08:15:00,357.0,197.20459,291.87012,305.60303,353.75977,370.97168,378.2959,422.97363
207,51.75,2024-05-12 08:30:00,362.5444,222.65625,313.65967,326.11084,358.7036,370.78857,377.56348,421.5088
208,52.0,2024-05-12 08:45:00,353.598,234.375,322.81494,334.5337,364.19678,376.46484,384.8877,437.25586
209,52.25,2024-05-12 09:00:00,350.158,227.41699,316.40625,328.4912,361.9995,372.61963,380.49316,430.66406
210,52.5,2024-05-12 09:15:00,349.5607,218.81104,308.5327,320.9839,359.61914,371.3379,379.02832,428.4668
211,52.75,2024-05-12 09:30:00,348.0755,215.51514,305.41992,318.0542,358.3374,370.42236,377.56348,425.1709
212,53.0,2024-05-12 09:45:00,348.9304,210.7544,301.0254,313.65967,356.87256,369.87305,376.46484,422.2412
213,53.25,2024-05-12 10:00:00,325.9303,205.07812,296.08154,309.08203,355.77393,369.32373,375.3662,419.31152
214,53.5,2024-05-12 10:15:00,137.0488,123.87085,222.10693,240.05127,342.95654,367.8589,375.3662,419.67773
215,53.75,2024-05-12 10:30:00,143.5236,-97.13745,-1.7194748,24.101257,309.99756,365.47852,376.09863,430.66406
216,54.0,2024-05-12 10:45:00,323.8745,-71.0907,-6.368637,10.637283,196.28906,349.36523,365.84473,425.5371
217,54.25,2024-05-12 11:00:00,307.6324,-80.97839,-19.397736,4.709244,308.1665,373.16895,385.98633,451.17188
218,54.5,2024-05-12 11:15:00,321.9811,-87.06665,-10.110855,16.605377,311.8286,367.8589,379.39453,437.62207
219,54.75,2024-05-12 11:30:00,137.6403,-93.61267,-11.604309,16.651154,315.49072,367.12646,377.19727,430.66406
220,55.0,2024-05-12 11:45:00,320.2512,-79.055786,-5.001068,14.831543,221.1914,353.21045,366.76025,415.2832
221,55.25,2024-05-12 12:00:00,0.0,-90.4541,-24.765015,0.03129244,294.06738,362.73193,372.80273,423.33984
222,55.5,2024-05-12 12:15:00,131.9959,-59.73816,-11.924744,1.4448166,140.25879,350.46387,367.49268,420.77637
223,55.75,2024-05-12 12:30:00,261.1674,-54.473877,-15.506744,-4.0740967,127.62451,343.87207,362.36572,418.9453
224,56.0,2024-05-12 12:45:00,6.3373,-69.80896,-17.944336,1.1343956,247.37549,355.2246,368.042,424.43848
225,56.25,2024-05-12 13:00:00,69.9158,-51.818848,-11.867523,-0.7238388,107.39136,346.06934,365.66162,423.33984
226,56.5,2024-05-12 13:15:00,312.5819,-46.966553,-14.545441,-5.375862,98.7854,345.70312,366.57715,428.833
227,56.75,2024-05-12 13:30:00,347.6286,-62.301636,-13.92746,6.746292,298.2788,384.15527,400.26855,473.87695
228,57.0,2024-05-12 13:45:00,365.4148,-40.031433,34.744263,60.424805,340.57617,381.958,394.04297,454.46777
229,57.25,2024-05-12 14:00:00,323.8492,76.62964,166.35132,187.3169,355.4077,386.71875,396.60645,446.04492
230,57.5,2024-05-12 14:15:00,337.9004,2.8181076,95.76416,121.12427,339.66064,381.5918,391.8457,442.0166
231,57.75,2024-05-12 14:30:00,334.4646,-16.181946,76.95007,103.637695,336.54785,380.49316,390.74707,440.91797
232,58.0,2024-05-12 14:45:00,351.8991,-13.092041,79.696655,106.38428,335.81543,379.76074,389.28223,437.62207
233,58.25,2024-05-12 15:00:00,353.0601,63.308716,158.02002,180.26733,342.77344,380.12695,387.45117,428.4668
234,58.5,2024-05-12 15:15:00,350.0593,139.70947,232.36084,249.75586,349.73145,383.78906,390.74707,430.66406
235,58.75,2024-05-12 15:30:00,350.317,171.38672,261.2915,276.30615,351.01318,380.85938,385.98633,420.77637
236,59.0,2024-05-12 15:45:00,346.8293,185.7605,273.19336,287.29248,352.84424,381.958,387.08496,422.60742
237,59.25,2024-05-12 16:00:00,348.0621,187.86621,273.92578,287.8418,354.12598,386.71875,393.67676,435.4248
238,59.5,2024-05-12 16:15:00,348.5148,189.14795,274.4751,288.208,352.29492,381.958,387.08496,422.97363
239,59.75,2024-05-12 16:30:00,353.2047,195.55664,279.23584,292.41943,355.0415,387.45117,394.04297,436.15723
240,60.0,2024-05-12 16:45:00,352.2265,206.54297,288.0249,300.65918,355.95703,384.52148,390.01465,427.73438
241,60.25,2024-05-12 17:00:00,355.6721,211.85303,291.687,303.77197,357.7881,388.1836,394.40918,435.79102
242,60.5,2024-05-12 17:15:00,403.6492,214.4165,293.15186,305.0537,355.2246,378.6621,381.5918,410.88867
243,60.75,2024-05-12 17:30:00,337.5163,269.89746,339.29443,348.99902,378.2959,402.83203,409.79004,451.9043
244,61.0,2024-05-12 17:45:00,351.9774,206.90918,284.729,297.18018,357.23877,385.62012,390.74707,425.5371
245,61.25,2024-05-12 18:00:00,349.2191,190.24658,270.26367,283.44727,352.29492,379.76074,383.78906,415.6494
246,61.5,2024-05-12 18:15:00,352.4375,203.24707,281.79932,294.06738,353.94287,379.02832,382.69043,415.2832
247,61.75,2024-05-12 18:30:00,356.9569,214.96582,291.687,303.22266,355.77393,379.39453,383.05664,416.38184
248,62.0,2024-05-12 18:45:00,355.8966,227.6001,301.94092,312.74414,358.5205,380.49316,384.52148,418.9453
249,62.25,2024-05-12 19:00:00,361.2673,231.62842,304.8706,315.30762,358.5205,378.6621,381.958,414.18457
250,62.5,2024-05-12 19:15:00,366.3024,245.36133,315.67383,325.37842,362.54883,381.5918,385.2539,419.67773
251,62.75,2024-05-12 19:30:00,373.5431,255.61523,323.91357,333.06885,365.84473,382.32422,385.98633,420.41016
252,63.0,2024-05-12 19:45:00,370.4144,268.43262,334.16748,342.77344,371.1548,385.62012,389.64844,426.26953
253,63.25,2024-05-12 20:00:00,370.4144,266.05225,331.9702,340.57617,370.23926,384.15527,388.1836,424.43848
254,63.5,2024-05-12 20:15:00,369.5981,262.75635,329.22363,338.0127,369.32373,384.15527,387.81738,425.5371
255,63.75,2024-05-12 20:30:00,369.4865,260.7422,327.9419,336.91406,368.95752,384.15527,388.5498,428.833
256,64.0,2024-05-12 20:45:00,363.9335,257.6294,325.92773,335.083,368.2251,384.15527,388.91602,431.39648
257,64.25,2024-05-12 21:00:00,355.0795,247.19238,317.688,327.39258,364.7461,381.958,386.71875,429.93164
258,64.5,2024-05-12 21:15:00,352.3724,225.95215,299.74365,310.54688,358.3374,378.2959,383.42285,427.00195
259,64.75,2024-05-12 21:30:00,353.5467,210.20508,286.56006,298.0957,353.75977,376.46484,381.5918,426.26953
260,65.0,2024-05-12 21:45:00,354.6303,211.1206,287.8418,299.37744,353.02734,375.3662,381.2256,426.63574
261,65.25,2024-05-12 22:00:00,350.0,216.97998,293.51807,304.6875,353.57666,375.0,380.49316,427.00195
262,65.5,2024-05-12 22:15:00,349.4675,211.85303,289.30664,300.65918,351.5625,373.16895,378.6621,425.90332
263,65.75,2024-05-12 22:30:00,349.1368,202.33154,281.0669,293.15186,348.99902,371.8872,377.9297,425.5371
264,66.0,2024-05-12 22:45:00,348.6354,202.88086,281.79932,293.88428,348.4497,371.1548,377.19727,425.1709
265,66.25,2024-05-12 23:00:00,346.4633,199.21875,278.86963,291.1377,347.16797,370.42236,376.46484,425.5371
266,66.5,2024-05-12 23:15:00,346.7619,194.45801,275.0244,287.4756,345.88623,369.50684,375.73242,425.5371
267,66.75,2024-05-12 23:30:00,343.401,189.14795,270.813,283.44727,344.9707,369.14062,375.73242,426.63574
268,67.0,2024-05-12 23:45:00,342.9749,175.50659,258.72803,272.27783,343.13965,369.32373,376.83105,430.66406
269,67.25,2024-05-13 00:00:00,300.0,169.00635,253.05176,267.33398,343.32275,371.8872,380.49316,439.45312
270,67.5,2024-05-13 00:15:00,334.9916,-77.36206,7.8849792,35.29358,316.58936,397.70508,419.31152,518.5547
271,67.75,2024-05-13 00:30:00,338.7331,-72.69287,5.753517,34.14917,326.11084,383.05664,397.70508,476.80664
272,68.0,2024-05-13 00:45:00,324.4567,-29.47998,53.375244,80.29175,333.80127,376.46484,389.28223,462.1582
273,68.25,2024-05-13 01:00:00,320.1183,-43.32733,42.251587,69.67163,325.74463,370.78857,382.69043,451.17188
274,68.5,2024-05-13 01:15:00,318.8299,-68.573,17.76123,46.211243,317.8711,366.39404,377.9297,443.84766
275,68.75,2024-05-13 01:30:00,319.1713,-78.87268,7.6732635,36.506653,314.3921,362.54883,373.53516,436.15723
276,69.0,2024-05-13 01:45:00,318.2944,-81.39038,5.5789948,34.53827,313.29346,359.06982,369.14062,428.833
277,69.25,2024-05-13 02:00:00,329.4435,-83.49609,4.0311813,33.073425,311.8286,355.95703,365.2954,421.5088
278,69.5,2024-05-13 02:15:00,318.4243,-65.41443,23.014069,51.635742,318.78662,354.4922,362.36572,414.18457
279,69.75,2024-05-13 02:30:00,324.4561,-75.25635,14.144897,43.052673,313.65967,352.29492,360.53467,410.88867
280,70.0,2024-05-13 02:45:00,319.4644,-73.74573,16.181946,45.158386,314.9414,350.83008,358.1543,405.76172
281,70.25,2024-05-13 03:00:00,319.4644,-79.559326,10.831833,40.031433,312.37793,349.54834,356.87256,403.56445
282,70.5,2024-05-13 03:15:00,298.9794,-82.901,7.850647,37.216187,311.6455,348.6328,355.77393,401.00098
283,70.75,2024-05-13 03:30:00,299.4979,-102.53906,-11.026382,18.173218,297.7295,347.35107,355.95703,402.83203
284,71.0,2024-05-13 03:45:00,298.3794,-108.12378,-17.269135,11.730194,292.60254,344.7876,353.39355,399.16992
285,71.25,2024-05-13 04:00:00,298.3794,-108.76465,-18.115997,10.837555,292.05322,343.32275,351.7456,396.97266
286,71.5,2024-05-13 04:15:00,294.0023,-108.306885,-17.555237,11.444092,292.96875,342.95654,351.1963,395.87402
287,71.75,2024-05-13 04:30:00,0.0,-108.48999,-16.937256,11.901855,291.1377,342.77344,351.1963,395.87402
288,72.0,2024-05-13 04:45:00,0.0,-81.06995,-18.894196,-3.1671524,161.40747,319.70215,330.32227,368.4082
289,72.25,2024-05-13 05:00:00,0.0,-54.107666,-24.307251,-17.189026,53.100586,311.8286,326.84326,368.4082
290,72.5,2024-05-13 05:15:00,0.0,-48.52295,-26.115417,-21.194458,32.36389,309.26514,324.646,366.21094
291,72.75,2024-05-13 05:30:00,0.0,-48.38562,-26.985168,-22.613525,28.816223,306.33545,320.80078,359.80225
292,73.0,2024-05-13 05:45:00,0.0,-48.38562,-27.488708,-23.38028,26.59607,303.58887,317.50488,353.75977
293,73.25,2024-05-13 06:00:00,298.3803,-48.110962,-27.786255,-23.872375,25.154114,302.12402,315.67383,350.09766
294,73.5,2024-05-13 06:15:00,324.4561,-67.977905,-22.006989,-5.0411224,251.58691,335.083,342.22412,380.85938
295,73.75,2024-05-13 06:30:00,324.4519,-71.59424,-3.850937,20.16449,305.41992,351.01318,359.25293,406.49414
296,74.0,2024-05-13 06:45:00,299.4979,-59.23462,19.432068,45.86792,322.99805,359.80225,367.12646,411.9873
297,74.25,2024-05-13 07:00:00,319.4644,-68.618774,15.861511,42.2287,308.5327,360.35156,368.5913,410.88867
298,74.5,2024-05-13 07:15:00,303.1566,-70.3125,15.483856,43.029785,314.5752,361.9995,369.50684,410.88867
299,74.75,2024-05-13 07:30:00,296.285,-73.150635,14.144897,41.770935,310.72998,363.09814,371.7041,414.917
300,75.0,2024-05-13 07:45:00,318.8524,-76.21765,10.889053,38.406372,306.33545,363.09814,372.0703,416.74805
301,75.25,2024-05-13 08:00:00,318.3315,-67.611694,19.397736,47.836304,321.8994,366.94336,375.3662,420.77637
302,75.5,2024-05-13 08:15:00,329.9958,-53.649902,35.614014,63.949585,328.125,369.32373,377.9297,423.70605
303,75.75,2024-05-13 08:30:00,330.0,-16.284943,75.98877,102.90527,336.91406,371.8872,379.76074,423.33984
304,76.0,2024-05-13 08:45:00,325.89,24.627686,119.56787,144.104,340.02686,373.16895,380.49316,421.875
305,76.25,2024-05-13 09:00:00,201.0358,39.871216,135.86426,159.30176,338.562,372.80273,380.12695,420.41016
306,76.5,2024-05-13 09:15:00,297.2033,-79.833984,7.575989,32.226562,279.41895,361.4502,373.16895,422.60742
307,76.75,2024-05-13 09:30:00,170.5086,-75.85144,-0.4992485,24.787903,295.71533,365.1123,375.3662,424.07227
308,77.0,2024-05-13 09:45:00,0.0,-64.40735,2.9668808,21.686554,210.38818,349.91455,364.01367,414.917
309,77.25,2024-05-13 10:00:00,55.6016,-49.621582,-16.181946,-7.2841644,82.214355,323.18115,337.64648,382.32422
310,77.5,2024-05-13 10:15:00,50.2025,-42.09137,-18.356323,-12.176514,70.67871,327.57568,343.68896,393.31055
311,77.75,2024-05-13 10:30:00,6.8383,-45.08972,-21.881104,-16.044617,64.13269,326.11084,342.04102,390.38086
312,78.0,2024-05-13 10:45:00,0.0,-46.64612,-27.168274,-22.441864,43.60199,321.167,336.18164,380.49316
313,78.25,2024-05-13 11:00:00,0.0,-48.202515,-30.9906,-26.870728,35.68268,318.96973,333.61816,375.73242
314,78.5,2024-05-13 11:15:00,0.0,-49.75891,-33.668518,-29.777527,31.333923,317.32178,331.604,370.97168
315,78.75,2024-05-13 11:30:00,300.0157,-50.628662,-35.27069,-31.471252,28.335571,315.67383,329.58984,366.76025
316,79.0,2024-05-13 11:45:00,299.999,-69.03076,-34.835815,-19.683838,232.72705,346.06934,354.6753,395.1416
317,79.25,2024-05-13 12:00:00,1.8032001,-77.40784,-21.48056,-1.0643005,262.75635,350.09766,358.88672,400.26855
318,79.5,2024-05-13 12:15:00,238.86479,-57.86133,-27.786255,-18.619537,84.91516,324.646,335.99854,363.09814
319,79.75,2024-05-13 12:30:00,115.6135,-59.87549,-24.925232,-11.289597,189.88037,338.92822,348.0835,380.85938
320,80.0,2024-05-13 12:45:00,3.0629,-58.044434,-20.622253,-9.550095,112.79297,331.0547,344.9707,380.12695
321,80.25,2024-05-13 13:00:00,2.5767,-51.361084,-28.450012,-21.835327,49.53003,318.4204,332.33643,364.37988
322,80.5,2024-05-13 13:15:00,2.5697,-49.621582,-31.700134,-26.527405,39.527893,316.95557,331.4209,364.9292
323,80.75,2024-05-13 13:30:00,51.2573,-50.53711,-33.302307,-28.427124,36.117554,316.04004,330.32227,363.83057
324,81.0,2024-05-13 13:45:00,195.5861,-52.368164,-31.974792,-26.161194,52.322388,319.15283,333.80127,368.7744
325,81.25,2024-05-13 14:00:00,27.6739,-60.150146,-28.427124,-16.857147,156.37207,330.68848,341.8579,378.2959
326,81.5,2024-05-13 14:15:00,49.9778,-56.533813,-28.701782,-20.896912,59.09729,318.4204,332.33643,361.9995
327,81.75,2024-05-13 14:30:00,0.0,-52.6886,-29.823303,-23.32306,53.55835,317.688,332.15332,363.83057
328,82.0,2024-05-13 14:45:00,5.0005,-51.9104,-32.295227,-26.893616,34.469604,312.92725,327.20947,357.23877
329,82.25,2024-05-13 15:00:00,177.898,-51.727295,-33.439636,-28.450012,32.226562,312.01172,326.29395,355.95703
330,82.5,2024-05-13 15:15:00,0.3597,-57.22046,-28.816223,-18.71109,134.30786,325.92773,337.64648,371.3379
331,82.75,2024-05-13 15:30:00,173.5547,-56.533813,-31.105042,-24.169922,44.311523,312.56104,326.11084,352.11182
332,83.0,2024-05-13 15:45:00,179.8761,-57.724,-26.138306,-15.541077,134.76562,326.11084,338.0127,370.05615
333,83.25,2024-05-13 16:00:00,324.0481,-63.446045,-19.844055,-6.505966,157.01294,329.22363,341.8579,376.83105
334,83.5,2024-05-13 16:15:00,234.9712,-68.16101,-11.713028,10.471344,292.96875,359.06982,368.7744,411.9873
335,83.75,2024-05-13 16:30:00,318.2514,-75.98877,-7.99942,13.011932,246.09375,346.25244,356.32324,390.38086
336,84.0,2024-05-13 16:45:00,321.9312,-72.69287,-3.1642914,21.595001,295.89844,355.0415,362.18262,395.5078
337,84.25,2024-05-13 17:00:00,348.7865,-57.769775,21.800995,48.202515,315.30762,358.3374,364.563,395.87402
338,84.5,2024-05-13 17:15:00,333.2278,16.399384,105.19409,129.18091,334.5337,365.66162,370.60547,398.4375
339,84.75,2024-05-13 17:30:00,327.6098,24.993896,117.55371,141.26587,331.604,362.91504,367.12646,391.8457
340,85.0,2024-05-13 17:45:00,322.0108,-4.1570663,88.85193,114.349365,325.74463,359.80225,364.19678,389.64844
341,85.25,2024-05-13 18:00:00,328.3191,-33.78296,58.044434,85.28137,321.3501,357.60498,362.73193,391.11328
342,85.5,2024-05-13 18:15:00,333.862,-26.916504,64.91089,91.96472,324.8291,358.88672,364.19678,394.40918
343,85.75,2024-05-13 18:30:00,336.8078,14.156342,107.48291,132.38525,331.7871,361.4502,366.39404,396.60645
344,86.0,2024-05-13 18:45:00,341.8556,66.42151,160.67505,182.37305,336.91406,363.28125,367.49268,396.24023
345,86.25,2024-05-13 19:00:00,341.4566,116.27197,209.65576,228.14941,341.8579,365.1123,368.5913,396.60645
346,86.5,2024-05-13 19:15:00,346.459,142.5476,234.5581,251.2207,344.05518,365.84473,369.14062,397.70508
347,86.75,2024-05-13 19:30:00,352.0241,174.68262,264.0381,278.50342,347.9004,366.94336,370.05615,398.8037
348,87.0,2024-05-13 19:45:00,346.6534,203.97949,289.48975,302.12402,352.66113,368.95752,371.8872,401.7334
349,87.25,2024-05-13 20:00:00,344.6179,198.30322,283.26416,296.26465,350.64697,368.2251,371.521,403.19824
350,87.5,2024-05-13 20:15:00,343.546,187.6831,273.19336,286.56006,347.9004,367.30957,370.97168,404.29688
351,87.75,2024-05-13 20:30:00,346.6476,182.09839,267.5171,281.25,346.43555,366.76025,370.78857,405.3955
352,88.0,2024-05-13 20:45:00,342.0675,192.26074,276.48926,289.30664,347.9004,367.12646,371.1548,407.22656
353,88.25,2024-05-13 21:00:00,342.4783,180.45044,265.31982,278.86963,345.1538,366.02783,370.60547,408.6914
354,88.5,2024-05-13 21:15:00,336.9,177.88696,262.93945,276.48926,344.23828,365.2954,370.05615,409.05762
355,88.75,2024-05-13 21:30:00,342.4783,157.10449,243.53027,258.54492,340.39307,364.01367,369.32373,410.52246
356,89.0,2024-05-13 21:45:00,342.1931,167.3584,253.23486,267.33398,341.8579,364.19678,369.50684,411.6211
357,89.25,2024-05-13 22:00:00,339.9856,175.50659,260.7422,274.292,342.77344,364.01367,369.32373,412.71973
358,89.5,2024-05-13 22:15:00,335.0,173.12622,258.54492,272.27783,341.6748,363.46436,368.95752,413.08594
359,89.75,2024-05-13 22:30:00,337.0,145.75195,233.09326,248.47412,337.28027,362.36572,368.5913,415.2832
360,90.0,2024-05-13 22:45:00,337.4234,134.39941,222.83936,238.95264,336.18164,361.9995,368.5913,416.74805
361,90.25,2024-05-13 23:00:00,339.4184,129.91333,218.81104,235.47363,336.36475,361.6333,368.2251,417.84668
362,90.5,2024-05-13 23:15:00,339.9874,139.52637,228.51562,244.6289,338.0127,361.4502,367.8589,417.84668
363,90.75,2024-05-13 23:30:00,339.9874,140.99121,230.34668,246.45996,338.1958,360.90088,367.49268,417.84668
364,91.0,2024-05-13 23:45:00,331.9941,140.16724,229.98047,246.27686,338.1958,360.53467,366.94336,417.84668
365,91.25,2024-05-14 00:00:00,330.0,91.69006,183.56323,202.88086,332.88574,359.25293,366.76025,421.14258
366,91.5,2024-05-14 00:15:00,339.9874,-105.651855,-15.312195,14.9002075,310.36377,365.47852,379.39453,453.00293
367,91.75,2024-05-14 00:30:00,340.442,-92.33093,-6.0710907,24.650574,326.47705,365.66162,376.83105,446.77734
368,92.0,2024-05-14 00:45:00,340.0,-69.992065,18.299103,48.477173,331.4209,361.8164,371.7041,438.7207
369,92.25,2024-05-14 01:00:00,342.9849,-64.315796,25.749207,55.755615,331.7871,359.43604,368.4082,432.1289
370,92.5,2024-05-14 01:15:00,339.9874,-59.005737,32.226562,62.072754,332.33643,357.7881,366.21094,426.63574
371,92.75,2024-05-14 01:30:00,340.0,-63.26294,28.61023,58.685303,330.87158,356.14014,364.01367,422.60742
372,93.0,2024-05-14 01:45:00,331.4444,-66.101074,26.275635,56.533813,330.13916,354.6753,362.36572,419.31152
373,93.25,2024-05-14 02:00:00,331.4385,-87.890625,4.640579,35.77423,324.8291,352.84424,360.53467,417.11426
374,93.5,2024-05-14 02:15:00,329.4435,-96.03882,-3.376007,28.015137,322.44873,351.1963,358.7036,413.81836
375,93.75,2024-05-14 02:30:00,329.9958,-105.19409,-12.22229,19.477844,319.88525,350.09766,357.60498,412.35352
376,94.0,2024-05-14 02:45:00,325.7694,-110.321045,-17.00592,14.93454,319.15283,349.18213,356.68945,410.15625
377,94.25,2024-05-14 03:00:00,319.4644,-113.43384,-19.626617,12.325287,317.32178,348.0835,355.4077,407.95898
378,94.5,2024-05-14 03:15:00,310.4795,-118.56079,-24.33014,7.461548,312.74414,346.98486,354.4922,405.76172
379,94.75,2024-05-14 03:30:00,309.611,-123.7793,-28.953552,2.368927,305.41992,345.70312,353.57666,403.93066
380,95.0,2024-05-14 03:45:00,304.8489,-124.694824,-30.258179,0.7982254,302.67334,344.4214,352.29492,401.00098
381,95.25,2024-05-14 04:00:00,299.4979,-124.053955,-29.411316,1.2209415,299.19434,344.05518,352.11182,400.63477
382,95.5,2024-05-14 04:15:00,314.4728,-122.95532,-28.244019,1.8911362,295.16602,343.87207,352.11182,400.26855
383,95.75,2024-05-14 04:30:00,314.4728,-123.59619,-29.571533,1.3661385,304.3213,344.6045,352.29492,399.53613
384,96.0,2024-05-14 04:45:00,302.4929,-122.95532,-27.557373,3.7879944,308.5327,346.06934,353.75977,401.7334
385,96.25,2024-05-14 05:00:00,300.3347,-123.046875,-26.252747,4.594803,303.58887,345.88623,353.75977,401.00098
386,96.5,2024-05-14 05:15:00,299.4979,-122.58911,-26.138306,4.383087,300.8423,344.9707,352.84424,398.8037
387,96.75,2024-05-14 05:30:00,302.8523,-121.398926,-25.177002,5.2042007,300.65918,345.3369,353.39355,399.16992
388,97.0,2024-05-14 05:45:00,319.4644,-120.4834,-24.513245,6.105423,304.13818,346.80176,354.6753,400.63477
389,97.25,2024-05-14 06:00:00,319.4644,-115.17334,-20.267487,11.232376,316.40625,350.64697,357.9712,404.6631
390,97.5,2024-05-14 06:15:00,339.4142,-104.18701,-8.857727,22.636414,322.26562,354.4922,362.36572,409.79004
391,97.75,2024-05-14 06:30:00,329.4393,-66.51306,29.273987,59.829712,335.63232,360.16846,367.30957,414.18457
392,98.0,2024-05-14 06:45:00,329.4477,-43.899536,53.466797,82.717896,336.91406,362.91504,370.23926,416.74805
393,98.25,2024-05-14 07:00:00,329.4477,-31.402588,66.69617,95.03174,336.73096,363.83057,371.1548,416.38184
394,98.5,2024-05-14 07:15:00,319.4644,-21.308899,76.85852,104.55322,337.09717,365.1123,372.43652,417.84668
395,98.75,2024-05-14 07:30:00,320.0,-40.603638,56.625366,85.006714,333.25195,365.2954,373.35205,420.77637
396,99.0,2024-05-14 07:45:00,320.0,-45.36438,50.720215,79.193115,332.15332,365.47852,373.71826,421.14258
397,99.25,2024-05-14 08:00:00,329.9958,-42.57202,52.597046,80.74951,332.88574,366.57715,375.0,422.97363
398,99.5,2024-05-14 08:15:00,328.34,9.086609,104.91943,130.18799,339.84375,368.4082,375.73242,420.77637
399,99.75,2024-05-14 08:30:00,332.1263,73.013306,169.281,190.42969,343.13965,369.50684,376.09863,418.2129
400,100.0,2024-05-14 08:45:00,330.0142,130.18799,224.85352,241.88232,345.3369,369.87305,375.73242,414.917
401,100.25,2024-05-14 09:00:00,319.994,153.44238,246.09375,261.2915,345.1538,369.87305,375.3662,414.18457
402,100.5,2024-05-14 09:15:00,321.6468,119.11011,212.95166,229.98047,338.92822,369.14062,375.73242,416.74805
403,100.75,2024-05-14 09:30:00,323.8948,106.292725,199.95117,217.7124,336.54785,367.8589,374.26758,414.55078
404,101.0,2024-05-14 09:45:00,314.6737,104.91943,198.12012,215.88135,336.54785,367.8589,374.08447,413.45215
405,101.25,2024-05-14 10:00:00,293.8316,47.836304,141.26587,162.59766,331.2378,366.94336,374.26758,416.74805
406,101.5,2024-05-14 10:15:00,122.9204,-73.10486,15.850067,43.762207,318.0542,366.21094,376.09863,427.73438
407,101.75,2024-05-14 10:30:00,0.0,-85.739136,-6.3114166,14.73999,253.41797,347.53418,357.9712,406.12793
408,102.0,2024-05-14 10:45:00,62.5864,-59.09729,-18.96286,-8.657455,127.075195,327.02637,340.39307,387.45117
409,102.25,2024-05-14 11:00:00,49.844696,-43.35022,-20.210266,-13.847351,80.337524,331.4209,348.2666,401.00098
410,102.5,2024-05-14 11:15:00,221.6712,-46.875,-24.284363,-18.26477,64.04114,328.4912,344.7876,395.1416
411,102.75,2024-05-14 11:30:00,10.4951,-63.537598,-26.939392,-13.389587,195.73975,340.94238,352.29492,402.0996
412,103.0,2024-05-14 11:45:00,325.4993,-53.100586,-26.59607,-19.168854,58.31909,325.74463,340.39307,382.32422
413,103.25,2024-05-14 12:00:00,0.0,-62.301636,-20.587921,-1.9283295,273.19336,358.5205,367.12646,410.88867
414,103.5,2024-05-14 12:15:00,204.58072,-50.445557,-23.735046,-14.68277,89.035034,333.06885,347.16797,385.98633
415,103.75,2024-05-14 12:30:00,317.2213,-54.977417,-21.526337,-8.588791,177.52075,333.43506,343.87207,379.76074
416,104.0,2024-05-14 12:45:00,304.7959,-57.128906,-2.9382706,18.882751,296.08154,359.61914,368.5913,412.71973
417,104.25,2024-05-14 13:00:00,35.1686,-55.984497,14.556885,39.04724,307.8003,359.61914,367.12646,405.76172
418,104.5,2024-05-14 13:15:00,335.5278,-72.509766,-15.907288,-0.14188886,184.66187,332.51953,341.6748,368.2251
419,104.75,2024-05-14 13:30:00,353.9893,-45.959473,6.494522,27.923584,302.30713,363.64746,369.87305,401.3672
420,105.0,2024-05-14 13:45:00,309.2597,40.55786,117.370605,138.61084,342.40723,375.3662,381.2256,414.917
421,105.25,2024-05-14 14:00:00,223.896,-64.40735,15.026093,42.045593,316.77246,364.19678,369.87305,401.00098
422,105.5,2024-05-14 14:15:00,315.0969,-86.10535,-9.086609,14.202118,256.89697,350.64697,359.43604,390.01465
423,105.75,2024-05-14 14:30:00,343.9625,-75.71411,-7.99942,17.772675,299.01123,358.3374,364.9292,398.8037
424,106.0,2024-05-14 14:45:00,342.0051,11.358261,93.20068,117.09595,333.80127,369.14062,375.0,407.59277
425,106.25,2024-05-14 15:00:00,337.9172,72.92175,160.40039,180.9082,336.91406,369.50684,373.90137,400.63477
426,106.5,2024-05-14 15:15:00,328.8675,104.46167,192.81006,211.48682,337.09717,369.14062,372.43652,395.5078
427,106.75,2024-05-14 15:30:00,340.0653,109.680176,198.12012,216.43066,335.81543,368.4082,371.521,394.04297
428,107.0,2024-05-14 15:45:00,342.2889,154.08325,240.60059,256.16455,341.4917,370.78857,373.35205,395.1416
429,107.25,2024-05-14 16:00:00,351.3977,179.62646,263.85498,277.5879,345.1538,372.61963,374.8169,396.97266
430,107.5,2024-05-14 16:15:00,341.6426,209.83887,290.40527,302.30713,351.1963,375.73242,377.56348,400.63477
431,107.75,2024-05-14 16:30:00,349.2042,197.7539,278.50342,291.1377,348.2666,375.0,377.56348,401.00098
432,108.0,2024-05-14 16:45:00,350.7769,208.37402,287.29248,299.19434,350.46387,375.73242,377.9297,401.7334
433,108.25,2024-05-14 17:00:00,388.253,216.79688,294.2505,305.41992,352.66113,376.83105,379.02832,403.19824
434,108.5,2024-05-14 17:15:00,357.067,267.33398,336.91406,345.88623,371.3379,390.74707,394.40918,425.5371
435,108.75,2024-05-14 17:30:00,337.6489,251.58691,322.26562,331.7871,364.563,385.2539,388.1836,417.48047
436,109.0,2024-05-14 17:45:00,329.7695,191.34521,268.61572,281.4331,350.46387,379.39453,383.05664,411.9873
437,109.25,2024-05-14 18:00:00,334.3155,142.82227,223.93799,239.68506,342.40723,375.3662,379.39453,408.3252
438,109.5,2024-05-14 18:15:00,333.9574,150.05493,231.2622,246.27686,342.59033,373.71826,377.56348,406.49414
439,109.75,2024-05-14 18:30:00,341.1833,155.82275,236.57227,251.40381,342.40723,372.80273,376.46484,406.12793
440,110.0,2024-05-14 18:45:00,348.9643,187.40845,265.86914,278.50342,346.61865,372.98584,376.09863,405.3955
441,110.25,2024-05-14 19:00:00,349.7095,221.74072,296.26465,306.88477,352.84424,374.26758,376.83105,405.76172
442,110.5,2024-05-14 19:15:00,377.3286,232.91016,305.41992,315.30762,355.2246,374.6338,377.19727,406.49414
443,110.75,2024-05-14 19:30:00,358.8352,273.92578,339.66064,347.35107,369.87305,384.8877,388.1836,421.875
444,111.0,2024-05-14 19:45:00,378.4587,264.9536,331.2378,339.29443,366.21094,380.85938,383.78906,416.74805
445,111.25,2024-05-14 20:00:00,351.0528,282.53174,344.9707,352.11182,373.71826,385.98633,388.91602,424.8047
446,111.5,2024-05-14 20:15:00,349.261,252.31934,318.96973,327.57568,362.54883,379.39453,382.69043,417.48047
447,111.75,2024-05-14 20:30:00,347.2576,223.75488,294.4336,304.5044,355.59082,376.46484,379.76074,415.2832
448,112.0,2024-05-14 20:45:00,346.1137,208.00781,280.8838,292.05322,352.11182,374.45068,378.2959,415.6494
449,112.25,2024-05-14 21:00:00,342.4623,197.20459,271.72852,283.63037,349.91455,372.98584,377.19727,416.01562
450,112.5,2024-05-14 21:15:00,342.5444,174.95728,251.95312,265.31982,346.43555,371.521,376.46484,417.48047
451,112.75,2024-05-14 21:30:00,343.555,162.68921,241.1499,255.24902,345.1538,370.42236,375.73242,418.9453
452,113.0,2024-05-14 21:45:00,346.8756,160.03418,239.13574,253.60107,345.3369,369.68994,375.3662,420.04395
453,113.25,2024-05-14 22:00:00,350.6179,171.38672,250.30518,264.0381,347.35107,369.50684,374.8169,420.41016
454,113.5,2024-05-14 22:15:00,340.6252,189.69727,267.5171,279.96826,349.91455,369.50684,374.45068,420.41016
455,113.75,2024-05-14 22:30:00,340.6253,160.85815,240.9668,255.43213,344.9707,367.12646,372.80273,420.41016
456,114.0,2024-05-14 22:45:00,341.9858,145.56885,226.86768,242.43164,342.40723,365.84473,371.521,419.31152
457,114.25,2024-05-14 23:00:00,344.6008,133.02612,215.33203,231.62842,341.1255,364.9292,370.78857,420.04395
458,114.5,2024-05-14 23:15:00,340.0,143.7378,225.76904,241.51611,342.40723,364.563,370.23926,419.31152
459,114.75,2024-05-14 23:30:00,340.4389,127.89917,211.1206,227.6001,339.84375,363.09814,368.95752,418.5791
460,115.0,2024-05-14 23:45:00,335.0,113.342285,197.5708,215.14893,338.0127,361.9995,368.042,418.2129
461,115.25,2024-05-15 00:00:00,314.8722,67.42859,152.98462,173.67554,333.80127,361.08398,368.042,421.14258
462,115.5,2024-05-15 00:15:00,336.7828,-83.54187,1.1909008,30.189514,315.1245,362.54883,373.53516,437.98828
463,115.75,2024-05-15 00:30:00,330.0,-28.930664,55.57251,82.26013,330.32227,362.91504,371.3379,429.56543
464,116.0,2024-05-15 00:45:00,331.1479,-14.019012,71.502686,97.41211,328.4912,358.3374,365.84473,420.77637
465,116.25,2024-05-15 01:00:00,330.0,-10.150909,76.85852,102.44751,327.39258,356.32324,363.28125,414.917
466,116.5,2024-05-15 01:15:00,330.0,-15.735626,72.052,97.961426,325.56152,354.30908,360.90088,410.15625
467,116.75,2024-05-15 01:30:00,330.0,-10.723114,77.91138,103.54614,325.56152,352.84424,358.7036,405.76172
468,117.0,2024-05-15 01:45:00,325.0,-3.9253235,85.510254,110.687256,325.56152,351.3794,356.87256,401.3672
469,117.25,2024-05-15 02:00:00,319.4644,-24.284363,65.460205,91.78162,322.08252,349.73145,355.4077,399.53613
470,117.5,2024-05-15 02:15:00,319.4644,-55.343628,34.40094,62.39319,317.32178,348.0835,354.12598,398.4375
471,117.75,2024-05-15 02:30:00,314.4728,-74.47815,15.266418,44.197083,314.5752,346.98486,353.02734,397.33887
472,118.0,2024-05-15 02:45:00,309.611,-92.28516,-2.3903847,27.282715,310.72998,345.88623,352.47803,396.97266
473,118.25,2024-05-15 03:00:00,299.4979,-102.996826,-12.805939,17.08603,306.51855,344.4214,351.01318,395.1416
474,118.5,2024-05-15 03:15:00,299.4979,-111.51123,-20.9198,8.680344,298.64502,342.95654,350.09766,393.31055
475,118.75,2024-05-15 03:30:00,299.6177,-112.976074,-22.68219,6.626129,295.34912,341.4917,348.6328,390.74707
476,119.0,2024-05-15 03:45:00,296.2833,-111.87744,-21.743774,7.4329376,294.6167,340.94238,347.9004,389.28223
477,119.25,2024-05-15 04:00:00,299.6177,-111.23657,-20.736694,8.188248,292.60254,340.75928,347.9004,388.5498
478,119.5,2024-05-15 04:15:00,199.6653,-110.04639,-19.638062,9.366989,294.2505,340.75928,347.9004,387.45117
479,119.75,2024-05-15 04:30:00,190.01831,-96.67969,-8.857727,14.087677,236.38916,334.3506,345.3369,385.98633
480,120.0,2024-05-15 04:45:00,259.1985,-83.358765,-8.005142,10.843277,191.89453,325.37842,337.46338,376.46484
481,120.25,2024-05-15 05:00:00,0.0,-89.538574,-13.847351,8.640289,248.65723,331.4209,340.39307,380.12695
482,120.5,2024-05-15 05:15:00,206.6536,-67.29126,-18.321991,-6.706238,101.257324,310.36377,322.81494,357.42188
483,120.75,2024-05-15 05:30:00,0.0,-65.04822,-10.076523,4.6720505,185.21118,320.61768,330.87158,365.2954
484,121.0,2024-05-15 05:45:00,0.0,-56.57959,-21.125793,-13.103485,57.22046,304.8706,318.2373,350.83008
485,121.25,2024-05-15 06:00:00,0.0,-49.89624,-24.513245,-19.569397,32.798767,299.92676,313.47656,344.23828
486,121.5,2024-05-15 06:15:00,299.4979,-48.66028,-26.229858,-22.17865,25.222778,297.18018,310.36377,340.02686
487,121.75,2024-05-15 06:30:00,299.4979,-64.04114,-17.20047,0.16012788,262.20703,336.36475,343.13965,378.2959
488,122.0,2024-05-15 06:45:00,296.2833,-70.77026,-1.6608238,21.377563,293.15186,346.43555,353.21045,392.2119
489,122.25,2024-05-15 07:00:00,299.4979,-73.37952,5.4416656,30.37262,299.19434,351.9287,358.7036,394.40918
490,122.5,2024-05-15 07:15:00,0.0,-74.798584,7.833481,33.53119,299.56055,355.4077,362.54883,398.0713
491,122.75,2024-05-15 07:30:00,310.0,-69.30542,-12.325287,1.8353462,168.64014,324.2798,332.51953,359.98535
492,123.0,2024-05-15 07:45:00,202.0,-58.181763,-3.0269623,16.857147,282.16553,351.9287,357.42188,388.91602
493,123.25,2024-05-15 08:00:00,320.0,-60.37903,4.963875,22.899628,224.1211,347.7173,359.43604,401.3672
494,123.5,2024-05-15 08:15:00,286.6326,-63.12561,6.603241,31.333923,315.49072,366.02783,373.90137,416.74805
495,123.75,2024-05-15 08:30:00,300.6432,-65.55176,14.305115,39.665222,308.71582,365.47852,374.26758,418.2129
496,124.0,2024-05-15 08:45:00,0.0,-67.337036,15.117645,41.290283,311.4624,364.01367,371.7041,411.9873
497,124.25,2024-05-15 09:00:00,0.0102,-69.5343,-8.1653595,7.2669983,195.00732,332.51953,340.75928,372.61963
498,124.5,2024-05-15 09:15:00,300.4766,-39.756775,-16.857147,-11.358261,64.590454,322.08252,336.73096,375.73242
499,124.75,2024-05-15 09:30:00,243.15591,-45.547485,-4.6606064,12.313843,279.60205,360.90088,369.14062,411.25488
500,125.0,2024-05-15 09:45:00,203.2388,-58.95996,2.8982162,21.697998,252.68555,355.59082,366.02783,409.79004
501,125.25,2024-05-15 10:00:00,44.0937,-59.783936,0.69594383,17.131805,202.69775,346.98486,359.06982,399.90234
502,125.5,2024-05-15 10:15:00,56.798496,-49.072266,-14.156342,-5.5274963,84.4574,326.47705,340.02686,376.83105
503,125.75,2024-05-15 10:30:00,15.0192,-42.96112,-17.3378,-11.266708,64.590454,325.1953,340.20996,379.39453
504,126.0,2024-05-15 10:45:00,56.219,-45.661926,-23.139954,-18.138885,42.045593,320.06836,334.7168,371.3379
505,126.25,2024-05-15 11:00:00,100.56729,-50.491333,-24.810791,-18.985748,54.382324,321.167,335.81543,372.43652
506,126.5,2024-05-15 11:15:00,64.2274,-56.030273,-24.490356,-16.834259,76.034546,322.99805,337.28027,374.6338
507,126.75,2024-05-15 11:30:00,62.1249,-56.396484,-25.9552,-18.917084,53.19214,318.78662,333.43506,368.042
508,127.0,2024-05-15 11:45:00,315.9041,-55.160522,-26.481628,-19.763947,50.720215,316.58936,331.0547,364.19678
509,127.25,2024-05-15 12:00:00,15.6962,-63.171387,-17.749786,1.2996197,269.34814,352.11182,360.53467,398.4375
510,127.5,2024-05-15 12:15:00,15.7861,-54.382324,-22.499084,-12.9776,88.94348,327.20947,340.39307,368.95752
511,127.75,2024-05-15 12:30:00,329.519,-49.072266,-29.090881,-23.426056,41.97693,312.37793,326.29395,351.1963
512,128.0,2024-05-15 12:45:00,274.7256,-48.477173,-6.591797,12.737274,291.687,359.61914,366.39404,396.60645
513,128.25,2024-05-15 13:00:00,298.6217,-74.24927,-9.012222,13.618469,278.3203,350.83008,357.23877,384.52148
514,128.5,2024-05-15 13:15:00,300.9317,-83.99963,-11.329651,13.67569,287.8418,351.01318,356.32324,380.12695
515,128.75,2024-05-15 13:30:00,337.6086,-90.4541,-13.332367,13.42392,294.6167,353.75977,359.25293,385.62012
516,129.0,2024-05-15 13:45:00,314.5056,-73.37952,8.7890625,37.353516,320.25146,363.09814,368.5913,398.4375
517,129.25,2024-05-15 14:00:00,319.378,-90.82031,-6.6890717,22.73941,312.01172,359.98535,365.2954,394.7754
518,129.5,2024-05-15 14:15:00,261.4393,-88.57727,-4.631996,24.765015,311.0962,358.1543,363.28125,391.4795
519,129.75,2024-05-15 14:30:00,33.0623,-93.566895,-10.145187,16.868591,281.4331,351.5625,358.7036,387.45117
520,130.0,2024-05-15 14:45:00,315.4498,-72.46399,-9.1609955,7.2956085,176.87988,325.0122,333.61816,352.84424
521,130.25,2024-05-15 15:00:00,111.0713,-23.895264,34.996033,55.847168,297.7295,353.75977,357.23877,377.19727
522,130.5,2024-05-15 15:15:00,313.5927,-65.73486,-6.626129,10.20813,177.15454,336.54785,347.9004,374.8169
523,130.75,2024-05-15 15:30:00,310.0,-44.21997,18.882751,41.97693,303.95508,355.95703,360.35156,382.69043
524,131.0,2024-05-15 15:45:00,301.8314,-40.008545,41.19873,66.833496,318.78662,356.50635,360.35156,381.958
525,131.25,2024-05-15 16:00:00,307.4085,-79.330444,5.9108734,34.080505,311.8286,353.21045,357.42188,378.2959
526,131.5,2024-05-15 16:15:00,191.5375,-85.55603,0.27751923,29.11377,311.8286,353.21045,357.42188,379.39453
527,131.75,2024-05-15 16:30:00,102.8755,-88.57727,-3.7078857,20.02716,254.88281,343.13965,351.1963,373.90137
528,132.0,2024-05-15 16:45:00,148.4856,-67.19971,-8.766174,6.5631866,150.6958,323.36426,334.8999,357.9712
529,132.25,2024-05-15 17:00:00,284.1025,-57.31201,-8.131027,5.9165955,147.67456,326.47705,339.47754,369.68994
530,132.5,2024-05-15 17:15:00,303.426,-64.27002,-3.8223267,18.65387,282.34863,348.0835,355.4077,388.1836
531,132.75,2024-05-15 17:30:00,50.539997,-66.92505,11.398315,37.513733,308.1665,350.64697,356.14014,384.15527
532,133.0,2024-05-15 17:45:00,0.0,-78.689575,-9.813309,7.97081,199.03564,325.74463,332.70264,345.70312
533,133.25,2024-05-15 18:00:00,0.0,-52.459717,-21.022797,-12.863159,64.819336,310.18066,322.63184,340.57617
534,133.5,2024-05-15 18:15:00,0.0,-46.463013,-23.414612,-17.486572,37.03308,311.4624,325.37842,348.2666
535,133.75,2024-05-15 18:30:00,135.8267,-47.332764,-24.07837,-18.356323,32.707214,311.8286,325.92773,350.64697
536,134.0,2024-05-15 18:45:00,276.1996,-52.139282,-17.189026,-6.958008,123.13843,322.63184,335.083,365.84473
537,134.25,2024-05-15 19:00:00,298.2427,-65.093994,-10.557175,9.25827,265.13672,344.6045,353.02734,390.01465
538,134.5,2024-05-15 19:15:00,316.1372,-71.640015,1.5435219,25.84076,297.18018,348.0835,354.4922,386.35254
539,134.75,2024-05-15 19:30:00,314.7781,-65.18555,16.719818,42.96112,312.01172,349.91455,354.4922,380.49316
540,135.0,2024-05-15 19:45:00,310.874,-67.29126,19.535065,46.875,313.47656,348.4497,352.11182,373.90137
541,135.25,2024-05-15 20:00:00,311.1383,-77.8656,10.99205,39.161682,309.81445,346.61865,350.28076,371.8872
542,135.5,2024-05-15 20:15:00,312.8082,-84.91516,4.634857,33.348083,307.8003,345.88623,350.09766,373.16895
543,135.75,2024-05-15 20:30:00,308.2466,-86.60889,3.5476685,32.707214,309.63135,346.06934,350.46387,376.09863
544,136.0,2024-05-15 20:45:00,302.2161,-92.37671,-1.2316704,28.22113,307.6172,345.1538,350.09766,377.56348
545,136.25,2024-05-15 21:00:00,303.3454,-99.15161,-7.4501038,21.995544,302.49023,343.68896,349.54834,379.39453
546,136.5,2024-05-15 21:15:00,301.2234,-101.44043,-9.830475,19.683838,301.94092,343.50586,349.91455,381.958
547,136.75,2024-05-15 21:30:00,322.7254,-102.264404,-10.522842,19.008636,301.3916,342.95654,349.36523,383.05664
548,137.0,2024-05-15 21:45:00,314.8936,-85.05249,6.4487457,36.16333,315.85693,346.06934,351.5625,385.98633
549,137.25,2024-05-15 22:00:00,318.8465,-93.01758,0.26893616,30.395508,312.92725,345.1538,351.01318,386.35254
550,137.5,2024-05-15 22:15:00,313.8647,-96.67969,-3.2014847,27.145386,312.74414,345.52002,351.5625,388.5498
551,137.75,2024-05-15 22:30:00,313.8702,-103.08838,-9.235382,21.28601,309.99756,345.1538,351.7456,391.11328
552,138.0,2024-05-15 22:45:00,310.6201,-105.651855,-11.810303,18.791199,309.44824,345.1538,352.29492,394.04297
553,138.25,2024-05-15 23:00:00,313.8915,-108.673096,-14.533997,16.05606,307.25098,344.7876,352.11182,395.87402
554,138.5,2024-05-15 23:15:00,312.4701,-106.93359,-13.092041,17.56668,309.26514,344.4214,351.5625,396.24023
555,138.75,2024-05-15 23:30:00,309.603,-109.13086,-14.68277,16.021729,307.8003,343.68896,351.01318,396.60645
556,139.0,2024-05-15 23:45:00,304.78,-112.701416,-17.978668,12.691498,305.60303,344.05518,351.9287,399.16992
557,139.25,2024-05-16 00:00:00,304.78,-116.91284,-21.743774,8.749008,301.0254,343.50586,351.9287,401.00098
558,139.5,2024-05-16 00:15:00,331.9941,-116.363525,-21.629333,9.51004,308.71582,345.1538,353.39355,404.6631
559,139.75,2024-05-16 00:30:00,330.0,-82.717896,12.851715,43.624878,325.0122,349.73145,357.23877,409.05762
560,140.0,2024-05-16 00:45:00,327.0,-71.502686,25.794983,56.21338,325.74463,348.4497,355.4077,405.76172
561,140.25,2024-05-16 01:00:00,328.34,-80.703735,17.3378,48.15674,322.81494,347.53418,354.4922,404.29688
562,140.5,2024-05-16 01:15:00,327.0,-86.15112,12.050629,43.121338,321.7163,347.53418,354.6753,405.0293
563,140.75,2024-05-16 01:30:00,325.89,-87.43286,10.820389,41.95404,321.3501,347.53418,354.4922,405.3955
564,141.0,2024-05-16 01:45:00,319.6741,-90.22522,8.108139,39.344788,320.43457,347.16797,354.30908,405.3955
565,141.25,2024-05-16 02:00:00,319.4644,-102.35596,-3.8909912,27.71759,316.58936,346.25244,353.75977,405.0293
566,141.5,2024-05-16 02:15:00,319.4644,-108.03223,-9.687424,22.029877,314.5752,345.70312,353.21045,404.29688
567,141.75,2024-05-16 02:30:00,309.4812,-110.13794,-11.936188,19.809723,313.84277,345.52002,353.02734,403.93066
568,142.0,2024-05-16 02:45:00,300.3347,-120.025635,-21.297455,10.385513,307.43408,344.6045,352.66113,403.56445
569,142.25,2024-05-16 03:00:00,299.4979,-125.701904,-26.84784,4.3144226,299.37744,343.13965,351.7456,402.0996
570,142.5,2024-05-16 03:15:00,299.4979,-126.068115,-27.923584,2.8452873,296.08154,342.04102,350.64697,399.90234
571,142.75,2024-05-16 03:30:00,299.4979,-124.78638,-27.145386,3.4704208,295.71533,341.3086,349.73145,397.70508
572,143.0,2024-05-16 03:45:00,292.29,-123.13843,-25.543213,4.9467087,295.89844,342.22412,350.83008,399.16992
573,143.25,2024-05-16 04:00:00,249.5816,-121.76514,-23.757935,6.1683655,291.1377,342.22412,351.3794,399.53613
574,143.5,2024-05-16 04:15:00,199.6653,-112.42676,-15.083313,11.632919,261.1084,339.47754,350.83008,399.53613
575,143.75,2024-05-16 04:30:00,200.5021,-98.51074,-10.694504,11.295319,210.57129,330.13916,343.32275,390.38086
576,144.0,2024-05-16 04:45:00,0.8368,-89.99634,-9.647369,10.322571,195.55664,327.7588,341.4917,388.91602
577,144.25,2024-05-16 05:00:00,201.66188,-72.60132,-23.780823,-13.000488,67.93213,304.8706,319.15283,359.61914
578,144.5,2024-05-16 05:15:00,0.0,-74.020386,-15.529633,-0.5221367,177.2461,320.80078,332.33643,373.90137
579,144.75,2024-05-16 05:30:00,259.5649,-65.460205,-25.909424,-17.25769,52.91748,303.95508,318.0542,355.59082
580,145.0,2024-05-16 05:45:00,291.8707,-79.559326,-21.755219,-3.9081573,233.27637,327.7588,335.63232,373.35205
581,145.25,2024-05-16 06:00:00,300.9654,-90.22522,-13.069153,10.677338,277.5879,339.84375,348.6328,394.04297
582,145.5,2024-05-16 06:15:00,309.4812,-93.29224,-7.5359344,19.15741,299.01123,349.54834,358.1543,403.56445
583,145.75,2024-05-16 06:30:00,301.4946,-92.65137,-2.2859573,25.772095,307.6172,355.59082,364.37988,409.79004
584,146.0,2024-05-16 06:45:00,309.4812,-92.9718,-0.070273876,28.129578,305.0537,358.1543,367.30957,412.71973
585,146.25,2024-05-16 07:00:00,300.2766,-92.65137,0.30863285,29.182434,310.9131,360.53467,369.50684,415.2832
586,146.5,2024-05-16 07:15:00,249.71141,-92.1936,1.7037392,30.418396,309.08203,362.18262,371.8872,419.31152
587,146.75,2024-05-16 07:30:00,303.0,-88.027954,4.3287277,29.891968,277.4048,357.60498,369.14062,417.11426
588,147.0,2024-05-16 07:45:00,302.47,-89.17236,-2.2759438,25.177002,303.77197,362.54883,372.43652,420.41016
589,147.25,2024-05-16 08:00:00,320.0,-87.06665,3.0555725,31.49414,314.20898,366.94336,377.19727,428.1006
590,147.5,2024-05-16 08:15:00,319.994,-79.28467,12.451172,41.908264,328.3081,370.97168,380.85938,431.39648
591,147.75,2024-05-16 08:30:00,319.994,-67.74902,26.3443,55.664062,332.15332,372.25342,381.5918,431.39648
592,148.0,2024-05-16 08:45:00,314.9961,-61.843872,33.233643,62.25586,332.15332,372.25342,381.2256,429.56543
593,148.25,2024-05-16 09:00:00,309.9982,-63.949585,30.807495,59.692383,329.40674,371.521,380.49316,428.1006
594,148.5,2024-05-16 09:15:00,319.994,-72.37244,21.148682,50.03357,324.8291,370.78857,380.12695,428.1006
595,148.75,2024-05-16 09:30:00,329.9898,-65.41443,26.756287,55.43518,328.67432,371.7041,380.85938,428.1006
596,149.0,2024-05-16 09:45:00,332.5302,-47.10388,45.73059,73.92883,335.2661,373.90137,382.69043,429.56543
597,149.25,2024-05-16 10:00:00,340.131,-29.067993,65.093994,92.46826,338.3789,374.6338,383.05664,429.19922
598,149.5,2024-05-16 10:15:00,330.2297,-3.4275055,92.056274,118.19458,342.04102,375.73242,383.78906,428.4668
599,149.75,2024-05-16 10:30:00,184.1491,-41.08429,53.009033,81.11572,336.36475,374.6338,383.42285,431.03027
600,150.0,2024-05-16 10:45:00,316.3662,-87.34131,2.6249886,26.664734,279.23584,360.53467,371.521,420.41016
601,150.25,2024-05-16 11:00:00,318.4301,-85.96802,-13.698578,12.073517,308.3496,368.042,377.9297,429.56543
602,150.5,2024-05-16 11:15:00,315.4307,-97.229004,-17.76123,10.580063,316.95557,369.32373,379.39453,433.95996
603,150.75,2024-05-16 11:30:00,337.8541,-109.954834,-26.184082,2.1185875,301.2085,366.21094,376.83105,429.93164
604,151.0,2024-05-16 11:45:00,337.5998,-125.24414,-42.48047,-12.92038,303.40576,363.28125,372.80273,424.43848
605,151.25,2024-05-16 12:00:00,201.4943,-134.30786,-51.086426,-20.61081,303.58887,363.64746,373.16895,426.63574
606,151.5,2024-05-16 12:15:00,336.071,-94.75708,-12.130737,10.345459,237.6709,357.42188,371.1548,424.07227
607,151.75,2024-05-16 12:30:00,327.7555,-93.933105,-23.12851,4.254341,311.2793,366.76025,377.56348,433.22754
608,152.0,2024-05-16 12:45:00,171.2421,-0.24962425,84.732056,109.313965,329.40674,368.2251,377.19727,424.8047
609,152.25,2024-05-16 13:00:00,332.0776,-73.37952,7.741928,30.967712,268.98193,360.71777,373.71826,421.14258
610,152.5,2024-05-16 13:15:00,343.99,26.115417,100.43335,122.13135,335.63232,374.26758,381.5918,418.5791
611,152.75,2024-05-16 13:30:00,469.3931,202.33154,280.51758,293.15186,361.4502,385.2539,391.8457,428.1006
612,153.0,2024-05-16 13:45:00,384.8916,269.71436,333.43506,345.70312,407.59277,617.0654,687.3779,881.1035
613,153.25,2024-05-16 14:00:00,365.1626,281.0669,347.53418,357.60498,399.16992,478.27148,504.63867,598.7549
614,153.5,2024-05-16 14:15:00,360.1636,236.20605,310.72998,322.08252,375.0,419.31152,431.39648,487.42676
615,153.75,2024-05-16 14:30:00,354.7614,214.4165,293.33496,305.60303,366.76025,399.16992,406.12793,447.87598
616,154.0,2024-05-16 14:45:00,380.0448,203.97949,285.0952,298.0957,361.8164,390.74707,395.87402,432.86133
617,154.25,2024-05-16 15:00:00,360.7556,252.50244,327.39258,337.64648,372.25342,392.2119,396.60645,433.22754
618,154.5,2024-05-16 15:15:00,360.7556,247.5586,321.3501,331.604,367.30957,388.1836,392.57812,428.4668
619,154.75,2024-05-16 15:30:00,343.99,252.31934,323.36426,333.06885,366.76025,385.98633,389.64844,424.43848
620,155.0,2024-05-16 15:45:00,330.1834,238.40332,310.36377,320.43457,359.98535,382.69043,386.35254,420.04395
621,155.25,2024-05-16 16:00:00,341.0,201.96533,278.68652,290.40527,349.73145,379.76074,384.15527,417.84668
622,155.5,2024-05-16 16:15:00,344.9144,210.9375,287.4756,298.64502,351.1963,378.2959,382.32422,414.917
623,155.75,2024-05-16 16:30:00,343.2924,221.74072,297.36328,307.9834,353.39355,378.2959,382.32422,415.2832
624,156.0,2024-05-16 16:45:00,338.7952,216.97998,293.33496,304.3213,352.11182,377.56348,381.2256,414.55078
625,156.25,2024-05-16 17:00:00,342.126,205.07812,282.71484,294.2505,348.81592,375.3662,379.02832,410.88867
626,156.5,2024-05-16 17:15:00,341.6086,214.96582,291.1377,301.94092,350.09766,373.90137,376.83105,406.49414
627,156.75,2024-05-16 17:30:00,326.9914,216.61377,291.87012,302.67334,349.73145,372.80273,375.73242,404.6631
628,157.0,2024-05-16 17:45:00,322.2929,175.14038,253.96729,267.15088,341.4917,371.521,375.3662,405.76172
629,157.25,2024-05-16 18:00:00,327.1417,134.76562,216.79688,232.36084,335.81543,368.7744,373.16895,404.29688
630,157.5,2024-05-16 18:15:00,330.0351,138.7024,220.8252,236.20605,337.09717,367.30957,371.1548,402.0996
631,157.75,2024-05-16 18:30:00,329.0706,161.59058,242.43164,256.53076,340.20996,366.57715,369.68994,399.53613
632,158.0,2024-05-16 18:45:00,333.0062,165.06958,245.54443,259.09424,339.84375,365.66162,368.7744,398.4375
633,158.25,2024-05-16 19:00:00,332.2928,171.20361,250.85449,264.2212,340.57617,365.47852,368.4082,398.0713
634,158.5,2024-05-16 19:15:00,348.5096,174.68262,253.78418,266.78467,340.75928,365.2954,368.2251,397.70508
635,158.75,2024-05-16 19:30:00,347.2943,224.1211,297.7295,307.6172,350.09766,367.12646,368.95752,397.33887
636,159.0,2024-05-16 19:45:00,347.9898,238.58643,309.26514,318.2373,352.47803,366.76025,368.042,395.87402
637,159.25,2024-05-16 20:00:00,342.573,236.20605,306.70166,315.67383,351.7456,366.02783,367.30957,395.1416
638,159.5,2024-05-16 20:15:00,346.5587,220.09277,292.41943,302.30713,348.0835,364.37988,366.21094,394.7754
639,159.75,2024-05-16 20:30:00,348.1097,226.31836,298.0957,307.6172,349.54834,364.37988,365.84473,395.1416
640,160.0,2024-05-16 20:45:00,346.9675,235.47363,305.96924,314.9414,351.5625,364.37988,365.66162,395.87402
641,160.25,2024-05-16 21:00:00,343.1097,231.99463,303.03955,312.19482,350.64697,363.46436,365.1123,396.24023
642,160.5,2024-05-16 21:15:00,343.5233,216.61377,289.85596,299.92676,347.35107,361.9995,364.01367,396.60645
643,160.75,2024-05-16 21:30:00,346.4141,214.59961,288.57422,298.82812,347.16797,361.4502,363.46436,397.33887
644,161.0,2024-05-16 21:45:00,343.3811,220.8252,294.4336,304.3213,348.6328,361.6333,363.64746,399.16992
645,161.25,2024-05-16 22:00:00,344.4612,210.9375,285.82764,296.44775,346.61865,360.35156,362.73193,399.53613
646,161.5,2024-05-16 22:15:00,339.9874,208.74023,284.5459,295.34912,346.61865,360.35156,362.91504,401.3672
647,161.75,2024-05-16 22:30:00,340.77,192.81006,270.62988,282.34863,343.87207,359.06982,362.18262,402.0996
648,162.0,2024-05-16 22:45:00,338.0,185.48584,264.4043,276.85547,342.95654,358.5205,361.6333,402.83203
649,162.25,2024-05-16 23:00:00,342.0,169.18945,249.93896,263.48877,340.75928,357.42188,360.90088,403.56445
650,162.5,2024-05-16 23:15:00,342.9849,185.21118,265.50293,277.9541,343.50586,357.9712,361.2671,403.93066
651,162.75,2024-05-16 23:30:00,340.9866,190.6128,270.813,283.08105,343.68896,357.23877,360.35156,403.19824
652,163.0,2024-05-16 23:45:00,335.0,183.65479,264.7705,277.4048,342.40723,356.32324,359.61914,402.46582
653,163.25,2024-05-17 00:00:00,330.0,149.50562,233.45947,248.29102,337.8296,355.0415,358.88672,403.19824
654,163.5,2024-05-17 00:15:00,365.0,244.81201,321.3501,330.50537,356.50635,376.46484,383.42285,437.62207
655,163.75,2024-05-17 00:30:00,355.0,270.813,342.59033,350.09766,364.37988,377.56348,384.52148,439.81934
656,164.0,2024-05-17 00:45:00,348.0,261.2915,334.7168,342.77344,359.25293,365.84473,370.05615,417.84668
657,164.25,2024-05-17 01:00:00,339.9791,239.68506,316.95557,326.11084,351.9287,359.43604,362.36572,405.3955
658,164.5,2024-05-17 01:15:00,342.0,213.31787,294.9829,305.60303,345.1538,355.95703,358.7036,399.16992
659,164.75,2024-05-17 01:30:00,345.0,212.21924,295.16602,305.96924,344.4214,355.2246,357.42188,396.24023
660,165.0,2024-05-17 01:45:00,340.0,220.8252,303.58887,313.84277,345.88623,355.4077,357.42188,395.1416
661,165.25,2024-05-17 02:00:00,340.7484,211.85303,296.08154,306.88477,343.50586,354.12598,356.14014,392.57812
662,165.5,2024-05-17 02:15:00,339.9791,206.35986,292.05322,303.22266,342.40723,353.57666,355.4077,390.01465
663,165.75,2024-05-17 02:30:00,330.0,199.03564,286.01074,297.7295,340.94238,353.21045,355.0415,388.5498
664,166.0,2024-05-17 02:45:00,330.18,161.49902,252.13623,266.41846,334.7168,352.29492,355.0415,388.91602
665,166.25,2024-05-17 03:00:00,327.0,140.625,233.64258,249.20654,331.9702,351.3794,354.12598,386.71875
666,166.5,2024-05-17 03:15:00,324.4477,117.1875,212.03613,229.06494,329.22363,351.01318,354.30908,386.71875
667,166.75,2024-05-17 03:30:00,319.4603,86.83777,183.19702,202.33154,326.29395,350.83008,354.4922,387.45117
668,167.0,2024-05-17 03:45:00,319.4603,34.996033,132.38525,154.99878,321.7163,350.46387,355.0415,389.64844
669,167.25,2024-05-17 04:00:00,317.4678,-3.2644272,94.11621,119.20166,319.15283,350.09766,355.4077,391.11328
670,167.5,2024-05-17 04:15:00,319.4644,-38.337708,58.22754,85.4187,316.58936,350.28076,356.14014,393.31055
671,167.75,2024-05-17 04:30:00,317.4678,-52.093506,44.08264,72.143555,316.77246,351.01318,357.05566,394.40918
