step,hour,time,true,TCN_q0.005,TCN_q0.025,TCN_q0.05,TCN_q0.5,TCN_q0.95,TCN_q0.975,TCN_q0.995
0,0.0,2024-08-27 16:45:00,638.37,392.8623,456.778,471.5707,628.2084,916.30035,984.4031,1103.95
1,0.25,2024-08-27 17:00:00,433.87,392.9396,449.79523,468.1483,611.7846,869.26105,941.8359,1081.8322
2,0.5,2024-08-27 17:15:00,448.28,351.8729,395.28638,410.5482,449.42477,704.3698,744.55914,816.2331
3,0.75,2024-08-27 17:30:00,362.71,345.98123,394.1555,400.2463,435.06693,645.56696,674.77826,716.1939
4,1.0,2024-08-27 17:45:00,357.43,315.01813,367.80655,375.29153,377.4866,567.44525,602.43463,707.14777
5,1.25,2024-08-27 18:00:00,338.38,293.37396,328.97797,346.1834,369.08496,567.2273,607.92804,691.25055
6,1.5,2024-08-27 18:15:00,346.4,316.69977,352.0134,352.91034,352.69736,519.4553,545.0037,637.65875
7,1.75,2024-08-27 18:30:00,351.22,294.1462,342.18143,352.17807,364.1519,545.99677,591.6164,739.3133
8,2.0,2024-08-27 18:45:00,368.37,274.9183,337.5131,348.77045,369.91217,522.2971,568.0138,714.5417
9,2.25,2024-08-27 19:00:00,349.69,290.22556,343.0019,354.23648,378.37036,519.1901,558.0868,695.54675
10,2.5,2024-08-27 19:15:00,370.46,282.1947,336.4924,347.94452,371.3969,493.50873,545.2963,698.63324
11,2.75,2024-08-27 19:30:00,373.98,292.09143,346.30243,356.94724,378.06992,466.4515,514.6057,638.7812
12,3.0,2024-08-27 19:45:00,378.95,301.28128,354.71463,363.78632,382.82568,461.3469,507.16046,629.4026
13,3.25,2024-08-27 20:00:00,369.15,315.4277,350.9572,358.17026,379.36633,445.28464,483.1762,561.73425
14,3.5,2024-08-27 20:15:00,368.23,292.04684,341.58917,350.73242,370.94913,428.88986,471.4392,536.68964
15,3.75,2024-08-27 20:30:00,371.66,284.74118,330.40735,343.07385,368.8206,444.46518,497.48907,579.73834
16,4.0,2024-08-27 20:45:00,361.65,283.5236,327.5194,339.27084,370.83752,432.69522,482.4713,551.28735
17,4.25,2024-08-27 21:00:00,368.98,270.77155,318.4316,333.20535,364.2248,439.99316,509.33127,609.46564
18,4.5,2024-08-27 21:15:00,151.7,277.8389,324.98343,339.7066,370.35098,454.5564,525.91223,658.07666
19,4.75,2024-08-27 21:30:00,349.13,163.7609,216.29764,229.93347,218.50572,363.41046,410.632,523.9621
20,5.0,2024-08-27 21:45:00,370.04,202.55266,265.7037,285.45117,329.33514,385.06857,438.93744,572.45056
21,5.25,2024-08-27 22:00:00,350.0,210.46204,274.12656,294.02646,355.17447,409.22998,456.28043,569.15924
22,5.5,2024-08-27 22:15:00,404.07,207.16223,300.05,315.63834,348.38,385.6031,416.2558,524.3978
23,5.75,2024-08-27 22:30:00,350.28,229.44412,321.21558,332.6866,384.6402,421.0614,452.49133,550.23895
24,6.0,2024-08-27 22:45:00,494.76996,192.35556,303.7904,318.8746,351.51004,392.15787,411.02524,497.91965
25,6.25,2024-08-27 23:00:00,338.77,239.48805,337.11795,353.23834,447.12772,539.1753,606.0741,773.4211
26,6.5,2024-08-27 23:15:00,341.29,195.69989,309.33234,325.50885,353.42523,441.49222,489.963,652.29065
27,6.75,2024-08-27 23:30:00,307.09,190.1749,300.3222,313.2169,340.34464,403.5492,448.30954,593.45374
28,7.0,2024-08-27 23:45:00,303.04,152.98836,273.7857,291.64548,317.18845,408.25043,469.1898,663.6602
29,7.25,2024-08-28 00:00:00,310.18,137.57834,261.00427,284.59415,312.81885,424.58118,505.25992,738.6366
30,7.5,2024-08-28 00:15:00,353.85,180.2453,284.2696,298.8354,318.8163,389.00378,443.7819,630.0732
31,7.75,2024-08-28 00:30:00,359.52,220.10881,324.79248,339.59354,353.56625,441.92203,509.0337,703.7315
32,8.0,2024-08-28 00:45:00,349.98,234.68826,320.75256,331.68243,356.18353,427.86923,484.58688,645.02203
33,8.25,2024-08-28 01:00:00,299.76,236.25716,309.62292,325.19928,348.68085,431.0046,481.68216,642.7255
34,8.5,2024-08-28 01:15:00,320.74,220.7749,280.94882,296.36487,313.3411,391.67117,436.20712,586.32086
35,8.75,2024-08-28 01:30:00,319.75,227.47064,278.31302,290.3436,318.2644,363.2755,395.91455,532.4815
36,9.0,2024-08-28 01:45:00,349.89,218.28084,268.96063,287.19495,318.57138,359.54904,394.8046,530.0215
37,9.25,2024-08-28 02:00:00,329.9,266.59305,290.71725,306.15125,338.41095,359.38443,387.94736,488.15125
38,9.5,2024-08-28 02:15:00,329.83,220.39307,270.35873,290.86002,328.25894,353.00024,379.09064,464.0989
39,9.75,2024-08-28 02:30:00,325.59,227.58641,282.537,302.5252,329.0706,364.336,392.56448,488.84225
40,10.0,2024-08-28 02:45:00,331.7,222.6408,278.2683,298.4483,324.9911,352.39502,374.4293,459.73532
41,10.25,2024-08-28 03:00:00,337.59,254.42128,291.8039,308.86963,327.88522,353.9273,379.67288,455.29233
42,10.5,2024-08-28 03:15:00,308.52,216.41563,273.02655,296.5059,332.96405,357.3334,383.32446,462.537
43,10.75,2024-08-28 03:30:00,310.07,193.50186,257.75842,283.343,315.95282,347.33047,371.3003,455.96777
44,11.0,2024-08-28 03:45:00,306.49,180.87457,242.07063,269.36655,312.69852,338.05472,356.93466,425.27798
45,11.25,2024-08-28 04:00:00,310.0,175.5674,228.71947,256.2721,305.86838,321.91885,326.21902,359.00568
46,11.5,2024-08-28 04:15:00,299.74,156.58347,222.21452,251.35239,307.5018,322.1683,327.73572,355.43857
47,11.75,2024-08-28 04:30:00,300.99,166.98572,225.79164,251.59645,300.46707,314.20374,312.6958,325.54074
48,12.0,2024-08-28 04:45:00,299.76,172.7669,234.98651,258.65622,300.8007,310.80008,309.28702,326.39505
49,12.25,2024-08-28 05:00:00,299.64,183.43713,242.41864,263.4531,299.17343,309.35477,306.78458,322.58597
50,12.5,2024-08-28 05:15:00,299.71,177.7249,236.32794,259.69928,300.5985,317.4531,321.6615,354.06937
51,12.75,2024-08-28 05:30:00,494.18997,183.8351,240.64032,262.64706,303.24597,328.02704,339.40433,382.9789
52,13.0,2024-08-28 05:45:00,349.2,291.98438,335.27924,351.36185,439.78348,495.16052,545.86865,656.4655
53,13.25,2024-08-28 06:00:00,300.93,263.55057,316.96103,332.4025,364.2227,422.40518,453.88025,532.45056
54,13.5,2024-08-28 06:15:00,302.78,251.29779,299.222,313.0395,320.44745,366.70325,379.59158,434.41663
55,13.75,2024-08-28 06:30:00,299.98,212.79839,266.3119,283.71024,311.55746,345.26666,354.93604,400.579
56,14.0,2024-08-28 06:45:00,309.87,232.7703,276.1505,293.55786,309.40988,351.2382,374.26367,443.28726
57,14.25,2024-08-28 07:00:00,302.39,230.77142,277.56693,294.19016,313.39868,338.27567,352.47818,401.0406
58,14.5,2024-08-28 07:15:00,301.59,219.41325,274.59845,290.84805,309.11514,334.48734,343.3491,367.85373
59,14.75,2024-08-28 07:30:00,320.42,195.24466,261.4565,280.57925,309.74985,340.29684,354.77847,391.24152
60,15.0,2024-08-28 07:45:00,319.4,197.5904,264.0002,286.73682,323.0062,353.9087,364.90735,401.8607
61,15.25,2024-08-28 08:00:00,328.95,187.8867,260.97742,284.39062,326.0858,362.5446,378.3744,426.65527
62,15.5,2024-08-28 08:15:00,329.93,197.05322,270.21362,290.90527,332.38678,370.8282,390.17197,441.8081
63,15.75,2024-08-28 08:30:00,318.88,209.2359,280.6491,299.79968,336.31296,376.7867,398.3872,446.37762
64,16.0,2024-08-28 08:45:00,302.85,204.77261,265.1573,283.93475,325.5658,357.78778,370.44205,386.13055
65,16.25,2024-08-28 09:00:00,310.94,184.87517,250.01291,271.30807,313.82147,353.45044,367.97717,389.76895
66,16.5,2024-08-28 09:15:00,328.31,158.17744,232.08199,257.24213,313.7118,351.11304,363.29858,379.036
67,16.75,2024-08-28 09:30:00,307.05,168.84949,240.01321,264.74533,326.43008,359.47116,372.95877,395.28345
68,17.0,2024-08-28 09:45:00,330.85,169.22287,231.96573,257.37402,313.67728,352.91183,362.92984,369.1001
69,17.25,2024-08-28 10:00:00,321.33,162.05014,232.67192,260.1273,328.22876,357.35275,366.32147,383.99353
70,17.5,2024-08-28 10:15:00,349.61,130.06161,215.54388,247.51411,323.8682,360.69592,371.06165,409.269
71,17.75,2024-08-28 10:30:00,330.88,132.08281,218.09593,253.3314,344.626,380.397,397.75452,454.73285
72,18.0,2024-08-28 10:45:00,333.19,135.64035,212.03162,245.77882,335.25995,374.40958,388.90018,432.3865
73,18.25,2024-08-28 11:00:00,334.42,129.32722,207.74988,242.97139,336.49756,380.30856,399.05176,448.8403
74,18.5,2024-08-28 11:15:00,333.77,105.40422,184.99463,224.45583,336.52902,378.60764,394.1246,429.33884
75,18.75,2024-08-28 11:30:00,309.49,90.73804,175.6047,219.17581,335.74188,379.98654,396.83377,440.6879
76,19.0,2024-08-28 11:45:00,297.37,78.363144,165.39738,208.51996,316.96948,365.5411,375.9246,401.33707
77,19.25,2024-08-28 12:00:00,267.96,57.149796,146.55927,191.71251,305.12665,356.44913,364.64975,381.44336
78,19.5,2024-08-28 12:15:00,294.32,39.23482,129.58405,173.01772,282.81854,349.47836,359.9143,380.9139
79,19.75,2024-08-28 12:30:00,315.95,47.506012,138.76862,183.00935,299.16574,354.0344,367.12433,398.3655
80,20.0,2024-08-28 12:45:00,306.55,54.53275,160.93195,204.77829,318.5551,368.5227,389.6227,440.8168
81,20.25,2024-08-28 13:00:00,306.26,75.54441,175.65828,215.73268,315.69696,373.7078,396.16342,460.91458
82,20.5,2024-08-28 13:15:00,334.12,89.3192,186.70299,224.67105,317.4896,382.0322,405.76767,483.0648
83,20.75,2024-08-28 13:30:00,338.86,114.27618,207.67755,245.36678,337.56708,389.3298,411.34213,481.63666
84,21.0,2024-08-28 13:45:00,327.76,140.46815,231.70506,267.10086,345.13797,394.27225,416.32373,482.9647
85,21.25,2024-08-28 14:00:00,340.51,165.55302,247.89653,277.35135,337.58307,382.55875,398.56238,443.34775
86,21.5,2024-08-28 14:15:00,337.45,200.27908,269.45642,292.55258,343.57047,383.07568,398.94833,433.0148
87,21.75,2024-08-28 14:30:00,342.88,205.61581,273.96884,295.52585,340.86288,378.06665,392.90344,424.75327
88,22.0,2024-08-28 14:45:00,341.87,219.00037,288.62143,308.21875,345.8005,380.23587,396.33908,440.26077
89,22.25,2024-08-28 15:00:00,337.25,229.45305,296.19275,313.64447,345.70148,379.47055,394.331,438.2372
90,22.5,2024-08-28 15:15:00,346.57,241.1603,304.5056,318.83905,342.94638,379.3738,395.22443,447.86807
91,22.75,2024-08-28 15:30:00,339.07,257.13187,314.7618,328.64465,349.29535,387.85248,404.57965,464.27313
92,23.0,2024-08-28 15:45:00,351.74,262.54666,314.9699,329.18488,346.39,391.92032,411.88058,486.8744
93,23.25,2024-08-28 16:00:00,354.84,254.73091,309.57892,326.95804,354.8195,396.5511,422.22855,511.51367
94,23.5,2024-08-28 16:15:00,325.52,242.10411,306.4809,326.32043,358.84943,404.8469,435.5019,534.42285
95,23.75,2024-08-28 16:30:00,344.24,241.30772,300.6315,316.0985,338.9047,384.0873,403.58475,460.78723
96,24.0,2024-08-28 16:45:00,343.15,253.02527,300.2253,313.23856,346.82944,381.90793,391.19492,406.30954
97,24.25,2024-08-28 17:00:00,340.0,221.64453,282.79947,300.85278,345.3357,379.97675,392.6915,413.12616
98,24.5,2024-08-28 17:15:00,344.63,185.29839,262.01266,285.23572,341.37897,375.94443,392.70673,434.0605
99,24.75,2024-08-28 17:30:00,282.69,199.80765,271.7087,291.89413,344.0685,376.18506,390.60956,448.18527
100,25.0,2024-08-28 17:45:00,304.93,196.05266,259.65424,274.92145,301.6537,350.85815,359.91925,423.2612
101,25.25,2024-08-28 18:00:00,291.83,189.10332,255.30217,272.4039,311.18845,352.40228,363.57788,425.4377
102,25.5,2024-08-28 18:15:00,301.82,181.72316,248.81749,267.3232,305.83575,356.00934,371.7526,434.76773
103,25.75,2024-08-28 18:30:00,302.03,201.54758,261.1702,275.59454,311.84897,356.8166,373.2758,444.0905
104,26.0,2024-08-28 18:45:00,298.83,217.08804,270.36554,280.0383,312.19492,352.35782,362.2802,426.18256
105,26.25,2024-08-28 19:00:00,305.82,208.68376,266.876,280.58075,310.6584,355.3102,368.06662,433.87543
106,26.5,2024-08-28 19:15:00,330.65,195.20688,258.9286,277.01514,314.025,353.96924,367.45856,433.40674
107,26.75,2024-08-28 19:30:00,330.89,202.36371,268.3985,287.731,331.74936,363.14093,374.43326,434.56546
108,27.0,2024-08-28 19:45:00,330.77,202.9277,265.72275,284.20868,331.95657,360.22934,367.96432,412.98196
109,27.25,2024-08-28 20:00:00,331.7,231.43744,286.45026,299.194,331.07965,356.9902,365.03378,422.66806
110,27.5,2024-08-28 20:15:00,325.76,255.00665,302.4705,311.70828,332.9699,359.06863,371.51422,449.68665
111,27.75,2024-08-28 20:30:00,338.25,247.27446,296.3341,307.68942,329.4331,355.67502,368.16342,449.26648
112,28.0,2024-08-28 20:45:00,326.18,237.3878,297.5929,311.06036,337.65836,362.21655,378.18936,467.04147
113,28.25,2024-08-28 21:00:00,273.63,248.7938,304.04022,314.6702,331.01755,362.79153,380.48843,488.93442
114,28.5,2024-08-28 21:15:00,324.91,228.85115,279.60352,289.40167,292.6341,347.13635,364.15137,491.4164
115,28.75,2024-08-28 21:30:00,318.46,237.92247,291.73642,303.32315,320.13556,356.856,376.27292,518.44666
116,29.0,2024-08-28 21:45:00,319.89,223.40526,279.17078,294.8937,320.04913,362.48056,386.80704,548.5141
117,29.25,2024-08-28 22:00:00,330.85,179.61179,252.75983,278.19876,319.59024,369.89493,399.4715,582.93036
118,29.5,2024-08-28 22:15:00,310.36,142.93135,239.38582,271.66245,326.91763,376.11502,407.69104,606.90625
119,29.75,2024-08-28 22:30:00,300.57,141.80576,235.0403,265.94537,315.87125,369.40268,399.17267,600.2394
120,30.0,2024-08-28 22:45:00,303.06,138.1101,227.47305,256.85745,305.67133,359.77188,382.30624,571.10724
121,30.25,2024-08-28 23:00:00,303.01,125.38553,225.2283,253.91814,305.1766,354.80316,376.46533,537.37146
122,30.5,2024-08-28 23:15:00,293.51,111.58584,211.689,241.60173,304.88962,359.01825,388.6588,536.7444
123,30.75,2024-08-28 23:30:00,288.73,98.47395,206.15138,238.41202,298.31262,359.33997,392.73587,563.32996
124,31.0,2024-08-28 23:45:00,280.49,80.63608,204.4381,238.62517,296.75034,369.80255,411.40894,620.3999
125,31.25,2024-08-29 00:00:00,330.56,78.33561,198.76784,232.3344,289.96118,370.18234,412.25287,620.25726
126,31.5,2024-08-29 00:15:00,332.73,23.367073,171.3315,209.4391,312.87616,392.22583,433.43564,675.9638
127,31.75,2024-08-29 00:30:00,324.68,50.903164,191.32207,229.70166,327.2846,404.1643,448.82285,680.25305
128,32.0,2024-08-29 00:45:00,311.75,59.566315,200.73767,240.39676,328.37317,398.48303,442.9439,673.18427
129,32.25,2024-08-29 01:00:00,325.65,66.309616,197.37247,233.98683,315.56308,373.57962,408.73227,620.283
130,32.5,2024-08-29 01:15:00,309.99,104.75838,228.42264,260.1549,324.82898,382.9161,418.57806,641.4346
131,32.75,2024-08-29 01:30:00,311.49,85.40819,204.68913,244.11568,313.80853,366.71698,397.03238,596.52545
132,33.0,2024-08-29 01:45:00,306.69,94.10981,205.70833,246.4149,310.11273,345.58185,366.39413,519.8028
133,33.25,2024-08-29 02:00:00,319.83,81.256165,194.10713,236.88101,306.56693,341.0403,361.5445,490.91095
134,33.5,2024-08-29 02:15:00,305.06,94.76912,196.62875,238.76128,311.9953,336.12238,350.4356,445.74777
135,33.75,2024-08-29 02:30:00,303.99,87.21736,193.10168,234.35115,302.4218,329.3037,343.08023,437.68088
136,34.0,2024-08-29 02:45:00,300.97,97.550125,198.5134,237.17538,300.90237,325.923,338.13263,420.50662
137,34.25,2024-08-29 03:00:00,329.73,85.65782,188.947,228.5334,298.32367,322.24136,334.04416,413.11365
138,34.5,2024-08-29 03:15:00,327.83,100.36587,197.65767,239.03345,319.08105,342.69632,361.95914,449.24734
139,34.75,2024-08-29 03:30:00,299.03,108.44933,202.16931,244.0523,320.75635,347.0898,363.47333,442.88016
140,35.0,2024-08-29 03:45:00,299.94,94.531456,187.03596,230.21169,300.94516,330.2506,340.53818,410.19867
141,35.25,2024-08-29 04:00:00,292.55,89.33295,179.37836,224.31857,298.567,326.86264,338.0623,417.3717
142,35.5,2024-08-29 04:15:00,298.77,46.883884,143.44228,197.56076,291.53992,322.41696,333.6165,400.05063
143,35.75,2024-08-29 04:30:00,298.56,63.28722,155.75433,206.2846,295.71964,318.3722,326.45767,380.94385
144,36.0,2024-08-29 04:45:00,299.09,69.442154,161.32707,208.93028,296.21674,316.97705,318.8656,351.04535
145,36.25,2024-08-29 05:00:00,297.63,63.209244,160.79716,206.89493,297.28574,319.03387,322.4861,349.17453
146,36.5,2024-08-29 05:15:00,299.94,50.58809,148.8048,195.17032,296.1736,316.29074,318.42914,336.55634
147,36.75,2024-08-29 05:30:00,300.53,65.16943,163.32997,206.73741,299.49625,322.70233,329.57245,371.85522
148,37.0,2024-08-29 05:45:00,299.85,69.78475,172.75847,214.2076,302.20355,327.50195,339.30347,406.22305
149,37.25,2024-08-29 06:00:00,299.94,82.8028,181.29822,222.50322,304.0928,334.017,348.61655,422.34113
150,37.5,2024-08-29 06:15:00,300.85,126.595856,215.11938,249.66542,307.82175,342.32553,358.09888,432.67526
151,37.75,2024-08-29 06:30:00,306.64,140.18918,223.73936,253.67004,308.5905,339.49576,352.21878,411.79065
152,38.0,2024-08-29 06:45:00,308.24,152.08655,232.99242,259.6281,313.68533,345.70288,361.12262,417.8823
153,38.25,2024-08-29 07:00:00,311.23,146.18515,233.90404,260.75314,315.58377,348.1672,365.35944,422.60587
154,38.5,2024-08-29 07:15:00,301.57,135.02174,229.23132,257.658,316.51425,345.99915,361.75363,416.2091
155,38.75,2024-08-29 07:30:00,309.96,113.32865,215.1029,247.81024,310.36057,349.4422,367.28122,431.23022
156,39.0,2024-08-29 07:45:00,327.31,91.623146,201.86104,239.39017,314.83307,357.35452,376.88086,450.00574
157,39.25,2024-08-29 08:00:00,338.27,107.07321,216.91428,251.88327,328.22388,370.63565,393.28693,485.46933
158,39.5,2024-08-29 08:15:00,321.38,139.45859,243.02977,273.85266,339.84097,389.1078,420.0322,546.44794
159,39.75,2024-08-29 08:30:00,320.29,117.570175,228.53436,261.42352,328.7827,381.05295,409.69382,526.1432
160,40.0,2024-08-29 08:45:00,323.17,104.867165,221.15675,256.25394,328.11105,383.29593,415.2425,533.8337
161,40.25,2024-08-29 09:00:00,330.45,98.255684,214.67323,251.30571,329.2275,383.21005,415.54498,539.26154
162,40.5,2024-08-29 09:15:00,338.15,102.21891,218.29662,254.06064,332.50412,381.53748,410.7055,530.1265
163,40.75,2024-08-29 09:30:00,341.32,106.43377,222.4416,257.40222,337.83548,383.61118,409.54828,523.60376
164,41.0,2024-08-29 09:45:00,513.83,106.16274,220.0548,255.93199,341.2041,384.4041,407.78568,516.908
165,41.25,2024-08-29 10:00:00,338.26,184.57431,288.87817,321.70844,462.64957,551.3043,610.0495,769.83075
166,41.5,2024-08-29 10:15:00,337.11,114.9016,233.66708,273.25687,358.98645,430.86374,455.60355,562.6685
167,41.75,2024-08-29 10:30:00,342.18,104.92821,216.84294,256.97855,341.69107,405.68756,425.82397,537.2877
168,42.0,2024-08-29 10:45:00,338.71,74.12288,189.42712,234.79352,340.6365,392.8006,413.42813,535.23315
169,42.25,2024-08-29 11:00:00,338.24,100.71371,203.30673,248.78775,340.6546,402.1089,435.44736,576.8223
170,42.5,2024-08-29 11:15:00,324.39,61.994534,172.01096,221.32469,335.96094,379.77017,394.95593,483.8686
171,42.75,2024-08-29 11:30:00,314.64,46.837,156.97466,208.63684,326.28284,372.91055,384.2613,450.81442
172,43.0,2024-08-29 11:45:00,322.94,7.0266237,123.44141,180.59117,318.63602,370.2883,384.9245,461.1501
173,43.25,2024-08-29 12:00:00,277.52,14.183573,124.08968,183.79926,323.74838,376.3268,386.4316,474.0823
174,43.5,2024-08-29 12:15:00,305.43,0.13172716,106.337746,161.73428,294.28424,363.12738,375.12683,465.99286
175,43.75,2024-08-29 12:30:00,309.46,-10.861736,99.77016,155.9738,305.97916,366.36536,382.39188,472.01385
176,44.0,2024-08-29 12:45:00,314.27,-16.940407,98.90667,157.70164,311.7974,371.7234,389.54218,469.37314
177,44.25,2024-08-29 13:00:00,332.68,1.9421064,107.5006,163.05956,316.87003,361.68216,374.60425,438.72336
178,44.5,2024-08-29 13:15:00,331.78,29.64348,146.0415,196.60025,333.02167,379.5891,397.5756,472.46164
179,44.75,2024-08-29 13:30:00,348.72,61.930084,175.0932,219.11147,334.54016,387.32574,402.97128,467.1392
180,45.0,2024-08-29 13:45:00,327.98,113.836525,210.88925,245.8548,347.76968,393.6468,407.06512,471.0473
181,45.25,2024-08-29 14:00:00,334.65,121.78082,217.95323,255.91206,336.7578,391.77438,412.3523,488.0228
182,45.5,2024-08-29 14:15:00,338.8,97.43473,217.14825,260.45767,339.029,392.87912,421.19003,537.33026
183,45.75,2024-08-29 14:30:00,332.24,124.7098,235.35799,272.9812,342.43793,391.9115,412.65143,521.01355
184,46.0,2024-08-29 14:45:00,331.13,172.09224,262.6436,290.6572,338.54083,382.95294,392.88278,470.1853
185,46.25,2024-08-29 15:00:00,335.42,186.6067,276.38727,300.9335,337.1491,373.19772,384.4695,442.0444
186,46.5,2024-08-29 15:15:00,302.55,169.1419,270.22055,299.69604,341.35236,381.81845,400.43552,461.16348
187,46.75,2024-08-29 15:30:00,321.39,153.79417,252.20236,280.68622,318.1731,365.31143,377.14697,440.6626
188,47.0,2024-08-29 15:45:00,312.24,162.50977,261.75583,288.58795,326.43765,366.7514,378.0226,452.81577
189,47.25,2024-08-29 16:00:00,342.5,147.2332,248.12286,279.19327,318.46082,355.34354,363.86072,417.26212
190,47.5,2024-08-29 16:15:00,366.5,146.97638,254.31064,288.90796,338.54147,372.5829,391.86557,466.8668
191,47.75,2024-08-29 16:30:00,367.72,180.72865,283.4003,311.2595,360.4618,398.12744,421.70844,501.97113
192,48.0,2024-08-29 16:45:00,375.63998,205.8358,299.64615,321.8846,364.3051,407.70493,429.1554,508.27518
193,48.25,2024-08-29 17:00:00,352.94,227.32709,322.68948,340.7801,372.22656,422.76382,453.75464,561.67584
194,48.5,2024-08-29 17:15:00,362.08,244.12492,326.13907,342.2722,357.9831,413.04358,441.66516,556.43414
195,48.75,2024-08-29 17:30:00,356.54,243.36572,321.5106,339.16025,362.0878,410.0358,437.72678,552.6751
196,49.0,2024-08-29 17:45:00,348.75,246.24886,320.86844,338.22708,358.41086,397.58694,419.71533,520.4817
197,49.25,2024-08-29 18:00:00,340.14,247.01425,318.6617,335.81442,352.0959,389.84024,411.2054,515.51605
198,49.5,2024-08-29 18:15:00,344.04,242.85425,313.09436,329.63882,344.93933,379.38956,395.72244,506.86658
199,49.75,2024-08-29 18:30:00,346.15,251.63037,318.47147,334.5542,348.9024,388.01434,407.23035,537.8157
200,50.0,2024-08-29 18:45:00,350.25,255.8894,318.91812,333.01404,349.92746,378.9301,389.68582,510.74875
201,50.25,2024-08-29 19:00:00,363.29,260.6993,324.1704,337.57602,354.2551,381.6609,391.82278,525.4938
202,50.5,2024-08-29 19:15:00,377.16,265.1734,325.8642,339.47586,363.1753,388.69513,399.98657,538.54474
203,50.75,2024-08-29 19:30:00,375.39,242.21011,312.7011,331.5388,372.2137,397.82446,409.70483,526.5899
204,51.0,2024-08-29 19:45:00,364.93,217.0371,298.12122,323.69376,373.74164,409.64438,426.74692,534.8398
205,51.25,2024-08-29 20:00:00,358.51,217.51587,298.05978,322.71515,367.20993,412.40256,435.4191,570.82355
206,51.5,2024-08-29 20:15:00,389.24,221.15358,303.9499,325.05368,360.2378,407.34552,430.73853,568.72925
207,51.75,2024-08-29 20:30:00,376.91998,259.45822,335.62558,350.81174,381.79837,434.5646,465.84003,599.3672
208,52.0,2024-08-29 20:45:00,414.65997,254.8512,333.67514,348.22217,377.02094,434.14285,465.36462,583.7006
209,52.25,2024-08-29 21:00:00,309.71,256.12265,337.57715,354.77945,402.55933,468.02933,504.15012,631.7927
210,52.5,2024-08-29 21:15:00,370.49002,221.42067,315.56754,329.44568,334.18164,397.52246,417.13626,543.1358
211,52.75,2024-08-29 21:30:00,481.91,250.66068,335.75766,347.0019,363.9717,413.04465,440.54846,603.1294
212,53.0,2024-08-29 21:45:00,364.09,308.57535,372.03537,380.04047,444.3022,535.224,594.4378,812.8279
213,53.25,2024-08-29 22:00:00,359.69,269.90305,347.60846,359.17517,378.25085,475.14197,526.34357,737.3218
214,53.5,2024-08-29 22:15:00,536.11,245.61177,328.49518,343.73444,365.13272,454.33932,496.04926,690.62665
215,53.75,2024-08-29 22:30:00,531.75,301.67688,356.31598,370.59494,482.64273,634.035,712.9104,947.40356
216,54.0,2024-08-29 22:45:00,448.69,327.80994,363.93835,378.97702,500.64624,700.9775,799.07385,1049.424
217,54.25,2024-08-29 23:00:00,351.0,309.94376,358.80493,374.90964,445.19202,607.16144,675.4247,898.13336
218,54.5,2024-08-29 23:15:00,342.33,251.80063,326.52295,340.4163,365.84958,488.443,542.16516,750.7154
219,54.75,2024-08-29 23:30:00,335.52,230.05368,312.9129,331.71817,352.05258,466.28592,538.05457,797.9639
220,55.0,2024-08-29 23:45:00,344.34,208.56866,304.7379,327.32584,345.28027,452.3047,527.7787,805.0416
221,55.25,2024-08-30 00:00:00,340.12,217.9924,314.4162,330.92267,346.93875,423.5328,483.28683,703.1895
222,55.5,2024-08-30 00:15:00,390.43,353.3087,400.4111,400.3716,364.8345,430.0766,481.15222,627.0319
223,55.75,2024-08-30 00:30:00,384.04,354.90833,402.4052,406.2047,388.35672,460.57227,515.42114,662.1266
224,56.0,2024-08-30 00:45:00,350.67,310.23935,352.75598,361.12253,372.6946,439.11124,477.63104,601.71295
225,56.25,2024-08-30 01:00:00,401.38,295.32043,343.06253,353.1588,353.01544,428.5182,465.22583,606.5936
226,56.5,2024-08-30 01:15:00,380.21,285.58548,331.94226,342.65375,378.39487,422.3261,460.7332,609.0812
227,56.75,2024-08-30 01:30:00,394.72,316.4411,337.08347,340.74445,369.44684,401.6828,432.32812,547.7988
228,57.0,2024-08-30 01:45:00,369.71,322.25455,325.98248,331.9252,378.33322,398.62048,423.4473,501.6495
229,57.25,2024-08-30 02:00:00,364.21,302.80103,321.91107,327.47153,366.12488,380.30334,397.8359,455.23123
230,57.5,2024-08-30 02:15:00,359.15,250.22176,318.00906,328.82947,364.32123,402.94797,440.2888,570.3823
231,57.75,2024-08-30 02:30:00,349.48,243.38058,304.65543,316.82495,355.8934,381.79584,411.5162,514.30554
232,58.0,2024-08-30 02:45:00,345.19,246.50269,298.95978,311.55304,344.917,364.96124,392.2602,485.00516
233,58.25,2024-08-30 03:00:00,347.48,230.18198,293.2499,307.69254,341.87714,367.91998,399.73215,520.1149
234,58.5,2024-08-30 03:15:00,338.92,170.57533,260.01852,285.62836,342.0216,384.62784,424.6892,582.45056
235,58.75,2024-08-30 03:30:00,341.65,166.16656,247.01996,274.6394,334.27097,365.07828,393.3757,517.74536
236,59.0,2024-08-30 03:45:00,328.33,188.77834,244.1291,270.9979,330.9167,347.41678,351.31555,410.27963
237,59.25,2024-08-30 04:00:00,331.44,152.14966,215.43271,249.05089,322.31784,348.69797,357.78632,422.96573
238,59.5,2024-08-30 04:15:00,325.03,234.14449,279.2151,298.72165,324.22443,350.7162,363.18756,457.92764
239,59.75,2024-08-30 04:30:00,336.83,246.63454,287.91302,302.9097,318.32825,333.11356,329.13757,396.37762
240,60.0,2024-08-30 04:45:00,335.58,269.18222,307.6136,319.10965,326.27203,334.8052,326.41745,383.4371
241,60.25,2024-08-30 05:00:00,512.76,254.8503,300.38776,314.9893,327.5138,340.90704,338.86105,398.9474
242,60.5,2024-08-30 05:15:00,329.72,362.9162,382.42853,391.44037,449.48874,506.58514,547.5838,678.36707
243,60.75,2024-08-30 05:30:00,329.22,325.21436,351.03516,360.58014,350.36557,413.46973,441.99905,557.2934
244,61.0,2024-08-30 05:45:00,330.14,317.6804,340.64868,349.4381,337.15997,394.62314,419.45938,541.53613
245,61.25,2024-08-30 06:00:00,330.14,282.84998,313.37573,327.84512,335.8073,389.74506,420.19742,551.4108
246,61.5,2024-08-30 06:15:00,334.16,268.90146,294.65634,314.12897,330.8027,370.20377,397.37662,508.0714
247,61.75,2024-08-30 06:30:00,334.16,258.81543,291.3897,308.55215,330.69232,340.1598,343.95508,401.32657
248,62.0,2024-08-30 06:45:00,330.14,267.24237,304.97104,319.0425,331.70575,334.5907,328.74966,354.007
249,62.25,2024-08-30 07:00:00,329.99,243.44902,292.38998,309.53845,329.44656,334.94574,333.52582,370.48026
250,62.5,2024-08-30 07:15:00,319.99,245.66234,296.17517,315.3145,330.18826,350.03094,351.70218,403.13458
251,62.75,2024-08-30 07:30:00,568.35,218.11617,282.1651,304.4558,325.44962,358.11523,369.4854,445.99463
252,63.0,2024-08-30 07:45:00,322.42,341.94376,389.36823,400.83994,492.4489,598.6824,663.0925,841.58575
253,63.25,2024-08-30 08:00:00,344.59,268.18283,337.41687,353.61395,356.1312,437.78363,466.2807,570.9006
254,63.5,2024-08-30 08:15:00,329.61,272.81445,332.79227,343.35208,350.50763,399.85837,410.4656,470.6212
255,63.75,2024-08-30 08:30:00,304.6,224.22446,299.44336,317.51126,340.4594,382.9483,398.28946,465.16302
256,64.0,2024-08-30 08:45:00,319.81,215.40968,282.36203,305.3951,320.4912,385.9958,418.3501,515.76843
257,64.25,2024-08-30 09:00:00,316.86,206.4078,275.38046,296.05673,323.7917,352.47266,364.6805,411.24988
258,64.5,2024-08-30 09:15:00,312.95,216.87439,276.55313,298.12057,322.2811,351.22586,359.59943,363.175
259,64.75,2024-08-30 09:30:00,314.32,187.12564,259.5148,281.57434,319.70944,340.30594,345.0928,345.51443
260,65.0,2024-08-30 09:45:00,307.83,166.52502,234.3054,264.43375,320.19168,341.8962,337.1016,325.68643
261,65.25,2024-08-30 10:00:00,311.8,137.12495,212.89384,244.50845,315.17618,342.45044,344.62155,347.53403
262,65.5,2024-08-30 10:15:00,304.16,132.65273,204.80855,234.26465,314.62314,350.71606,362.64462,399.1643
263,65.75,2024-08-30 10:30:00,304.42,129.08635,201.47021,233.36307,312.9941,363.1805,381.41803,438.26788
264,66.0,2024-08-30 10:45:00,304.17,121.4461,182.4956,213.41852,310.82388,349.82263,359.13327,393.85907
265,66.25,2024-08-30 11:00:00,303.51,90.55575,172.01273,209.77733,312.50012,363.3703,380.39697,427.39005
266,66.5,2024-08-30 11:15:00,303.96,65.33051,155.19377,198.15437,309.86465,358.05368,366.1356,374.1649
267,66.75,2024-08-30 11:30:00,295.59,60.038006,152.31703,194.8349,310.39944,358.23315,366.32904,383.48877
268,67.0,2024-08-30 11:45:00,289.15,91.06944,166.73875,205.49355,306.48138,366.63815,381.545,395.9445
269,67.25,2024-08-30 12:00:00,273.16,57.92508,146.82889,190.16267,299.74103,364.34518,380.03275,413.00784
270,67.5,2024-08-30 12:15:00,303.6,1.7485769,120.392105,169.10597,285.23947,370.51782,393.2968,467.83966
271,67.75,2024-08-30 12:30:00,294.22,20.5431,131.43219,181.21275,306.63705,373.28308,394.4051,464.82797
272,68.0,2024-08-30 12:45:00,292.84,53.262123,149.80447,194.42464,304.83493,369.22092,386.5601,448.75806
273,68.25,2024-08-30 13:00:00,318.03,72.4422,168.91267,210.03864,305.17526,370.36664,388.93936,448.1311
274,68.5,2024-08-30 13:15:00,299.76,100.399475,195.25854,234.20049,323.55154,379.35965,397.77228,456.8571
275,68.75,2024-08-30 13:30:00,313.47,117.45504,208.86453,243.53873,313.98212,378.04028,397.4685,466.9828
276,69.0,2024-08-30 13:45:00,343.05,142.0577,227.66872,258.21844,318.4984,371.30032,383.59354,437.76987
277,69.25,2024-08-30 14:00:00,300.07,166.75842,249.70708,278.66464,340.0579,379.77444,394.61514,449.3
278,69.5,2024-08-30 14:15:00,290.06,182.42598,252.00749,275.3354,314.22998,366.46857,381.12662,427.02722
279,69.75,2024-08-30 14:30:00,289.02,167.05481,233.5046,257.1691,301.81192,356.49472,367.89062,410.45496
280,70.0,2024-08-30 14:45:00,294.23,151.44812,227.14069,249.71399,299.43372,357.95782,376.47888,436.68753
281,70.25,2024-08-30 15:00:00,288.78,162.65346,230.22473,253.69379,302.11194,361.62842,383.4307,451.16922
282,70.5,2024-08-30 15:15:00,295.56,165.44066,233.10394,256.92776,299.89597,366.42297,390.74866,469.04163
283,70.75,2024-08-30 15:30:00,294.12,153.99242,229.0541,254.4757,302.7158,357.87143,377.17657,436.6995
284,71.0,2024-08-30 15:45:00,299.98,138.96707,223.20049,251.607,304.093,360.18622,380.22403,437.59805
285,71.25,2024-08-30 16:00:00,299.51,136.03673,225.80049,252.84384,307.91528,356.62314,372.371,420.44684
286,71.5,2024-08-30 16:15:00,311.13,138.841,221.00815,246.91284,307.9924,359.59076,377.7711,413.42352
287,71.75,2024-08-30 16:30:00,319.27,147.57663,229.0499,254.39702,314.7654,358.73044,376.16306,407.57724
288,72.0,2024-08-30 16:45:00,330.69,160.78702,240.69728,264.97375,322.46262,360.24835,378.2619,410.48703
289,72.25,2024-08-30 17:00:00,324.57,174.77913,250.77638,274.11664,331.07004,362.84143,376.97647,399.7612
290,72.5,2024-08-30 17:15:00,283.82,175.40929,252.25072,273.43137,326.3348,351.96457,358.59497,364.733
291,72.75,2024-08-30 17:30:00,324.46,175.31583,241.4251,260.00275,297.64594,335.74847,338.6871,337.44537
292,73.0,2024-08-30 17:45:00,326.21,197.84535,258.98956,276.68738,321.8169,348.86414,355.84207,377.53943
293,73.25,2024-08-30 18:00:00,330.66,210.37093,267.5978,284.46704,327.00647,355.74753,365.37183,402.02945
294,73.5,2024-08-30 18:15:00,333.31,222.12418,279.29926,295.39615,333.47488,370.22644,385.975,449.8963
295,73.75,2024-08-30 18:30:00,327.86,224.12717,282.2686,298.80737,337.07376,371.70782,385.85504,447.56793
296,74.0,2024-08-30 18:45:00,333.74,219.0432,278.6923,297.75586,334.81168,370.52264,384.57642,451.00732
297,74.25,2024-08-30 19:00:00,333.67,238.03688,287.82993,304.34174,339.01212,369.58655,383.00272,457.7503
298,74.5,2024-08-30 19:15:00,340.62,241.63681,288.56003,302.67014,336.30905,359.21286,365.17673,430.18066
299,74.75,2024-08-30 19:30:00,338.9,244.25641,291.4405,304.52997,340.18332,358.68372,365.25797,423.38904
300,75.0,2024-08-30 19:45:00,327.61,242.47218,292.15714,305.9576,339.6382,357.5433,364.54828,421.93524
301,75.25,2024-08-30 20:00:00,325.56,229.20135,280.1163,296.03357,332.31314,351.6352,357.2907,415.09592
302,75.5,2024-08-30 20:15:00,329.07,227.44772,281.48294,296.35052,330.2769,353.46848,361.21985,434.50052
303,75.75,2024-08-30 20:30:00,330.7,228.37517,286.4078,300.02316,332.79648,359.62872,372.1576,459.6889
304,76.0,2024-08-30 20:45:00,326.37,241.68456,294.71283,305.87903,334.6743,363.19247,378.64804,474.4997
305,76.25,2024-08-30 21:00:00,339.45,229.80147,290.79556,304.1018,332.28326,366.78995,387.12836,499.11026
306,76.5,2024-08-30 21:15:00,352.51,226.2353,295.0463,309.8739,341.22403,377.4579,403.2554,531.4307
307,76.75,2024-08-30 21:30:00,354.18,242.41737,308.97824,321.09006,351.745,389.67996,416.7812,559.5542
308,77.0,2024-08-30 21:45:00,340.58,262.1352,322.516,331.6439,354.351,391.90854,417.28445,556.9451
309,77.25,2024-08-30 22:00:00,345.99,254.24803,315.26254,324.52847,344.46906,379.4447,400.75378,524.31445
310,77.5,2024-08-30 22:15:00,354.29,244.74278,307.5966,318.46417,345.58215,378.2682,399.96725,521.1048
311,77.75,2024-08-30 22:30:00,341.49,249.2362,309.6865,321.4508,351.65085,387.4401,414.0381,544.5693
312,78.0,2024-08-30 22:45:00,335.19,243.28934,303.07318,315.56586,342.4676,376.652,401.14728,525.2049
313,78.25,2024-08-30 23:00:00,330.09,245.91954,304.11847,315.68533,335.99033,369.35266,392.87094,518.7413
314,78.5,2024-08-30 23:15:00,326.16,237.25186,297.3395,310.30096,330.8294,368.50192,393.78873,530.5282
315,78.75,2024-08-30 23:30:00,330.83,219.9335,284.19492,300.4671,326.72403,369.54587,398.35947,542.59564
316,79.0,2024-08-30 23:45:00,308.82,209.42285,278.20715,296.8425,329.1471,373.9898,405.2767,553.4284
317,79.25,2024-08-31 00:00:00,292.0,195.33098,265.16235,284.56964,313.98587,366.5998,398.1592,549.4042
318,79.5,2024-08-31 00:15:00,437.55,118.088974,217.55978,247.24121,310.95465,421.48068,491.8799,737.23157
319,79.75,2024-08-31 00:30:00,360.09,205.26457,289.67108,312.40408,401.35678,491.9096,572.3566,817.7607
320,80.0,2024-08-31 00:45:00,351.7,187.21536,272.0496,298.97626,353.86353,396.72452,427.4022,593.001
321,80.25,2024-08-31 01:00:00,351.61,208.34685,284.37903,308.17828,346.35806,384.39145,404.71805,554.0371
322,80.5,2024-08-31 01:15:00,341.96,148.998,251.70946,281.64023,343.36295,376.84827,407.8013,585.31323
323,80.75,2024-08-31 01:30:00,341.86,157.82,247.47495,280.0305,334.49512,368.89642,404.0707,571.429
324,81.0,2024-08-31 01:45:00,346.69,194.89333,255.32191,285.44333,334.6158,363.04877,396.87656,493.5683
325,81.25,2024-08-31 02:00:00,335.96,198.72491,260.2703,290.42474,338.05817,362.77216,393.9725,470.9661
326,81.5,2024-08-31 02:15:00,341.11,254.82295,283.17587,306.11075,330.40234,343.4895,363.08313,421.83987
327,81.75,2024-08-31 02:30:00,341.02,264.7465,291.016,313.13858,331.98068,342.1249,356.9113,413.45532
328,82.0,2024-08-31 02:45:00,330.78,246.61502,267.30792,294.1903,331.82748,345.9512,362.2338,404.94473
329,82.25,2024-08-31 03:00:00,335.61,248.06416,264.9674,289.88556,324.45102,340.1338,354.38342,403.11716
330,82.5,2024-08-31 03:15:00,332.07,303.96274,293.00214,307.33243,326.76248,334.92755,342.90146,379.05893
331,82.75,2024-08-31 03:30:00,330.07,312.1525,293.74387,305.69562,324.43027,330.19592,334.55856,352.99545
332,83.0,2024-08-31 03:45:00,325.27,288.64572,283.1134,299.72385,323.67764,332.9242,339.41052,364.74664
333,83.25,2024-08-31 04:00:00,306.7,275.58698,273.14566,291.59714,320.0201,332.45392,337.13464,360.30197
334,83.5,2024-08-31 04:15:00,310.05,244.06091,242.24805,265.11646,307.5994,332.582,337.0395,368.97968
335,83.75,2024-08-31 04:30:00,300.03,258.3013,250.11406,270.647,306.58984,329.06528,332.6162,366.13104
336,84.0,2024-08-31 04:45:00,296.48,211.01054,214.62436,241.5746,298.95493,325.60062,329.88498,356.12628
337,84.25,2024-08-31 05:00:00,300.03,191.72841,204.36304,233.9026,296.02997,325.02957,330.0975,357.6835
338,84.5,2024-08-31 05:15:00,298.6,164.18504,198.76176,229.99959,297.1696,324.48587,326.22296,357.07785
339,84.75,2024-08-31 05:30:00,294.19,188.07689,215.9582,242.36319,297.23654,323.514,323.5076,355.28867
340,85.0,2024-08-31 05:45:00,300.02,200.69006,220.96393,244.48306,294.89682,321.57706,322.38004,347.80347
341,85.25,2024-08-31 06:00:00,296.22,197.46211,220.98683,245.40416,299.2274,323.71747,324.39847,345.39932
342,85.5,2024-08-31 06:15:00,298.02,194.43452,227.83134,250.98033,296.22504,322.36084,327.99612,363.2582
343,85.75,2024-08-31 06:30:00,298.02,199.6684,231.76393,253.58133,296.98886,322.50565,325.09897,354.18768
344,86.0,2024-08-31 06:45:00,300.02,207.05975,235.27638,255.35207,298.57208,327.72983,334.3595,363.61383
345,86.25,2024-08-31 07:00:00,292.01,209.98184,240.88635,259.33768,300.61307,328.9558,336.44977,366.17697
346,86.5,2024-08-31 07:15:00,296.22,205.94472,241.88936,259.266,296.20413,326.2493,334.01477,364.53757
347,86.75,2024-08-31 07:30:00,283.0,202.53253,243.79967,261.2849,298.04953,329.02554,339.66937,379.31488
348,87.0,2024-08-31 07:45:00,280.0,184.66666,224.27873,244.84608,288.40686,322.22473,328.1924,354.63284
349,87.25,2024-08-31 08:00:00,278.51,173.76941,216.92046,238.8565,285.7308,323.55215,331.07532,359.25058
350,87.5,2024-08-31 08:15:00,105.84,148.09819,196.85979,221.88985,283.72186,320.57565,326.55893,347.01083
351,87.75,2024-08-31 08:30:00,180.05,79.69875,107.65374,127.327866,160.25996,295.61255,301.64258,310.88052
352,88.0,2024-08-31 08:45:00,243.23999,78.20545,108.0547,128.8045,189.04778,303.97034,314.9204,332.66635
353,88.25,2024-08-31 09:00:00,0.0,95.5267,135.91617,161.1229,236.72269,306.78003,320.6167,337.99985
354,88.5,2024-08-31 09:15:00,143.78,24.383686,38.921844,51.771847,69.76296,307.0675,326.70782,342.9196
355,88.75,2024-08-31 09:30:00,0.0,7.268901,43.69312,61.888916,140.49548,310.85364,328.81802,338.0774
356,89.0,2024-08-31 09:45:00,38.14,-22.220764,-4.6714087,2.6036897,45.457405,300.2502,315.15903,310.08517
357,89.25,2024-08-31 10:00:00,0.0,-47.795654,-25.544527,-15.100593,52.4207,306.0076,321.22223,327.35962
358,89.5,2024-08-31 10:15:00,0.0,-51.326996,-33.323948,-32.573597,22.122538,297.371,311.1936,323.82043
359,89.75,2024-08-31 10:30:00,3.68,-57.472366,-42.489395,-42.244698,12.615443,304.50702,325.1039,335.41617
360,90.0,2024-08-31 10:45:00,4.33,-75.47799,-56.564198,-53.38336,13.138653,297.57748,317.0451,332.4948
361,90.25,2024-08-31 11:00:00,5.8,-77.621666,-50.28053,-43.744003,16.365692,305.01797,323.96582,354.024
362,90.5,2024-08-31 11:15:00,2.66,-68.42882,-53.781292,-49.83132,15.42755,301.54892,322.8822,352.39145
363,90.75,2024-08-31 11:30:00,201.48,-80.185036,-57.452805,-50.895958,12.035637,303.7786,323.59753,362.16797
364,91.0,2024-08-31 11:45:00,4.33,-50.67887,-12.740994,12.910844,161.17688,332.398,364.13824,413.0351
365,91.25,2024-08-31 12:00:00,16.86,-64.49677,-44.310944,-27.977001,42.859303,300.6943,320.51968,362.4279
366,91.5,2024-08-31 12:15:00,301.78,-136.39317,-92.776054,-68.04673,32.24393,317.52698,344.66336,405.3893
367,91.75,2024-08-31 12:30:00,303.55,-55.086067,-6.094908,33.202095,246.09288,358.4441,391.64154,458.90005
368,92.0,2024-08-31 12:45:00,280.97,-33.237408,29.29088,78.89446,293.65378,392.12534,432.43747,510.7459
369,92.25,2024-08-31 13:00:00,284.96,-2.1697447,64.84334,110.78633,284.67715,369.31976,400.96964,464.3906
370,92.5,2024-08-31 13:15:00,285.94,5.5535913,81.02563,123.38468,291.12253,369.75824,399.4524,456.13333
371,92.75,2024-08-31 13:30:00,294.63,5.7249293,77.11354,130.20883,294.97925,378.74063,417.46167,497.9818
372,93.0,2024-08-31 13:45:00,322.12,30.331387,102.90551,154.99423,299.3538,369.23538,402.2756,497.02774
373,93.25,2024-08-31 14:00:00,300.04,74.275665,143.35384,184.96481,320.3641,375.38083,407.79675,473.554
374,93.5,2024-08-31 14:15:00,285.12,107.80516,163.01085,194.16441,307.45468,362.96548,386.00803,426.31522
375,93.75,2024-08-31 14:30:00,302.73,73.62167,148.09908,184.23587,294.66956,347.54944,364.78214,402.4623
376,94.0,2024-08-31 14:45:00,289.57,108.95683,176.35503,207.91766,305.32693,353.30658,373.32257,416.6999
377,94.25,2024-08-31 15:00:00,283.82,88.39797,158.86993,191.30019,294.23273,343.75906,360.2545,402.46295
378,94.5,2024-08-31 15:15:00,278.56,101.18161,170.36955,196.95879,288.36288,342.6093,356.57358,404.2743
379,94.75,2024-08-31 15:30:00,283.64,144.67781,189.20724,209.60129,286.27933,350.28085,366.16187,413.98264
380,95.0,2024-08-31 15:45:00,282.0,153.34387,194.68767,217.31154,290.03632,349.6453,364.68884,425.56207
381,95.25,2024-08-31 16:00:00,287.49,129.75941,182.39256,208.05415,288.29205,351.8003,370.077,424.94675
382,95.5,2024-08-31 16:15:00,280.93,105.37365,165.00717,195.3581,292.19852,360.32816,381.86465,427.19565
383,95.75,2024-08-31 16:30:00,283.96,126.34398,180.93425,209.20013,288.56284,358.6243,379.8077,434.18427
384,96.0,2024-08-31 16:45:00,283.96,151.40465,199.80916,226.19395,291.02283,361.27798,386.0626,446.6889
385,96.25,2024-08-31 17:00:00,320.65,147.54495,201.96883,226.99576,291.01523,357.75702,378.16913,431.64832
386,96.5,2024-08-31 17:15:00,314.84,161.50038,222.06155,246.50613,316.79938,369.2369,390.1655,450.31552
387,96.75,2024-08-31 17:30:00,310.67,172.0954,229.20071,252.37582,315.1693,368.55768,389.29764,446.03857
388,97.0,2024-08-31 17:45:00,314.34,178.93356,227.49512,249.16222,310.5407,355.54764,366.53012,401.87738
389,97.25,2024-08-31 18:00:00,320.32,187.39722,230.56522,252.7665,315.67496,366.84073,383.01675,457.87943
390,97.5,2024-08-31 18:15:00,333.54,200.64505,243.60976,264.3459,321.6667,375.6186,399.51273,501.97028
391,97.75,2024-08-31 18:30:00,343.18,212.87502,249.86627,271.1756,330.51727,374.81696,393.6644,479.74866
392,98.0,2024-08-31 18:45:00,344.52,220.2935,254.99898,276.2802,336.05872,371.95734,383.371,452.28397
393,98.25,2024-08-31 19:00:00,358.4,222.37265,259.89978,281.4735,339.63232,379.6467,395.50467,478.80737
394,98.5,2024-08-31 19:15:00,452.12,222.64532,265.5464,288.77994,350.2697,390.94763,410.11868,511.4541
395,98.75,2024-08-31 19:30:00,403.14,276.1732,315.30786,332.98718,414.91602,464.7329,497.32703,638.2033
396,99.0,2024-08-31 19:45:00,412.83,283.5287,319.63684,335.42728,392.2289,449.0226,475.87015,608.42993
397,99.25,2024-08-31 20:00:00,405.54996,290.99417,327.59778,343.32962,397.64938,452.4331,477.88806,604.25806
398,99.5,2024-08-31 20:15:00,405.13,288.61517,325.26785,342.48795,394.89548,454.5194,486.5751,624.00836
399,99.75,2024-08-31 20:30:00,415.43,296.16483,331.6538,347.8636,393.61154,453.5761,489.7749,636.35114
400,100.0,2024-08-31 20:45:00,427.99,306.18036,342.865,355.57343,399.37924,451.51987,482.69586,620.4828
401,100.25,2024-08-31 21:00:00,461.92,314.54462,354.12897,365.6945,411.22424,487.78366,534.6853,690.29596
402,100.5,2024-08-31 21:15:00,476.55,317.63486,358.0639,369.64465,436.857,549.098,613.9044,791.80676
403,100.75,2024-08-31 21:30:00,466.86,331.55008,369.2735,380.3735,452.06973,598.44446,669.3765,863.3414
404,101.0,2024-08-31 21:45:00,466.86,336.11243,367.7714,378.82657,449.92227,599.1679,667.50635,849.41675
405,101.25,2024-08-31 22:00:00,481.87,335.85168,368.42786,379.09006,448.166,588.7886,656.62146,853.48126
406,101.5,2024-08-31 22:15:00,453.14005,334.67664,370.05878,383.2247,459.74304,609.30365,692.05334,918.99744
407,101.75,2024-08-31 22:30:00,402.53,356.11545,379.91312,389.1392,442.7283,581.06647,658.82666,877.8164
408,102.0,2024-08-31 22:45:00,398.25,342.16644,372.26132,380.32288,404.696,506.57816,565.7548,753.09845
409,102.25,2024-08-31 23:00:00,375.58,328.5162,363.82047,372.34164,394.38013,475.66843,529.04297,694.86334
410,102.5,2024-08-31 23:15:00,343.69,301.92667,345.3795,356.68268,376.15698,447.44327,497.25986,656.93677
411,102.75,2024-08-31 23:30:00,356.33,291.91397,331.46246,341.14465,350.62466,408.72955,447.333,589.82587
412,103.0,2024-08-31 23:45:00,335.97,287.1239,333.28827,340.80887,355.13983,401.47733,433.15082,574.1687
413,103.25,2024-09-01 00:00:00,350.07,254.2592,313.11252,325.04178,341.50565,397.64,430.06006,573.44305
414,103.5,2024-09-01 00:15:00,499.60004,170.93674,272.00314,294.78146,344.7477,420.37344,457.07083,629.02124
415,103.75,2024-09-01 00:30:00,649.04,274.8678,350.15213,365.32718,453.53015,535.1105,595.1925,802.72766
416,104.0,2024-09-01 00:45:00,478.72998,326.28897,385.9195,400.88525,564.2123,759.8429,860.10144,1132.2576
417,104.25,2024-09-01 01:00:00,434.96002,345.05554,400.4015,411.06638,474.86725,630.6718,701.0514,904.1309
418,104.5,2024-09-01 01:15:00,421.86,321.90625,382.38242,398.18393,432.31354,524.7756,566.43695,706.2717
419,104.75,2024-09-01 01:30:00,424.78998,305.5409,366.21317,383.1682,413.83508,477.58893,522.8686,665.28503
420,105.0,2024-09-01 01:45:00,408.84998,307.29755,369.12204,387.52332,414.43088,485.04034,557.49854,729.8156
421,105.25,2024-09-01 02:00:00,411.40002,318.07642,372.81137,384.9372,398.64963,437.8418,489.7433,608.08826
422,105.5,2024-09-01 02:15:00,406.31,355.00806,384.72815,391.24796,397.85733,415.9958,446.45175,495.68454
423,105.75,2024-09-01 02:30:00,381.4,336.02805,381.74887,390.30334,396.01007,415.27954,441.50876,508.3637
424,106.0,2024-09-01 02:45:00,373.01,311.6166,352.68665,367.34384,377.95276,400.77798,415.8544,477.5528
425,106.25,2024-09-01 03:00:00,382.7,292.09802,340.74747,356.54105,370.25363,391.1478,402.09116,475.61288
426,106.5,2024-09-01 03:15:00,375.35,329.28436,360.13843,367.63696,373.42444,391.07733,401.18124,480.18738
427,106.75,2024-09-01 03:30:00,367.37,334.54532,355.97958,362.81204,369.114,388.453,399.271,468.22186
428,107.0,2024-09-01 03:45:00,362.26,331.4534,344.3009,350.26257,361.3037,377.03625,385.54938,438.6966
429,107.25,2024-09-01 04:00:00,354.42,299.8314,327.25824,338.0985,357.40994,371.78696,379.8568,422.8685
430,107.5,2024-09-01 04:15:00,352.42,253.02803,295.41617,314.12064,351.44733,377.01526,387.4924,430.8728
431,107.75,2024-09-01 04:30:00,350.02,276.3141,307.13303,321.88657,348.64218,369.6922,378.6987,421.25018
432,108.0,2024-09-01 04:45:00,350.02,289.42697,303.82495,317.18256,344.7732,365.95786,376.27765,405.67746
433,108.25,2024-09-01 05:00:00,340.03,285.85605,312.67172,324.7991,345.852,364.20792,375.4566,411.87732
434,108.5,2024-09-01 05:15:00,338.03,258.68967,308.32297,323.11127,340.05643,360.10785,370.52045,418.2404
435,108.75,2024-09-01 05:30:00,340.03,262.783,306.43655,321.99258,338.89597,361.2148,371.19424,421.89035
436,109.0,2024-09-01 05:45:00,340.03,271.69656,306.83038,320.99838,338.1795,359.1454,365.16452,409.12012
437,109.25,2024-09-01 06:00:00,340.03,273.4921,308.25073,322.77524,340.37186,365.02954,375.15976,429.0753
438,109.5,2024-09-01 06:15:00,362.39,274.73663,311.54865,326.61395,342.5968,373.06454,388.18372,454.62396
439,109.75,2024-09-01 06:30:00,359.4,284.70697,321.40894,336.54254,358.34283,381.15475,391.85757,438.2511
440,110.0,2024-09-01 06:45:00,362.39,292.5531,326.26553,340.2309,359.34055,389.69727,397.4601,427.09515
441,110.25,2024-09-01 07:00:00,363.33,294.40106,331.8443,344.49927,362.2898,391.69476,400.0442,422.40897
442,110.5,2024-09-01 07:15:00,341.81,291.89804,331.5314,342.6089,363.41266,389.38452,397.62787,417.4173
443,110.75,2024-09-01 07:30:00,331.3,282.93085,324.2094,335.6331,349.0232,383.3295,396.6438,430.05426
444,111.0,2024-09-01 07:45:00,341.81,256.31763,306.20224,319.8796,338.5023,376.65326,393.16373,438.26666
445,111.25,2024-09-01 08:00:00,360.7,248.73032,301.84637,318.7355,345.77286,390.90863,414.62427,476.5917
446,111.5,2024-09-01 08:15:00,397.44003,242.46425,299.83316,321.30853,360.91193,414.5337,445.59665,525.0102
447,111.75,2024-09-01 08:30:00,428.82,273.57248,330.4311,348.52792,390.28497,438.24106,467.13385,541.27673
448,112.0,2024-09-01 08:45:00,448.08,307.50125,363.6634,378.20627,418.8592,480.7342,516.7168,606.8214
449,112.25,2024-09-01 09:00:00,525.11,322.2766,378.94354,392.49783,436.67493,514.7754,557.02203,655.8383
450,112.5,2024-09-01 09:15:00,508.6,364.97327,411.87137,423.54233,493.79318,620.7007,689.36017,826.9454
451,112.75,2024-09-01 09:30:00,501.05997,368.094,410.5085,423.60614,492.11993,635.22296,706.40045,843.8946
452,113.0,2024-09-01 09:45:00,471.07996,371.1548,412.39822,425.86584,487.18835,624.3437,691.6546,823.872
453,113.25,2024-09-01 10:00:00,467.59003,352.3609,397.18103,412.47308,465.0499,581.448,637.0492,747.10223
454,113.5,2024-09-01 10:15:00,470.52,351.8804,394.81427,410.9663,458.84326,564.4534,620.169,728.15967
455,113.75,2024-09-01 10:30:00,504.79004,343.37668,392.26572,411.8004,459.52722,557.1604,611.4316,725.4162
456,114.0,2024-09-01 10:45:00,470.17,355.28473,403.52713,424.9658,483.7634,589.4317,650.4812,779.19794
457,114.25,2024-09-01 11:00:00,476.22003,323.6852,378.68127,405.43576,464.6258,562.52686,616.2559,746.60187
458,114.5,2024-09-01 11:15:00,468.27,307.1837,366.751,398.52295,466.30136,567.20013,621.2161,768.9882
459,114.75,2024-09-01 11:30:00,454.36,277.91495,340.29898,374.99734,459.76105,547.6266,590.24414,715.3281
460,115.0,2024-09-01 11:45:00,422.07,259.40182,315.6088,351.89856,447.9115,526.20544,560.2676,665.6986
461,115.25,2024-09-01 12:00:00,321.41,200.09752,270.30188,312.64536,420.97983,481.48337,506.03452,592.25854
462,115.5,2024-09-01 12:15:00,416.06,99.67312,174.90685,224.92685,345.16855,419.5683,436.98993,505.61792
463,115.75,2024-09-01 12:30:00,450.92,127.77172,209.69658,259.54245,399.92172,434.32852,456.6145,547.9238
464,116.0,2024-09-01 12:45:00,478.33,173.14075,254.32895,299.22766,433.19104,471.22186,498.96228,600.51575
465,116.25,2024-09-01 13:00:00,495.97,199.72469,293.46548,333.65527,458.1668,503.9156,534.22906,627.5594
466,116.5,2024-09-01 13:15:00,696.09,224.6619,322.2215,358.0563,477.7869,536.4215,568.16516,651.2572
467,116.75,2024-09-01 13:30:00,648.97,314.67404,391.62915,422.27844,617.69086,780.2613,857.8624,1024.8146
468,117.0,2024-09-01 13:45:00,619.03,351.97562,415.6328,441.79715,615.5778,821.4527,907.6248,1079.227
469,117.25,2024-09-01 14:00:00,601.6,388.19885,441.566,466.01215,597.8138,790.78925,870.11743,1023.7335
470,117.5,2024-09-01 14:15:00,692.48,400.04617,441.8892,462.58646,583.1519,759.9717,839.0511,971.53656
471,117.75,2024-09-01 14:30:00,471.88,437.69733,469.14148,493.62924,645.0372,852.73694,953.8575,1114.8665
472,118.0,2024-09-01 14:45:00,524.75,418.02597,444.37228,460.90536,496.57904,673.91205,747.99744,871.7421
473,118.25,2024-09-01 15:00:00,483.14,424.31308,447.35123,460.3578,505.07565,630.78955,697.02875,787.1747
474,118.5,2024-09-01 15:15:00,446.73,414.38116,445.73328,455.9408,480.4473,580.1969,637.4482,719.7566
475,118.75,2024-09-01 15:30:00,430.57,405.7848,423.57907,439.6659,450.719,544.7897,592.6105,675.78644
476,119.0,2024-09-01 15:45:00,439.61,383.8106,410.96298,422.62936,430.8629,478.5401,491.8934,523.0949
477,119.25,2024-09-01 16:00:00,430.06998,362.14783,405.99704,419.8014,436.48077,498.15225,521.7939,596.28406
478,119.5,2024-09-01 16:15:00,421.14,323.04623,383.57083,402.96457,432.61203,511.07513,549.89703,678.7378
479,119.75,2024-09-01 16:30:00,418.85,326.11444,373.55695,390.50327,422.56384,502.15735,529.85565,648.1934
480,120.0,2024-09-01 16:45:00,402.57,317.9667,375.79196,387.0387,421.2043,484.86584,515.011,632.68317
481,120.25,2024-09-01 17:00:00,435.52,287.2736,357.78934,373.78976,407.2155,467.0087,495.5924,608.23883
482,120.5,2024-09-01 17:15:00,452.71002,277.6875,363.58325,382.0649,427.1201,475.5102,505.86053,606.28467
483,120.75,2024-09-01 17:30:00,396.79,322.46274,383.59784,394.2265,437.72525,475.47482,499.98453,569.92993
484,121.0,2024-09-01 17:45:00,392.06,309.76978,377.40552,385.25516,402.76785,441.73737,464.27335,524.50037
485,121.25,2024-09-01 18:00:00,397.92996,297.54813,364.16638,372.25537,393.7004,426.27573,445.00845,491.49997
486,121.5,2024-09-01 18:15:00,419.99002,302.0292,365.0639,374.51794,400.16064,439.8325,469.67557,541.55255
487,121.75,2024-09-01 18:30:00,431.79996,311.62018,364.99768,376.2885,415.58014,461.5606,502.28333,579.5545
488,122.0,2024-09-01 18:45:00,523.13,334.84827,382.6771,389.85916,425.1748,473.98557,511.5104,594.2931
489,122.25,2024-09-01 19:00:00,557.63,379.23978,414.77435,418.9037,489.52036,585.68854,647.07764,771.5322
490,122.5,2024-09-01 19:15:00,776.94,404.8676,425.33716,429.76096,522.96844,672.6698,748.1822,892.1392
491,122.75,2024-09-01 19:30:00,539.21,407.04224,425.22333,441.69217,667.0844,875.4913,955.48676,1101.12
492,123.0,2024-09-01 19:45:00,533.48,418.14926,429.02435,439.45767,541.94055,749.34393,816.9616,913.2069
493,123.25,2024-09-01 20:00:00,472.67,396.5225,407.82178,422.31598,512.35614,655.99646,708.1091,786.2953
494,123.5,2024-09-01 20:15:00,482.53,399.942,404.79114,414.70944,469.64233,601.5561,664.111,760.02124
495,123.75,2024-09-01 20:30:00,480.34,380.26816,401.674,416.24615,468.20563,609.1671,696.7823,838.071
496,124.0,2024-09-01 20:45:00,510.08,377.41776,407.10526,418.1736,466.38364,564.919,637.4905,748.75073
497,124.25,2024-09-01 21:00:00,483.67,376.21875,416.6694,427.38907,485.79553,608.3192,682.40686,793.7996
498,124.5,2024-09-01 21:15:00,453.93997,369.73444,417.17844,428.0953,473.6462,598.53143,668.64404,803.4027
499,124.75,2024-09-01 21:30:00,430.04,365.80185,412.21933,424.32706,449.2273,572.0658,625.5189,779.5508
500,125.0,2024-09-01 21:45:00,415.08,349.1238,405.9858,416.12112,432.11752,537.41046,587.1027,764.45386
501,125.25,2024-09-01 22:00:00,400.08997,322.70248,387.72656,399.61267,414.53323,509.0888,558.2614,769.09595
502,125.5,2024-09-01 22:15:00,390.08,297.10483,368.41574,380.94852,400.3763,474.10474,522.5381,715.61176
503,125.75,2024-09-01 22:30:00,375.05,315.44217,367.79993,372.74014,386.92776,448.66476,486.64288,651.7217
504,126.0,2024-09-01 22:45:00,370.08,275.23288,349.0081,357.2189,375.9923,426.04053,458.47885,617.7749
505,126.25,2024-09-01 23:00:00,350.03,275.64383,343.68896,352.39734,369.1885,417.57837,449.49072,586.3767
506,126.5,2024-09-01 23:15:00,342.48,259.3599,327.05167,337.206,353.05118,393.99048,420.501,535.89404
507,126.75,2024-09-01 23:30:00,339.97,266.41162,318.02597,328.28482,344.84906,391.2992,423.3941,535.63116
508,127.0,2024-09-01 23:45:00,306.0,246.97357,311.038,322.92175,342.2239,402.80267,444.7844,594.1629
509,127.25,2024-09-02 00:00:00,350.03,211.80463,281.37915,296.82043,317.67184,396.73355,441.89072,603.5857
510,127.5,2024-09-02 00:15:00,380.01,237.64049,305.71402,316.79654,336.7211,387.41885,412.23914,526.88806
511,127.75,2024-09-02 00:30:00,360.01,264.18283,323.58096,335.11172,368.8127,402.25485,431.4746,537.1393
512,128.0,2024-09-02 00:45:00,356.02,281.15625,334.57733,347.9533,364.37857,436.89117,485.38135,604.9536
513,128.25,2024-09-02 01:00:00,345.02,273.73,323.87582,337.83414,352.7801,393.18546,416.4162,479.64343
514,128.5,2024-09-02 01:15:00,344.92,283.93765,321.8719,336.16168,342.47717,359.63452,362.20563,369.93683
515,128.75,2024-09-02 01:30:00,348.02,287.49557,323.699,333.55804,340.7154,357.82547,360.08554,378.27463
516,129.0,2024-09-02 01:45:00,350.02,267.10022,310.7968,324.52606,342.00482,348.469,349.83878,389.7858
517,129.25,2024-09-02 02:00:00,350.02,265.77164,309.32635,320.97714,341.5376,351.0385,356.38376,389.07343
518,129.5,2024-09-02 02:15:00,341.98,220.60918,285.87357,306.5874,343.83173,353.8182,365.48615,407.22974
519,129.75,2024-09-02 02:30:00,345.02,201.8863,280.13086,303.3263,339.81104,357.82394,372.71326,434.53207
520,130.0,2024-09-02 02:45:00,335.51,206.38269,282.20068,305.0452,340.8471,364.00836,379.94006,452.91925
521,130.25,2024-09-02 03:00:00,340.02,195.70882,274.2042,296.54327,332.76715,355.64444,364.10223,423.11234
522,130.5,2024-09-02 03:15:00,337.48,162.91225,254.15288,281.5335,333.17053,352.56625,359.5718,409.8568
523,130.75,2024-09-02 03:30:00,339.02,159.70317,248.72392,278.02634,331.94,350.76883,360.22794,409.2214
524,131.0,2024-09-02 03:45:00,330.01,142.73021,231.79521,264.55377,333.2375,350.92435,359.33743,395.21375
525,131.25,2024-09-02 04:00:00,332.02,138.29489,227.61111,260.70728,327.86533,355.0826,368.7109,415.36823
526,131.5,2024-09-02 04:15:00,320.0,150.56633,239.11755,268.04062,328.2353,356.15384,371.85214,423.0155
527,131.75,2024-09-02 04:30:00,330.01,151.76735,236.42546,263.9223,319.6323,349.09293,364.92032,417.22052
528,132.0,2024-09-02 04:45:00,320.0,185.29507,260.42947,283.14566,325.52213,346.90927,358.39743,403.94672
529,132.25,2024-09-02 05:00:00,320.32,191.12868,267.25156,286.13968,319.99686,341.24753,350.94955,402.10284
530,132.5,2024-09-02 05:15:00,310.0,211.40636,275.14642,293.4652,321.41705,343.8919,354.1554,400.71786
531,132.75,2024-09-02 05:30:00,320.0,211.13626,269.88217,289.00967,316.22635,347.39368,361.40405,417.83765
532,133.0,2024-09-02 05:45:00,315.0,221.38426,277.6635,296.40433,323.26984,355.22702,371.3642,434.58307
533,133.25,2024-09-02 06:00:00,320.0,218.5176,277.84906,297.13007,322.55923,362.78925,383.2877,453.40314
534,133.5,2024-09-02 06:15:00,321.0,227.28293,280.4653,301.05487,327.74313,370.7631,389.75635,448.68027
535,133.75,2024-09-02 06:30:00,330.01,229.75885,281.41684,300.74423,328.29083,364.8955,376.6974,417.61618
536,134.0,2024-09-02 06:45:00,330.01,234.73376,289.50708,308.06943,334.2832,365.00415,372.60788,407.19028
537,134.25,2024-09-02 07:00:00,314.88,230.71194,290.73785,308.9918,335.24817,366.6116,374.3409,407.8203
538,134.5,2024-09-02 07:15:00,302.01,216.2583,278.48303,297.52618,323.76483,359.77313,366.2647,404.52
539,134.75,2024-09-02 07:30:00,300.06,198.75323,264.9788,285.23187,312.96304,356.7538,364.75415,411.13028
540,135.0,2024-09-02 07:45:00,295.07,183.27321,255.9635,278.41577,309.89716,363.60803,379.06195,449.25812
541,135.25,2024-09-02 08:00:00,320.03,172.22038,249.66988,272.86646,306.54617,365.67224,383.3063,462.9703
542,135.5,2024-09-02 08:15:00,331.83,179.10608,261.44434,285.8414,323.0489,371.82846,389.03214,472.81503
543,135.75,2024-09-02 08:30:00,333.03,181.67413,270.73563,295.9002,335.64133,379.51178,396.15195,475.90436
544,136.0,2024-09-02 08:45:00,340.19,164.41226,264.1221,291.43283,338.0407,377.60538,390.2194,461.64005
545,136.25,2024-09-02 09:00:00,338.16,156.92815,260.47986,289.74396,343.8505,383.50732,396.8903,469.027
546,136.5,2024-09-02 09:15:00,338.35,146.2738,250.48434,281.46118,341.94565,380.68622,391.8284,456.2025
547,136.75,2024-09-02 09:30:00,337.99,141.15929,244.14687,276.29147,341.33554,380.56213,392.17963,454.98505
548,137.0,2024-09-02 09:45:00,334.78,129.26599,233.3446,267.7377,339.6247,378.48416,389.48248,446.1461
549,137.25,2024-09-02 10:00:00,345.22,122.73676,224.7583,260.72577,337.32236,375.5701,386.2977,443.19202
550,137.5,2024-09-02 10:15:00,321.93,118.24296,221.6044,260.1007,344.26147,379.58844,390.53696,450.44238
551,137.75,2024-09-02 10:30:00,312.07,94.03837,200.2581,241.79082,328.83282,374.26456,384.50806,447.04358
552,138.0,2024-09-02 10:45:00,311.83,80.122444,185.23761,228.40767,320.38425,371.15176,381.4981,446.12314
553,138.25,2024-09-02 11:00:00,309.71,68.40124,172.8234,218.90776,318.5814,372.34174,384.21082,457.3258
554,138.5,2024-09-02 11:15:00,314.54,58.123363,161.97127,210.14966,316.28644,370.52997,382.8499,458.2078
555,138.75,2024-09-02 11:30:00,305.39,41.55682,149.41324,200.46556,319.22546,368.7797,378.34964,449.25604
556,139.0,2024-09-02 11:45:00,297.31,18.926882,132.57732,186.22316,312.2188,365.98654,372.92975,436.61307
557,139.25,2024-09-02 12:00:00,255.05,1.2503316,113.87606,169.26402,306.46295,359.77527,365.21225,414.3865
558,139.5,2024-09-02 12:15:00,306.65,-30.977022,79.557205,134.90158,275.04517,351.11725,354.37698,393.29178
559,139.75,2024-09-02 12:30:00,330.8,-19.344027,96.93096,152.75465,305.4043,355.53067,361.7023,397.19022
560,140.0,2024-09-02 12:45:00,339.45,-2.1585145,117.17706,172.81877,327.83707,367.54956,377.77576,414.66232
561,140.25,2024-09-02 13:00:00,339.99,22.58629,146.90446,200.30571,338.30545,379.10046,391.35544,446.5107
562,140.5,2024-09-02 13:15:00,352.9,38.25219,168.75117,219.20557,342.43066,387.05185,402.08942,481.4218
563,140.75,2024-09-02 13:30:00,377.92,70.41717,195.10303,244.08994,354.2265,399.85413,419.92932,519.3512
564,141.0,2024-09-02 13:45:00,380.56,109.92662,231.2697,277.18164,375.23193,417.68875,444.61234,562.6053
565,141.25,2024-09-02 14:00:00,376.92996,160.5635,267.90555,305.52365,382.4572,424.98987,452.1506,561.6425
566,141.5,2024-09-02 14:15:00,367.61,200.77391,292.19177,321.03342,380.07278,421.04788,444.3842,530.208
567,141.75,2024-09-02 14:30:00,353.93,200.24379,295.1315,323.25827,372.81345,414.86743,434.3266,502.8441
568,142.0,2024-09-02 14:45:00,336.83,189.98912,289.08218,319.50708,363.29202,408.67847,426.59216,488.9941
569,142.25,2024-09-02 15:00:00,344.23,179.14801,277.4643,308.64322,349.3898,397.37128,414.5025,480.3179
570,142.5,2024-09-02 15:15:00,328.87,185.55852,286.68726,315.56326,351.44833,396.75598,414.8535,487.2664
571,142.75,2024-09-02 15:30:00,335.81,196.21587,290.37067,314.01453,341.3841,387.6057,402.75436,459.83322
572,143.0,2024-09-02 15:45:00,350.49,202.52934,290.4436,311.9824,345.00134,387.33228,401.12048,448.2378
573,143.25,2024-09-02 16:00:00,345.84,195.5348,289.47363,311.95926,353.89893,392.92963,410.0185,463.91968
574,143.5,2024-09-02 16:15:00,354.73,185.381,283.45883,306.50784,352.14966,395.24466,416.16992,477.93927
575,143.75,2024-09-02 16:30:00,359.99,198.01721,291.54758,313.27258,357.9671,400.7921,423.11868,495.87073
576,144.0,2024-09-02 16:45:00,363.3,223.14131,308.24167,326.69998,363.05942,404.2784,427.23752,500.45428
577,144.25,2024-09-02 17:00:00,388.16,224.50089,309.76132,328.9418,366.22186,405.6968,427.5732,493.0202
578,144.5,2024-09-02 17:15:00,403.60004,230.88959,318.3408,338.25797,382.41937,416.74625,437.2616,496.65796
579,144.75,2024-09-02 17:30:00,366.69,248.89267,332.82578,351.56833,396.3845,434.13702,457.20926,516.34326
580,145.0,2024-09-02 17:45:00,373.58002,239.12256,322.20554,340.30585,372.40494,412.02426,428.80173,482.18973
581,145.25,2024-09-02 18:00:00,356.78,243.76819,325.46918,342.59415,372.07532,405.78784,419.01172,475.03363
582,145.5,2024-09-02 18:15:00,379.44,247.13326,324.04538,340.51166,362.06802,399.8175,414.07526,476.98663
583,145.75,2024-09-02 18:30:00,391.32996,272.78467,338.81882,354.72815,377.16953,408.54413,426.30972,519.8312
584,146.0,2024-09-02 18:45:00,417.5,290.1164,350.61023,364.96692,386.53754,414.33145,430.52637,542.68005
585,146.25,2024-09-02 19:00:00,401.77,314.0372,365.8123,379.40576,406.94,436.9105,455.82138,556.3201
586,146.5,2024-09-02 19:15:00,439.97,304.23108,350.50635,367.2498,399.72614,431.73138,446.0966,530.9189
587,146.75,2024-09-02 19:30:00,440.84,306.0435,355.70032,376.05548,423.86905,464.91534,489.33395,608.4368
588,147.0,2024-09-02 19:45:00,437.97,295.05396,352.0727,373.826,426.1886,476.82523,506.48764,647.3707
589,147.25,2024-09-02 20:00:00,401.13998,322.16666,374.59012,390.9651,424.70706,483.04095,515.70996,676.40784
590,147.5,2024-09-02 20:15:00,400.68,316.1117,369.8054,384.28723,400.1315,450.8147,477.63943,635.86774
591,147.75,2024-09-02 20:30:00,429.09,296.58707,357.90393,376.07898,398.1498,437.9374,461.24158,602.25226
592,148.0,2024-09-02 20:45:00,420.9,293.03867,363.49866,383.18143,418.28033,458.19058,487.61935,634.75964
593,148.25,2024-09-02 21:00:00,430.84,300.52332,370.72382,387.8596,414.82193,462.36404,495.31595,658.6294
594,148.5,2024-09-02 21:15:00,420.88,306.99048,378.6275,392.2765,420.5836,469.6996,502.85904,673.9709
595,148.75,2024-09-02 21:30:00,440.71,298.55475,377.53912,392.11627,415.17816,475.44623,511.0866,693.6298
596,149.0,2024-09-02 21:45:00,454.5,285.40836,373.78503,392.8628,427.9897,510.3289,558.90497,770.8202
597,149.25,2024-09-02 22:00:00,438.86,288.80432,374.68408,394.4946,438.87552,530.6269,581.58325,804.9069
598,149.5,2024-09-02 22:15:00,419.37003,289.92892,373.8179,393.2967,429.8948,518.2807,566.58984,791.52057
599,149.75,2024-09-02 22:30:00,478.94998,295.88406,370.98676,387.5835,414.5246,486.68423,528.1379,747.074
600,150.0,2024-09-02 22:45:00,421.35995,319.4569,386.41245,401.7893,452.0556,540.2188,596.45264,847.1691
601,150.25,2024-09-02 23:00:00,351.15,295.2227,372.86267,390.0781,418.38297,493.9307,540.8322,776.0177
602,150.5,2024-09-02 23:15:00,353.69,245.68353,336.13257,356.29346,364.08923,425.15152,455.3805,664.7149
603,150.75,2024-09-02 23:30:00,339.74,232.6514,322.93515,343.02814,356.44577,399.1942,424.81256,607.7992
604,151.0,2024-09-02 23:45:00,339.82,219.4104,307.46613,330.80875,345.9868,401.09213,438.9513,635.163
605,151.25,2024-09-03 00:00:00,350.37,197.06863,293.1973,318.07358,343.87167,395.8615,429.99564,620.4531
606,151.5,2024-09-03 00:15:00,482.97,209.72755,301.19843,324.22418,353.54495,380.93134,402.80896,548.24774
607,151.75,2024-09-03 00:30:00,443.0,276.21225,362.17953,384.0298,448.04135,510.31854,567.4463,768.08545
608,152.0,2024-09-03 00:45:00,400.5,253.2542,339.79706,369.0035,434.34293,538.584,607.2461,818.6237
609,152.25,2024-09-03 01:00:00,388.59003,234.84619,321.35492,354.27463,398.84164,465.58478,507.84457,665.4779
610,152.5,2024-09-03 01:15:00,400.85,244.91518,318.29004,347.4648,385.9809,443.28748,482.1257,622.7147
611,152.75,2024-09-03 01:30:00,437.33,275.80978,338.43253,363.7973,393.4097,443.96725,491.7247,628.89575
612,153.0,2024-09-03 01:45:00,441.19,314.34576,365.8402,387.2398,418.90326,461.41837,510.53537,623.9208
613,153.25,2024-09-03 02:00:00,427.41,327.18277,376.31158,394.71915,423.02737,470.29987,514.8158,602.8104
614,153.5,2024-09-03 02:15:00,408.93997,313.0284,369.50143,388.129,417.14594,471.7833,516.5611,592.9615
615,153.75,2024-09-03 02:30:00,388.89005,311.07303,370.60165,389.91293,405.77356,470.52423,514.29895,612.2404
616,154.0,2024-09-03 02:45:00,382.5,305.30447,359.81577,378.50394,388.29962,442.4867,480.06467,567.5834
617,154.25,2024-09-03 03:00:00,378.86002,305.97458,356.94003,373.90997,379.88882,421.9318,455.33344,540.91266
618,154.5,2024-09-03 03:15:00,390.61,290.2705,347.78116,367.61475,377.22128,412.87997,441.6196,530.4347
619,154.75,2024-09-03 03:30:00,373.53003,295.0702,343.97128,363.9272,384.5411,413.88232,441.97736,524.5662
620,155.0,2024-09-03 03:45:00,371.67004,290.0192,337.1493,355.88776,373.5342,397.85764,418.4893,489.4904
621,155.25,2024-09-03 04:00:00,350.39,279.313,333.52295,352.4345,369.8053,392.25143,407.4676,461.27957
622,155.5,2024-09-03 04:15:00,349.42,226.29114,298.9676,322.30322,353.38596,375.02734,385.30948,425.70572
623,155.75,2024-09-03 04:30:00,349.42,237.68509,302.9442,324.05884,349.69995,368.48474,380.5813,430.54877
624,156.0,2024-09-03 04:45:00,349.42,248.94995,310.5627,327.6247,347.74213,359.50427,368.4853,422.07617
625,156.25,2024-09-03 05:00:00,349.42,245.47021,314.73764,331.66876,349.03006,362.34937,374.51523,440.16742
626,156.5,2024-09-03 05:15:00,349.71,240.32242,314.10754,331.5421,351.06625,370.0602,387.50308,465.77344
627,156.75,2024-09-03 05:30:00,349.13,241.74858,310.73364,329.5497,352.3023,373.59433,390.15607,455.79144
628,157.0,2024-09-03 05:45:00,352.0,246.1959,314.97934,333.32532,353.35837,382.47772,403.2228,474.60065
629,157.25,2024-09-03 06:00:00,350.01,252.31096,321.18723,338.1243,356.1284,389.83267,412.64102,494.8048
630,157.5,2024-09-03 06:15:00,360.03,257.9414,327.4738,342.08215,355.72885,392.253,415.5517,505.49283
631,157.75,2024-09-03 06:30:00,360.93,276.1411,338.35855,351.0794,361.68298,383.03363,396.05692,453.68683
632,158.0,2024-09-03 06:45:00,360.22,280.3336,340.73178,354.40186,363.96893,383.07916,393.01434,436.8044
633,158.25,2024-09-03 07:00:00,350.65,275.61346,339.07516,352.29938,364.30167,387.0311,398.49252,442.6985
634,158.5,2024-09-03 07:15:00,330.81,264.69913,327.14328,341.89838,357.8242,388.7566,403.1732,452.90277
635,158.75,2024-09-03 07:30:00,332.06,261.18185,320.68463,333.9886,342.69727,381.14157,398.13452,452.0599
636,159.0,2024-09-03 07:45:00,330.71,261.06967,318.97934,331.25607,341.02246,379.2557,397.54953,452.80682
637,159.25,2024-09-03 08:00:00,332.35,246.19531,309.9608,324.92685,340.09033,381.6487,400.0268,455.6892
638,159.5,2024-09-03 08:15:00,336.16,237.02495,306.98083,323.26904,340.9951,379.7068,395.01617,441.9574
639,159.75,2024-09-03 08:30:00,351.9,234.57698,306.63208,323.9997,344.40033,379.55026,392.25333,432.6082
640,160.0,2024-09-03 08:45:00,362.47,239.31328,312.18057,330.61716,356.7303,393.457,410.2171,458.35547
641,160.25,2024-09-03 09:00:00,340.04,240.53491,312.2077,331.81946,365.47778,405.03497,426.2059,478.3359
642,160.5,2024-09-03 09:15:00,353.37,222.4328,294.35263,315.47366,350.3181,394.68213,413.60538,460.67993
643,160.75,2024-09-03 09:30:00,353.45,210.07997,284.74057,307.95227,355.68948,393.89716,411.02054,453.40814
644,161.0,2024-09-03 09:45:00,336.15,191.94669,270.82913,297.0204,354.71844,390.77768,405.1619,443.37695
645,161.25,2024-09-03 10:00:00,341.71,181.75504,259.48294,286.07675,342.7987,379.71606,389.61346,419.65735
646,161.5,2024-09-03 10:15:00,332.08,170.09074,251.619,279.70056,344.9028,377.0118,384.44775,412.57532
647,161.75,2024-09-03 10:30:00,332.61,150.98418,237.05585,268.4234,339.2036,381.02756,393.6784,437.3379
648,162.0,2024-09-03 10:45:00,333.23,136.46332,225.23491,259.99826,339.82773,385.12064,401.48117,456.00903
649,162.25,2024-09-03 11:00:00,330.29,121.77099,213.63416,251.50204,340.4751,386.709,402.9221,460.66226
650,162.5,2024-09-03 11:15:00,336.5,107.870316,201.38808,241.21709,338.00018,386.02393,402.6521,460.60553
651,162.75,2024-09-03 11:30:00,335.93,95.16261,191.3063,233.48633,341.52655,385.75977,400.90573,455.2081
652,163.0,2024-09-03 11:45:00,328.38,88.014465,184.00043,227.72249,341.68207,386.60913,401.49176,453.90024
653,163.25,2024-09-03 12:00:00,288.83,82.89717,177.85515,221.32602,336.47238,383.87366,398.14838,448.4907
654,163.5,2024-09-03 12:15:00,335.88,47.401234,147.50786,191.40277,305.65775,375.60907,389.19836,447.18082
655,163.75,2024-09-03 12:30:00,341.07,66.81021,168.85493,212.90497,334.7882,381.9186,395.76114,454.7069
656,164.0,2024-09-03 12:45:00,359.66,85.079475,187.90349,230.7645,344.84244,388.05554,402.41965,462.3959
657,164.25,2024-09-03 13:00:00,359.55,109.39482,216.1505,256.16058,359.9619,397.75604,413.72357,479.60757
658,164.5,2024-09-03 13:15:00,372.37,124.63895,235.33578,271.57263,363.61874,403.6901,419.91623,490.70444
659,164.75,2024-09-03 13:30:00,375.50998,160.75012,265.35672,298.73444,375.57358,418.5681,440.72708,526.0814
660,165.0,2024-09-03 13:45:00,398.07,189.92647,286.85287,317.2777,381.16766,427.01602,454.02,545.4786
661,165.25,2024-09-03 14:00:00,364.48,231.76183,320.8917,346.6271,398.89853,446.16028,476.4527,567.3874
662,165.5,2024-09-03 14:15:00,363.91,235.33873,317.97504,339.59982,375.9137,428.19943,452.119,521.6032
663,165.75,2024-09-03 14:30:00,364.79,238.73012,317.11325,337.95255,370.72488,418.07596,438.65726,501.4151
664,166.0,2024-09-03 14:45:00,343.5,240.95712,318.64035,339.2898,370.469,411.6241,430.69373,489.13797
665,166.25,2024-09-03 15:00:00,348.28,239.96075,313.0774,331.74576,355.11514,398.12732,413.0757,460.6914
666,166.5,2024-09-03 15:15:00,354.63,244.71854,317.3639,333.33224,355.3072,394.19638,406.83548,449.7802
667,166.75,2024-09-03 15:30:00,355.37,244.47078,317.4678,334.34268,359.4793,398.2363,413.21793,456.37744
668,167.0,2024-09-03 15:45:00,352.81,237.28421,313.63144,332.82614,362.03964,405.9347,426.42975,482.9941
669,167.25,2024-09-03 16:00:00,346.37,238.68742,315.3742,332.9601,360.87546,408.46524,430.09872,495.2702
670,167.5,2024-09-03 16:15:00,360.39,237.71039,310.51883,326.3766,356.3555,406.5312,428.7973,488.34933
671,167.75,2024-09-03 16:30:00,365.21,234.37416,310.13647,327.4234,363.83496,412.83325,438.37784,503.12265
