step,hour,time,true,Ensemble_q0.005,Ensemble_q0.025,Ensemble_q0.05,Ensemble_q0.5,Ensemble_q0.95,Ensemble_q0.975,Ensemble_q0.995
0,0.0,2024-05-10 04:45:00,324.9958,-57.332664,73.26731,162.29318,318.3637,427.2193,445.95102,622.2724
1,0.25,2024-05-10 05:00:00,325.0,-54.98434,95.45053,142.28893,320.87225,379.97354,434.59848,621.3569
2,0.5,2024-05-10 05:15:00,325.0,-61.518246,69.351814,165.83008,320.5393,417.3163,469.08936,640.9888
3,0.75,2024-05-10 05:30:00,325.0,-64.02222,111.347046,198.5785,324.1293,416.5289,444.91946,618.6865
4,1.0,2024-05-10 05:45:00,331.0,-37.005,97.19299,170.62744,332.14362,472.20218,538.68774,673.252
5,1.25,2024-05-10 06:00:00,334.9874,10.513165,127.24748,201.26787,344.2698,480.48538,556.8038,808.5555
6,1.5,2024-05-10 06:15:00,340.323,-42.634377,130.3774,191.90083,345.17957,488.36688,536.5237,716.27826
7,1.75,2024-05-10 06:30:00,344.9733,50.79705,173.26942,223.56851,346.0352,498.0161,566.3511,686.8345
8,2.0,2024-05-10 06:45:00,340.3272,-16.76378,153.49913,206.57225,347.7978,462.58115,544.2828,725.64874
9,2.25,2024-05-10 07:00:00,344.9833,46.101048,157.80911,246.01103,344.66476,459.77747,547.73224,735.5801
10,2.5,2024-05-10 07:15:00,337.9891,36.391884,175.44217,215.46902,349.18024,450.28348,486.41937,736.5323
11,2.75,2024-05-10 07:30:00,339.9874,-19.114422,167.30525,231.15414,342.75256,458.52533,559.84674,775.2887
12,3.0,2024-05-10 07:45:00,341.9858,33.096146,153.46968,230.36484,346.15958,476.5318,554.30585,747.17084
13,3.25,2024-05-10 08:00:00,349.9791,-24.77162,181.87663,240.89153,352.6597,509.04947,597.288,800.9745
14,3.5,2024-05-10 08:15:00,360.0,80.7535,167.18385,239.19922,353.54086,485.78738,546.5235,764.23584
15,3.75,2024-05-10 08:30:00,360.0,10.236687,172.09277,217.98816,358.90958,466.21515,575.5657,754.7344
16,4.0,2024-05-10 08:45:00,351.4671,100.57178,183.73828,252.68665,364.8416,485.21228,539.60376,757.5908
17,4.25,2024-05-10 09:00:00,354.5309,59.69885,219.495,230.12428,352.72052,502.8507,540.42395,722.1012
18,4.5,2024-05-10 09:15:00,356.6187,-0.93420506,128.62207,227.05043,354.9789,465.7284,524.03827,759.9515
19,4.75,2024-05-10 09:30:00,406.57196,7.0984607,190.81961,218.88052,357.901,515.0811,547.08795,749.7308
20,5.0,2024-05-10 09:45:00,345.7272,3.3458042,187.51787,248.51028,390.12863,483.37967,559.4234,749.72485
21,5.25,2024-05-10 10:00:00,349.0431,26.116245,175.98122,223.98232,356.585,498.7412,531.77344,752.8366
22,5.5,2024-05-10 10:15:00,337.3091,-15.530834,129.8984,222.00961,348.7961,451.27594,517.0658,635.1871
23,5.75,2024-05-10 10:30:00,336.7913,-1.2775753,142.67766,191.09988,342.15433,450.04767,512.1479,725.5939
24,6.0,2024-05-10 10:45:00,332.6617,4.221612,131.37462,198.10742,338.39484,456.03894,510.88818,688.93994
25,6.25,2024-05-10 11:00:00,334.0392,3.754768,134.08696,211.17435,338.3085,469.3439,542.75085,778.078
26,6.5,2024-05-10 11:15:00,327.8486,-49.45045,100.975266,156.82243,328.68408,424.0832,483.82135,608.44293
27,6.75,2024-05-10 11:30:00,332.2881,-101.27228,50.739594,139.2894,321.63898,382.37796,435.52432,719.6673
28,7.0,2024-05-10 11:45:00,330.4607,-88.41885,1.151765,94.54471,310.7442,374.37106,392.10025,587.6798
29,7.25,2024-05-10 12:00:00,5.4512,-101.577,-11.466214,42.037205,309.51654,384.92508,430.4771,654.0031
30,7.5,2024-05-10 12:15:00,329.2186,-141.7942,-9.226992,36.961365,133.72002,349.51898,406.31827,504.97552
31,7.75,2024-05-10 12:30:00,325.1509,14.88982,104.355156,155.39809,306.92245,412.76202,454.2812,617.4465
32,8.0,2024-05-10 12:45:00,324.5571,-72.58663,55.22785,164.40678,322.87454,414.25418,456.8994,629.26575
33,8.25,2024-05-10 13:00:00,332.4373,-14.001128,122.723724,192.07036,329.8941,434.8682,467.7082,694.95123
34,8.5,2024-05-10 13:15:00,342.888,-6.544087,127.5349,194.01591,338.26126,430.24945,501.32178,767.52057
35,8.75,2024-05-10 13:30:00,359.9286,87.29218,183.9364,250.88892,358.27457,517.9757,554.92633,765.5709
36,9.0,2024-05-10 13:45:00,359.5855,48.403107,187.71661,245.13849,360.79404,482.58966,580.2215,733.99347
37,9.25,2024-05-10 14:00:00,385.8985,47.89974,186.87221,239.58827,363.55997,495.25845,555.37195,746.90027
38,9.5,2024-05-10 14:15:00,386.0213,126.40031,208.71538,261.33987,378.80087,465.3377,575.5305,747.961
39,9.75,2024-05-10 14:30:00,376.6556,94.96466,235.9101,276.8891,383.95117,503.2624,549.8718,749.95123
40,10.0,2024-05-10 14:45:00,386.0322,92.12571,230.76404,265.72803,384.2344,515.0078,614.1777,758.3367
41,10.25,2024-05-10 15:00:00,399.43964,40.773075,242.19824,291.13318,384.9341,498.1797,562.8251,762.8129
42,10.5,2024-05-10 15:15:00,386.065,100.127754,213.83626,273.91315,397.7058,525.62823,589.4222,790.58185
43,10.75,2024-05-10 15:30:00,400.2294,40.283344,186.10854,264.78897,385.61914,484.14017,562.61005,752.5819
44,11.0,2024-05-10 15:45:00,395.3849,103.61028,226.1994,276.59918,394.8538,482.29068,536.81036,752.0234
45,11.25,2024-05-10 16:00:00,428.141,130.12024,258.06522,313.13416,401.01904,530.343,609.1791,794.29865
46,11.5,2024-05-10 16:15:00,399.1621,23.136204,219.88303,271.28073,417.96024,534.2019,619.2544,848.64886
47,11.75,2024-05-10 16:30:00,401.7836,109.619774,230.96378,323.55103,408.99835,544.01917,623.6334,838.0682
48,12.0,2024-05-10 16:45:00,404.281,100.56004,277.76035,281.47742,398.93066,509.4895,557.5546,755.56494
49,12.25,2024-05-10 17:00:00,372.4106,92.12756,242.51208,304.11795,401.33948,497.6696,550.6603,784.2296
50,12.5,2024-05-10 17:15:00,369.8287,93.75018,228.97357,249.95746,364.93283,483.48102,522.82117,686.18787
51,12.75,2024-05-10 17:30:00,349.3391,-52.6464,100.82345,173.49802,347.0179,398.42017,460.1588,659.8628
52,13.0,2024-05-10 17:45:00,350.1548,48.58706,174.73756,235.91312,358.3071,454.45865,506.94583,671.6126
53,13.25,2024-05-10 18:00:00,340.3515,2.429517,145.16939,212.66208,354.52817,443.4848,478.15585,685.9897
54,13.5,2024-05-10 18:15:00,348.2987,35.191235,156.36128,203.1722,341.97174,464.20734,561.68353,767.16455
55,13.75,2024-05-10 18:30:00,345.4254,29.090462,185.01393,231.9988,350.7638,441.20596,497.62988,712.8155
56,14.0,2024-05-10 18:45:00,350.1757,76.63665,185.62103,255.86945,349.24936,437.80304,518.79974,703.4433
57,14.25,2024-05-10 19:00:00,350.4849,36.446835,180.9262,254.40643,355.7553,472.3294,522.601,651.0678
58,14.5,2024-05-10 19:15:00,373.6216,41.488113,168.76472,230.10506,359.5904,478.30447,557.57086,738.003
59,14.75,2024-05-10 19:30:00,384.07297,84.75596,208.59933,264.06198,373.25162,491.10364,538.9582,629.6138
60,15.0,2024-05-10 19:45:00,369.8287,60.431282,190.82985,240.48805,378.34128,466.50427,505.78958,709.4395
61,15.25,2024-05-10 20:00:00,369.1646,39.455654,198.9863,264.43735,372.52206,487.1668,550.2742,629.1011
62,15.5,2024-05-10 20:15:00,369.8287,87.4405,199.71161,246.51338,368.95743,431.37665,488.38654,626.8783
63,15.75,2024-05-10 20:30:00,384.6969,61.474087,199.75533,261.24216,370.55157,483.45898,548.4431,654.91895
64,16.0,2024-05-10 20:45:00,369.8287,105.68309,202.5459,257.88953,379.39944,474.34766,507.9933,635.4805
65,16.25,2024-05-10 21:00:00,365.3287,77.276085,215.28268,279.53436,371.87885,497.787,576.4765,727.3738
66,16.5,2024-05-10 21:15:00,365.3287,105.92235,231.12987,259.2915,362.9984,447.414,491.24948,609.19684
67,16.75,2024-05-10 21:30:00,368.6016,142.14061,277.29074,286.15305,367.84628,510.22836,536.8336,726.9703
68,17.0,2024-05-10 21:45:00,363.8913,61.99755,236.68933,283.28967,366.54257,456.23276,520.6493,618.4276
69,17.25,2024-05-10 22:00:00,367.8463,123.89506,223.73332,288.7632,364.98923,464.95648,509.625,696.7405
70,17.5,2024-05-10 22:15:00,419.3894,89.07658,233.57883,261.74963,365.046,472.11032,495.33722,652.04803
71,17.75,2024-05-10 22:30:00,399.5023,127.5417,208.41023,282.5222,404.42004,528.4969,587.96954,736.41315
72,18.0,2024-05-10 22:45:00,379.26294,85.74291,217.26756,256.90988,395.99826,504.37695,602.6863,784.9129
73,18.25,2024-05-10 23:00:00,379.11224,58.245277,231.44473,266.3721,382.7385,500.9027,583.00726,720.09827
74,18.5,2024-05-10 23:15:00,379.21817,99.11422,202.37196,267.85965,375.9119,499.68036,535.4042,764.4874
75,18.75,2024-05-10 23:30:00,369.6787,100.76766,187.48642,255.29955,373.3076,460.6523,508.72662,746.2877
76,19.0,2024-05-10 23:45:00,362.963,6.2085595,178.84955,237.12288,361.91382,487.44635,572.26996,717.23456
77,19.25,2024-05-11 00:00:00,365.9551,72.133644,207.3273,241.95251,368.54074,501.17496,565.11536,759.4451
78,19.5,2024-05-11 00:15:00,426.1166,136.96692,257.0841,306.98035,390.77054,645.7987,767.03284,980.16754
79,19.75,2024-05-11 00:30:00,417.4538,66.323616,229.4889,266.38464,406.82425,531.07733,603.9579,863.08875
80,20.0,2024-05-11 00:45:00,398.2095,118.78015,211.65125,271.34363,409.2638,534.0176,598.09534,840.14246
81,20.25,2024-05-11 01:00:00,391.0904,128.60017,243.02278,282.82993,393.59955,484.81357,540.47766,762.9874
82,20.5,2024-05-11 01:15:00,395.9972,81.27366,237.38023,261.44028,387.49207,499.7704,586.8553,766.35364
83,20.75,2024-05-11 01:30:00,378.8456,109.65195,254.82256,291.84647,392.15536,520.6367,562.9158,754.9569
84,21.0,2024-05-11 01:45:00,362.2923,102.823166,210.37016,255.81694,381.14047,504.8587,570.9781,778.6929
85,21.25,2024-05-11 02:00:00,375.21466,99.99285,226.31273,296.4284,364.0957,463.84634,529.2882,767.54504
86,21.5,2024-05-11 02:15:00,361.0029,72.96216,193.50963,237.07959,368.6769,463.64514,522.4586,780.7655
87,21.75,2024-05-11 02:30:00,359.2355,7.720641,162.99866,218.18665,360.07263,491.0321,553.08655,744.0106
88,22.0,2024-05-11 02:45:00,359.1805,8.280186,192.90771,249.25845,358.49374,484.94263,531.1218,734.4971
89,22.25,2024-05-11 03:00:00,354.0818,-6.953772,138.41365,187.54086,357.2676,474.93405,562.5409,750.57184
90,22.5,2024-05-11 03:15:00,350.3573,59.378784,190.46286,262.10287,355.82794,482.74496,554.88855,735.284
91,22.75,2024-05-11 03:30:00,350.7661,20.960213,145.0548,220.47594,347.75513,465.114,528.64246,673.60706
92,23.0,2024-05-11 03:45:00,352.4921,-4.0130177,153.15042,214.76541,342.41394,437.42166,480.05774,690.4459
93,23.25,2024-05-11 04:00:00,344.8146,-2.6497626,128.54074,188.00421,345.05948,437.60446,480.3687,601.5296
94,23.5,2024-05-11 04:15:00,349.622,-69.13546,113.26048,172.46762,343.22723,437.17404,498.4869,704.92004
95,23.75,2024-05-11 04:30:00,347.3532,57.180473,156.49689,230.23344,348.4283,474.34964,535.6717,650.0577
96,24.0,2024-05-11 04:45:00,349.5365,-10.332526,123.40542,183.49147,345.78802,444.1879,486.3205,624.88556
97,24.25,2024-05-11 05:00:00,339.4142,8.427147,171.79958,218.94008,347.50015,437.2018,519.9746,618.83325
98,24.5,2024-05-11 05:15:00,339.431,0.5210135,161.4364,228.9382,342.05026,455.77847,533.04895,683.4518
99,24.75,2024-05-11 05:30:00,339.431,52.772755,171.88515,217.3136,339.44385,439.70438,509.8612,658.45135
100,25.0,2024-05-11 05:45:00,339.431,-14.073903,168.89137,215.62904,344.0675,497.26355,519.12634,783.549
101,25.25,2024-05-11 06:00:00,339.4142,-37.45304,98.295074,202.43628,348.1402,458.1248,586.14294,699.24725
102,25.5,2024-05-11 06:15:00,349.1708,42.783474,174.80309,233.62573,347.82632,505.7296,536.14343,720.87854
103,25.75,2024-05-11 06:30:00,349.1096,-48.142357,132.91748,201.02356,350.7135,462.5348,516.47766,754.0387
104,26.0,2024-05-11 06:45:00,347.7517,16.797205,202.39977,234.53477,352.42023,485.04138,595.5364,699.24725
105,26.25,2024-05-11 07:00:00,349.1708,-0.24598372,119.09758,212.72858,349.91312,448.33035,519.4577,720.6356
106,26.5,2024-05-11 07:15:00,349.2306,45.18021,189.56114,219.48975,355.1403,488.11462,539.2377,734.8492
107,26.75,2024-05-11 07:30:00,334.431,32.73084,132.01634,204.51697,351.63577,459.95825,502.16406,586.5756
108,27.0,2024-05-11 07:45:00,339.4184,78.272644,230.21986,251.3502,343.74466,471.06763,563.92957,733.28375
109,27.25,2024-05-11 08:00:00,339.4184,45.063198,165.53172,216.51744,348.77853,503.13245,511.7933,667.6344
110,27.5,2024-05-11 08:15:00,339.9874,11.12775,127.24437,226.13963,345.0197,465.00073,514.0272,700.1905
111,27.75,2024-05-11 08:30:00,320.0,62.901142,183.87434,208.70345,344.582,452.02316,530.3007,649.6855
112,28.0,2024-05-11 08:45:00,334.9916,14.756231,109.76966,227.07617,330.2412,469.15076,509.13184,671.69293
113,28.25,2024-05-11 09:00:00,325.2297,32.297626,134.69249,181.30199,337.0487,462.51538,515.43286,665.23145
114,28.5,2024-05-11 09:15:00,332.8086,-29.441595,192.99893,226.57132,331.92078,451.34247,540.4416,691.75995
115,28.75,2024-05-11 09:30:00,325.8161,63.71361,190.51302,218.80281,336.98837,463.55072,527.7841,684.3942
116,29.0,2024-05-11 09:45:00,324.1429,-30.9586,110.80136,201.79564,330.21445,449.20773,498.55463,636.9091
117,29.25,2024-05-11 10:00:00,322.2425,34.091118,121.79749,195.32349,327.93155,420.8911,508.4247,629.91516
118,29.5,2024-05-11 10:15:00,316.8289,13.6263075,143.95049,189.06766,323.05853,430.49222,464.02798,677.6937
119,29.75,2024-05-11 10:30:00,320.6085,30.364046,129.43098,187.9881,321.23575,422.9948,507.18668,673.8676
120,30.0,2024-05-11 10:45:00,320.0,-95.319115,111.67876,143.5208,322.20746,429.9252,490.42325,674.609
121,30.25,2024-05-11 11:00:00,321.1571,-21.860287,134.68115,221.46399,326.93387,473.86572,551.68555,669.4224
122,30.5,2024-05-11 11:15:00,322.4689,-40.912693,94.14133,139.94974,320.91284,430.3916,457.5736,617.4613
123,30.75,2024-05-11 11:30:00,327.7269,-95.420456,73.12354,158.2676,318.894,417.43967,504.08514,589.2841
124,31.0,2024-05-11 11:45:00,325.685,-67.812546,42.064465,103.00197,311.44238,402.41602,444.61267,530.83704
125,31.25,2024-05-11 12:00:00,311.9478,-153.93045,-13.060543,18.982914,299.92624,409.2631,449.45474,638.17236
126,31.5,2024-05-11 12:15:00,326.9451,-68.01119,56.97202,158.51888,327.37988,468.85175,547.88007,614.7319
127,31.75,2024-05-11 12:30:00,328.7527,-50.708435,93.52831,180.76892,336.832,447.15076,478.2604,614.55493
128,32.0,2024-05-11 12:45:00,332.7291,1.5906562,133.40141,203.53996,334.55338,432.65985,509.49088,650.3539
129,32.25,2024-05-11 13:00:00,327.7644,13.039472,147.94943,186.5206,337.86414,457.1047,502.22192,644.8611
130,32.5,2024-05-11 13:15:00,339.4881,7.72869,171.50052,207.16028,336.16724,475.38235,553.9163,681.88873
131,32.75,2024-05-11 13:30:00,341.1732,73.995735,226.04193,275.604,351.3204,507.75885,562.59894,758.7232
132,33.0,2024-05-11 13:45:00,340.0,36.384407,177.37105,229.62935,346.47137,470.44965,538.9311,677.9082
133,33.25,2024-05-11 14:00:00,341.4052,118.19409,214.04063,251.64134,346.21646,454.7877,503.9973,635.5403
134,33.5,2024-05-11 14:15:00,334.991,2.6494107,151.2395,210.33678,346.7984,454.90158,508.97263,620.2825
135,33.75,2024-05-11 14:30:00,340.0,74.77079,211.99916,242.1475,342.45898,464.55655,526.36383,648.12897
136,34.0,2024-05-11 14:45:00,340.0,69.09435,190.14537,250.10326,344.53677,461.23303,503.0085,565.2461
137,34.25,2024-05-11 15:00:00,325.2742,81.98498,216.36609,246.56017,345.0689,467.16562,508.22702,632.70215
138,34.5,2024-05-11 15:15:00,321.8705,62.4484,164.92339,226.12639,334.05734,452.99405,510.71805,617.63336
139,34.75,2024-05-11 15:30:00,319.6275,29.963293,209.05875,239.55498,329.26923,471.03696,520.7684,648.64923
140,35.0,2024-05-11 15:45:00,327.0702,84.460075,192.1261,233.27905,326.99243,433.66965,506.23438,582.38794
141,35.25,2024-05-11 16:00:00,335.8287,25.344997,202.97563,241.00664,340.0438,483.6671,556.52484,670.59955
142,35.5,2024-05-11 16:15:00,342.1591,78.51577,149.07545,209.11575,335.04938,439.142,502.9268,614.1634
143,35.75,2024-05-11 16:30:00,367.8522,104.28798,223.71849,269.04172,348.13754,496.11533,540.55505,711.15436
144,36.0,2024-05-11 16:45:00,376.0191,114.39047,225.2883,258.7142,359.12637,457.66742,549.4948,670.91205
145,36.25,2024-05-11 17:00:00,367.8617,115.575424,248.3452,289.39743,369.95813,471.6515,546.66064,667.58344
146,36.5,2024-05-11 17:15:00,372.4352,100.17896,212.91699,238.40529,355.2403,422.89774,473.7141,646.053
147,36.75,2024-05-11 17:30:00,362.8324,16.011654,122.844536,171.0379,347.57675,380.5652,416.66013,571.691
148,37.0,2024-05-11 17:45:00,363.0924,78.265526,162.02711,226.88307,364.51633,424.4905,499.71027,602.8169
149,37.25,2024-05-11 18:00:00,369.3018,125.82606,201.85146,251.45473,361.2316,459.2062,474.01944,703.4323
150,37.5,2024-05-11 18:15:00,342.7372,98.85243,169.85158,213.88844,366.07944,439.85434,525.03955,604.94684
151,37.75,2024-05-11 18:30:00,314.239,76.44863,198.22293,224.52602,350.96606,479.66522,513.29254,665.37994
152,38.0,2024-05-11 18:45:00,324.3361,56.99428,161.72147,208.34926,326.0855,432.4429,499.78906,587.8079
153,38.25,2024-05-11 19:00:00,320.7188,12.875109,184.7379,206.5183,328.25876,445.23294,463.8822,639.46204
154,38.5,2024-05-11 19:15:00,330.3553,27.472534,138.97461,206.08276,333.84116,475.7788,565.647,641.61743
155,38.75,2024-05-11 19:30:00,329.803,37.990032,156.50504,202.61101,332.77655,453.84998,475.2642,619.8534
156,39.0,2024-05-11 19:45:00,332.2728,41.338795,177.377,233.04105,331.9023,424.4595,459.22208,587.58813
157,39.25,2024-05-11 20:00:00,331.5909,16.096205,177.69594,206.8555,332.04626,409.05884,485.89908,583.2196
158,39.5,2024-05-11 20:15:00,340.8512,82.80944,167.36754,246.78954,334.42438,442.26376,453.9093,605.88684
159,39.75,2024-05-11 20:30:00,345.661,69.186646,204.61147,252.96048,340.14957,419.06458,481.23807,608.9633
160,40.0,2024-05-11 20:45:00,341.9183,74.46699,186.95782,227.36005,343.33704,424.07025,474.13132,652.2654
161,40.25,2024-05-11 21:00:00,340.8637,63.0214,210.44876,249.43195,342.61987,442.37018,493.43826,676.5987
162,40.5,2024-05-11 21:15:00,340.8637,96.02952,218.02354,259.7441,343.40573,459.33823,493.6705,670.9532
163,40.75,2024-05-11 21:30:00,351.5463,74.011086,201.66306,246.41405,341.60687,440.47836,528.2042,698.52893
164,41.0,2024-05-11 21:45:00,340.8637,38.614754,170.93591,225.45558,350.38434,451.18802,507.85,680.4086
165,41.25,2024-05-11 22:00:00,341.4276,76.15343,166.5709,264.48654,344.74597,463.0736,499.34677,668.8292
166,41.5,2024-05-11 22:15:00,343.3617,75.422066,216.01959,251.78008,346.1578,455.57648,543.1558,670.79865
167,41.75,2024-05-11 22:30:00,346.2384,58.547764,162.33194,222.77505,345.33627,457.1409,501.53482,583.12665
168,42.0,2024-05-11 22:45:00,339.9874,72.90278,195.36371,263.47894,345.8734,459.2919,531.9299,716.2072
169,42.25,2024-05-11 23:00:00,339.431,43.180683,177.49313,245.37949,342.86755,490.25558,537.9912,720.1811
170,42.5,2024-05-11 23:15:00,339.431,22.201008,139.87833,233.33533,339.6363,427.54617,506.41885,636.53357
171,42.75,2024-05-11 23:30:00,341.4276,7.465596,199.03969,229.0873,336.9004,451.93582,527.82385,693.02167
172,43.0,2024-05-11 23:45:00,336.4259,-2.46414,132.43195,219.53523,338.2328,430.67413,491.4102,665.6351
173,43.25,2024-05-12 00:00:00,339.9874,7.7286596,197.4488,234.32625,343.14468,494.7938,599.0724,790.2345
174,43.5,2024-05-12 00:15:00,359.9707,47.40584,192.35211,242.94417,353.9862,518.6186,570.3276,793.05707
175,43.75,2024-05-12 00:30:00,350.0,67.34394,177.73022,254.17674,354.90106,480.79724,559.0839,799.7212
176,44.0,2024-05-12 00:45:00,346.252,13.428806,149.07106,212.0868,349.13525,471.73038,528.77686,672.0752
177,44.25,2024-05-12 01:00:00,344.0,28.430262,203.25592,236.74593,345.3977,425.57343,534.10004,709.5151
178,44.5,2024-05-12 01:15:00,341.9858,4.1271596,191.55379,219.88936,343.0166,457.0659,480.3569,686.5153
179,44.75,2024-05-12 01:30:00,339.9874,32.92206,176.07219,241.92609,344.31677,428.04364,511.74118,694.9198
180,45.0,2024-05-12 01:45:00,339.9874,23.840166,161.61787,217.50168,341.4007,450.30194,469.48224,648.42206
181,45.25,2024-05-12 02:00:00,339.9874,6.6339746,166.3603,216.5312,339.0737,388.28873,425.8757,588.1071
182,45.5,2024-05-12 02:15:00,331.9941,69.96901,182.88557,228.9366,340.54636,430.16953,497.28683,662.3198
183,45.75,2024-05-12 02:30:00,325.5795,-14.884053,165.97437,219.15735,334.79617,430.89133,453.33093,623.3626
184,46.0,2024-05-12 02:45:00,328.333,0.48750967,137.47902,210.89514,327.90814,412.30203,494.56216,594.44617
185,46.25,2024-05-12 03:00:00,302.4929,-7.6730003,131.52377,193.95358,327.76443,440.56003,469.98508,719.9698
186,46.5,2024-05-12 03:15:00,319.4644,-34.219406,135.43124,215.6589,312.5297,434.96893,525.6611,659.65765
187,46.75,2024-05-12 03:30:00,302.4929,-39.460865,122.56001,173.28938,315.7357,420.3536,458.41205,626.20074
188,47.0,2024-05-12 03:45:00,300.2766,-44.250153,91.788055,148.54617,303.53604,402.03738,459.06558,596.6144
189,47.25,2024-05-12 04:00:00,299.4979,-74.095924,104.045105,169.8738,301.0902,388.89542,437.43665,553.9192
190,47.5,2024-05-12 04:15:00,301.4946,-107.20633,21.722805,114.223114,300.10034,396.9105,453.94785,609.40436
191,47.75,2024-05-12 04:30:00,299.4979,-53.24822,78.80516,152.52571,304.42886,415.56586,437.6209,616.88116
192,48.0,2024-05-12 04:45:00,0.0,-68.96476,71.425644,160.49387,302.45068,399.10776,440.73676,631.8531
193,48.25,2024-05-12 05:00:00,299.4979,-86.79658,43.244934,57.133484,98.3139,286.4502,336.69434,511.9629
194,48.5,2024-05-12 05:15:00,189.682,-60.33133,50.756466,123.608986,265.7177,348.1289,395.6928,543.9991
195,48.75,2024-05-12 05:30:00,299.4979,-112.32758,37.077324,71.01307,210.3855,343.0832,388.7405,564.8696
196,49.0,2024-05-12 05:45:00,304.8489,-89.55497,50.336056,125.321594,291.7782,405.48898,468.01035,579.7962
197,49.25,2024-05-12 06:00:00,301.4946,-82.073906,71.11277,129.81575,309.51056,443.66763,501.6938,697.7448
198,49.5,2024-05-12 06:15:00,336.4218,-75.08354,40.682602,129.27132,310.3083,419.15475,461.44296,548.82086
199,49.75,2024-05-12 06:30:00,331.4343,-76.562225,85.01003,152.0358,332.40527,423.9932,512.3873,725.99817
200,50.0,2024-05-12 06:45:00,339.4184,-72.00601,116.07078,181.68663,334.41626,446.4663,464.91418,683.6886
201,50.25,2024-05-12 07:00:00,329.4435,-17.04732,89.00279,184.11693,339.7143,442.37802,518.6781,688.2154
202,50.5,2024-05-12 07:15:00,320.0,-16.197407,167.05455,233.65,337.64304,475.2485,554.1578,720.34436
203,50.75,2024-05-12 07:30:00,329.9958,-35.50622,115.69313,190.52832,328.36755,420.17923,471.2473,603.889
204,51.0,2024-05-12 07:45:00,342.0,-26.545362,146.92418,190.98853,333.10712,441.32117,486.4109,725.71136
205,51.25,2024-05-12 08:00:00,350.12,-17.510704,110.09091,206.45934,345.157,485.96066,557.4908,688.5211
206,51.5,2024-05-12 08:15:00,357.0,-28.91274,187.97342,215.43924,351.939,461.06607,529.97784,790.00586
207,51.75,2024-05-12 08:30:00,362.5444,5.8226905,105.14597,201.94469,355.31982,465.31442,550.37604,721.3599
208,52.0,2024-05-12 08:45:00,353.598,32.518726,189.566,229.81256,364.689,461.01987,547.9217,771.5668
209,52.25,2024-05-12 09:00:00,350.158,32.75991,143.80765,209.3411,352.7513,475.82367,568.72217,765.48724
210,52.5,2024-05-12 09:15:00,349.5607,-40.9116,164.5625,220.6477,352.91757,457.79675,540.0569,700.42065
211,52.75,2024-05-12 09:30:00,348.0755,51.434967,160.18933,211.87085,347.3357,436.6694,501.27817,701.9434
212,53.0,2024-05-12 09:45:00,348.9304,-7.2954884,146.81754,232.34608,347.4562,449.71973,507.94727,705.0786
213,53.25,2024-05-12 10:00:00,325.9303,-2.6641684,131.2752,199.59184,347.85263,440.81497,505.72586,655.79913
214,53.5,2024-05-12 10:15:00,137.0488,-39.30179,131.48068,198.54306,330.3511,435.52737,484.38904,659.36456
215,53.75,2024-05-12 10:30:00,143.5236,-84.5529,20.874651,86.22499,212.11,372.0023,454.71106,595.2994
216,54.0,2024-05-12 10:45:00,323.8745,-80.130394,26.70935,59.04521,174.18137,361.4651,418.46582,600.30786
217,54.25,2024-05-12 11:00:00,307.6324,-91.351204,22.72465,102.20959,303.1129,397.41684,456.97644,590.1582
218,54.5,2024-05-12 11:15:00,321.9811,-30.256693,84.34329,133.51056,305.52155,428.77954,476.39615,653.9902
219,54.75,2024-05-12 11:30:00,137.6403,3.5728114,98.93872,165.17255,317.6871,418.3525,502.2972,587.8258
220,55.0,2024-05-12 11:45:00,320.2512,-117.537285,23.250221,56.58343,183.84286,320.46014,388.8226,527.232
221,55.25,2024-05-12 12:00:00,0.0,-146.94232,-39.956093,36.481285,281.38486,354.02963,390.47223,544.00616
222,55.5,2024-05-12 12:15:00,131.9959,-107.43713,50.546265,59.623714,99.188225,333.01392,388.0005,512.5488
223,55.75,2024-05-12 12:30:00,261.1674,-68.10397,-13.218106,71.14774,140.09726,311.07083,367.64127,478.49332
224,56.0,2024-05-12 12:45:00,6.3373,-132.99399,54.060978,97.68457,247.55869,338.25082,404.0452,538.408
225,56.25,2024-05-12 13:00:00,69.9158,-102.314384,-23.14644,35.941692,85.30464,296.23297,330.98642,476.00592
226,56.5,2024-05-12 13:15:00,312.5819,-137.23143,-12.916544,28.722782,91.34486,281.9153,357.4738,452.90836
227,56.75,2024-05-12 13:30:00,347.6286,-13.855628,34.54344,108.0982,287.4215,396.58444,445.28134,547.6281
228,57.0,2024-05-12 13:45:00,365.4148,-68.59846,75.81453,138.8875,335.4318,416.14124,491.94232,627.76996
229,57.25,2024-05-12 14:00:00,323.8492,5.6408176,91.0618,156.79439,358.44672,444.57208,488.0413,609.76984
230,57.5,2024-05-12 14:15:00,337.9004,-33.401154,99.56203,171.70787,334.18365,439.83835,498.8258,588.7306
231,57.75,2024-05-12 14:30:00,334.4646,-38.046112,115.18169,195.45056,338.9071,440.7844,489.85666,684.95557
232,58.0,2024-05-12 14:45:00,351.8991,27.710426,146.09726,197.75131,338.05243,438.97446,488.56857,647.98016
233,58.25,2024-05-12 15:00:00,353.0601,39.17185,171.96107,238.11708,348.80194,462.9157,523.02,706.80304
234,58.5,2024-05-12 15:15:00,350.0593,14.347494,109.107994,195.45139,351.1962,447.16644,534.0683,724.8642
235,58.75,2024-05-12 15:30:00,350.317,68.66975,185.55054,252.54884,354.58835,475.19592,525.00977,698.95996
236,59.0,2024-05-12 15:45:00,346.8293,2.762776,166.19356,235.60884,351.4325,467.96054,522.7548,649.885
237,59.25,2024-05-12 16:00:00,348.0621,99.63784,196.2351,247.48633,353.26465,468.73267,554.79224,711.05444
238,59.5,2024-05-12 16:15:00,348.5148,35.37016,171.6281,240.17363,353.42035,459.2685,520.8652,661.1972
239,59.75,2024-05-12 16:30:00,353.2047,54.487396,184.37784,241.53423,354.70767,492.6359,537.863,802.17566
240,60.0,2024-05-12 16:45:00,352.2265,68.83448,199.71826,257.86343,354.7122,465.4043,541.71356,745.10706
241,60.25,2024-05-12 17:00:00,355.6721,74.553856,189.3381,258.96396,355.31522,474.39667,542.2739,687.1836
242,60.5,2024-05-12 17:15:00,403.6492,38.449535,192.94019,242.44275,353.86615,448.40894,504.4575,688.89966
243,60.75,2024-05-12 17:30:00,337.5163,-32.913383,115.80029,189.64673,375.74368,449.61987,473.0345,674.89453
244,61.0,2024-05-12 17:45:00,351.9774,58.18218,158.05705,217.8593,352.20837,464.0355,512.4211,659.1985
245,61.25,2024-05-12 18:00:00,349.2191,53.18959,182.46207,238.89516,352.3614,466.87064,527.63416,688.6937
246,61.5,2024-05-12 18:15:00,352.4375,16.203236,149.69627,228.30344,348.59973,441.33746,520.75946,667.24384
247,61.75,2024-05-12 18:30:00,356.9569,59.42598,200.74678,252.69382,351.50638,476.95224,532.4423,719.63104
248,62.0,2024-05-12 18:45:00,355.8966,104.25522,194.44382,260.98434,357.27692,461.52145,527.1282,664.16425
249,62.25,2024-05-12 19:00:00,361.2673,34.52801,213.68755,250.18962,358.2448,481.32367,528.0705,727.61884
250,62.5,2024-05-12 19:15:00,366.3024,81.42715,187.39027,261.48392,367.0877,498.0653,584.61926,710.6874
251,62.75,2024-05-12 19:30:00,373.5431,91.296326,197.5616,261.65768,368.17084,467.4865,519.38776,692.6056
252,63.0,2024-05-12 19:45:00,370.4144,73.28436,202.42863,273.59262,369.6955,459.53622,492.77902,637.13934
253,63.25,2024-05-12 20:00:00,370.4144,44.791164,219.9224,261.67047,367.4353,435.25906,507.40717,658.0755
254,63.5,2024-05-12 20:15:00,369.5981,66.745514,200.54985,262.93387,369.65747,462.35406,498.9111,703.24756
255,63.75,2024-05-12 20:30:00,369.4865,58.245667,179.14105,257.9405,367.56317,457.92828,518.1608,677.8105
256,64.0,2024-05-12 20:45:00,363.9335,79.7099,217.4052,257.9997,367.5437,467.46323,536.24677,714.4633
257,64.25,2024-05-12 21:00:00,355.0795,71.18106,193.23001,261.65652,363.9434,478.03223,538.9697,692.48535
258,64.5,2024-05-12 21:15:00,352.3724,61.25707,180.64185,241.34128,355.9231,484.2856,532.03955,693.3921
259,64.75,2024-05-12 21:30:00,353.5467,45.01578,167.66898,239.02519,353.9587,472.4389,545.6353,702.59326
260,65.0,2024-05-12 21:45:00,354.6303,71.60072,178.98293,241.8247,352.9091,469.1868,524.68604,678.4031
261,65.25,2024-05-12 22:00:00,350.0,60.347534,182.45142,212.47154,352.36185,449.51074,500.92676,720.03076
262,65.5,2024-05-12 22:15:00,349.4675,50.70221,202.34558,237.42859,351.02844,457.79605,534.27,697.5635
263,65.75,2024-05-12 22:30:00,349.1368,30.105461,178.2332,233.10075,350.50446,445.0637,508.97662,658.3907
264,66.0,2024-05-12 22:45:00,348.6354,53.5724,166.19142,235.9363,347.23724,448.02734,524.5471,725.81665
265,66.25,2024-05-12 23:00:00,346.4633,53.811935,178.69444,228.92943,346.9967,450.23068,479.40857,723.5248
266,66.5,2024-05-12 23:15:00,346.7619,57.239876,186.53065,234.26624,347.53275,458.7444,521.7052,681.4281
267,66.75,2024-05-12 23:30:00,343.401,3.7806966,203.1734,242.96223,345.4801,435.1863,507.2658,700.75336
268,67.0,2024-05-12 23:45:00,342.9749,27.719725,158.9354,216.94319,339.01907,432.8795,509.32602,704.1868
269,67.25,2024-05-13 00:00:00,300.0,32.372177,172.38835,222.3853,345.72974,458.56387,520.28876,702.64343
270,67.5,2024-05-13 00:15:00,334.9916,-7.510983,131.30814,199.4394,320.00403,505.78857,588.80853,814.3579
271,67.75,2024-05-13 00:30:00,338.7331,22.421375,123.72905,170.13255,334.3604,486.06277,549.8933,741.11035
272,68.0,2024-05-13 00:45:00,324.4567,17.972538,142.30573,207.54164,337.0035,474.5735,536.5456,724.9061
273,68.25,2024-05-13 01:00:00,320.1183,-20.585388,104.9151,189.8028,327.52313,438.31354,498.29892,636.69
274,68.5,2024-05-13 01:15:00,318.8299,-0.23054966,138.89757,187.19621,321.8115,420.4909,501.37775,690.0862
275,68.75,2024-05-13 01:30:00,319.1713,-17.586744,110.754166,176.14114,320.12558,433.82544,476.50732,690.1365
276,69.0,2024-05-13 01:45:00,318.2944,-1.6258702,104.41966,183.04515,320.79053,430.7502,488.90454,660.1997
277,69.25,2024-05-13 02:00:00,329.4435,-16.772554,126.65282,205.43852,318.45865,439.00784,485.61734,659.8422
278,69.5,2024-05-13 02:15:00,318.4243,-15.689288,113.96312,187.18698,325.99582,415.9956,482.49033,648.60364
279,69.75,2024-05-13 02:30:00,324.4561,-27.989544,131.76082,187.1182,320.6041,424.8623,497.2622,650.48486
280,70.0,2024-05-13 02:45:00,319.4644,-66.060074,105.20306,180.6013,322.0088,429.65225,488.70377,633.5768
281,70.25,2024-05-13 03:00:00,319.4644,-62.224304,89.15241,169.03218,319.80026,434.5992,501.65244,655.38776
282,70.5,2024-05-13 03:15:00,298.9794,-26.071274,128.22942,171.57735,318.77438,426.13058,471.44003,665.86145
283,70.75,2024-05-13 03:30:00,299.4979,-64.081726,76.55815,148.86078,303.57663,422.02667,473.03067,656.42914
284,71.0,2024-05-13 03:45:00,298.3794,-83.78714,44.15852,122.847374,294.451,396.1506,453.87457,568.169
285,71.25,2024-05-13 04:00:00,298.3794,-82.40029,62.646126,123.22257,297.00354,402.20663,451.44366,620.0472
286,71.5,2024-05-13 04:15:00,294.0023,-91.50979,21.42966,100.77842,292.56482,402.86584,454.5016,625.02765
287,71.75,2024-05-13 04:30:00,0.0,-48.04666,52.7014,112.83437,292.9398,390.59164,442.35556,622.1835
288,72.0,2024-05-13 04:45:00,0.0,-165.79285,-24.093817,-2.4324422,81.06079,290.9912,344.86084,519.17725
289,72.25,2024-05-13 05:00:00,0.0,-148.30627,-42.53998,-7.6532373,34.622955,261.4746,338.10425,449.89014
290,72.5,2024-05-13 05:15:00,0.0,-106.78711,-39.752197,-16.600515,23.934174,238.09206,275.62866,474.46292
291,72.75,2024-05-13 05:30:00,0.0,-174.7467,-83.90808,-31.419754,23.51303,229.51355,285.79102,417.11426
292,73.0,2024-05-13 05:45:00,0.0,-153.34167,-69.13605,-35.11963,23.506165,252.33765,325.8728,496.21582
293,73.25,2024-05-13 06:00:00,298.3803,-160.94055,-60.928345,-24.266624,25.745773,253.78418,316.2964,473.14453
294,73.5,2024-05-13 06:15:00,324.4561,-94.78674,2.8908737,73.9255,257.05957,348.08588,394.46194,562.1682
295,73.75,2024-05-13 06:30:00,324.4519,-91.63991,26.75881,90.40584,313.7224,403.77484,462.79434,648.77454
296,74.0,2024-05-13 06:45:00,299.4979,-90.41602,54.434135,124.4674,323.6069,416.71292,492.0516,646.90393
297,74.25,2024-05-13 07:00:00,319.4644,-57.648838,40.267956,124.17489,306.32922,431.75546,502.67218,671.73346
298,74.5,2024-05-13 07:15:00,303.1566,-43.690598,79.97769,143.98335,321.48676,447.3983,507.6583,650.33405
299,74.75,2024-05-13 07:30:00,296.285,-95.96147,69.44113,147.8572,310.99127,446.7128,505.19666,649.5021
300,75.0,2024-05-13 07:45:00,318.8524,-80.42398,62.247223,127.40989,304.4839,426.86972,489.40024,649.819
301,75.25,2024-05-13 08:00:00,318.3315,-73.75463,73.52854,150.56789,323.7875,442.6394,496.4816,692.4228
302,75.5,2024-05-13 08:15:00,329.9958,-53.169674,57.62515,140.04092,321.3817,437.12042,502.36087,670.15875
303,75.75,2024-05-13 08:30:00,330.0,-30.943327,95.448654,165.13402,332.34564,453.95544,514.0049,706.22894
304,76.0,2024-05-13 08:45:00,325.89,-35.532898,135.982,177.58815,333.8301,456.0,540.1736,673.3828
305,76.25,2024-05-13 09:00:00,201.0358,-28.8289,104.188065,185.66084,329.27933,446.9432,512.24774,633.1889
306,76.5,2024-05-13 09:15:00,297.2033,-130.69218,48.248207,101.99824,246.40666,400.8996,447.51825,638.66205
307,76.75,2024-05-13 09:30:00,170.5086,-118.114296,24.34129,91.53688,291.15964,415.30856,466.1295,653.72107
308,77.0,2024-05-13 09:45:00,0.0,-102.02763,1.8011705,61.83459,204.78845,385.95758,453.72488,632.05133
309,77.25,2024-05-13 10:00:00,55.6016,-179.9469,-63.01575,-20.669176,52.233128,283.04443,354.80347,484.05765
310,77.5,2024-05-13 10:15:00,50.2025,-228.52272,-101.35599,-42.135098,58.327766,250.39879,307.77487,478.52075
311,77.75,2024-05-13 10:30:00,6.8383,-208.74557,-89.74991,-36.1847,60.19229,241.66641,292.00208,463.1691
312,78.0,2024-05-13 10:45:00,0.0,-176.982,-79.885735,-45.00872,37.429935,251.8327,295.0822,451.56415
313,78.25,2024-05-13 11:00:00,0.0,-226.75781,-107.48291,-54.32739,22.531128,248.0713,307.58057,460.6201
314,78.5,2024-05-13 11:15:00,0.0,-168.5669,-90.545654,-61.116028,19.24324,247.68677,299.59717,447.98587
315,78.75,2024-05-13 11:30:00,300.0157,-181.04553,-100.2182,-61.560055,9.278297,210.56213,265.55786,376.97754
316,79.0,2024-05-13 11:45:00,299.999,-172.45515,-47.64131,17.730774,241.5692,332.14032,378.3719,508.63766
317,79.25,2024-05-13 12:00:00,1.8032001,-239.2683,-116.834816,-38.867355,261.65335,323.6271,370.9513,566.1028
318,79.5,2024-05-13 12:15:00,238.86479,-113.34347,-32.55276,-8.044667,73.62552,318.34598,355.3516,488.13968
319,79.75,2024-05-13 12:30:00,115.6135,-98.7233,-10.791471,46.939396,209.36426,339.75937,388.1038,511.26053
320,80.0,2024-05-13 12:45:00,3.0629,-192.78577,-61.18786,-0.23662601,128.75775,309.03308,360.27515,509.76245
321,80.25,2024-05-13 13:00:00,2.5767,-160.32544,-49.63133,-15.557119,43.015457,267.86667,325.19702,467.63474
322,80.5,2024-05-13 13:15:00,2.5697,-128.63148,-39.182182,0.81491935,39.701942,268.93625,339.615,520.8345
323,80.75,2024-05-13 13:30:00,51.2573,-154.60991,-61.665565,4.076163,37.085503,293.55905,358.0305,506.9868
324,81.0,2024-05-13 13:45:00,195.5861,-168.06276,-63.015156,-29.827288,65.95632,301.5295,376.96896,509.97678
325,81.25,2024-05-13 14:00:00,27.6739,-129.95679,-44.027683,19.830631,180.27881,343.22437,383.947,543.0199
326,81.5,2024-05-13 14:15:00,49.9778,-150.0649,-39.72098,7.274753,68.64999,293.6271,342.3881,516.4299
327,81.75,2024-05-13 14:30:00,0.0,-151.65494,-58.197918,-15.003336,62.253433,263.6832,329.25327,467.25986
328,82.0,2024-05-13 14:45:00,5.0005,-176.52283,-70.77942,-32.050323,30.768583,209.35365,285.33325,448.57178
329,82.25,2024-05-13 15:00:00,177.898,-208.06886,-93.17476,-70.96865,22.963318,217.90768,288.9618,453.6102
330,82.5,2024-05-13 15:15:00,0.3597,-148.70139,-58.178616,-1.7718352,157.79199,310.42642,359.60855,490.81277
331,82.75,2024-05-13 15:30:00,173.5547,-179.59439,-43.812542,-8.99475,43.343372,251.71053,322.1329,453.32794
332,83.0,2024-05-13 15:45:00,179.8761,-176.26868,-62.07494,18.478592,156.24744,285.6469,360.46838,549.73535
333,83.25,2024-05-13 16:00:00,324.0481,-95.68097,-24.329346,42.998535,183.55946,334.14996,390.66544,553.5378
334,83.5,2024-05-13 16:15:00,234.9712,-128.26506,27.159433,82.29936,302.44705,389.03305,470.0618,618.4963
335,83.75,2024-05-13 16:30:00,318.2514,-82.05336,17.751713,82.63628,254.1134,397.13364,474.2943,645.0585
336,84.0,2024-05-13 16:45:00,321.9312,-47.60671,44.266464,98.60301,308.71194,418.84537,486.5944,604.47766
337,84.25,2024-05-13 17:00:00,348.7865,-89.43735,78.77135,118.61053,320.49945,425.85236,484.15314,669.3094
338,84.5,2024-05-13 17:15:00,333.2278,-61.23504,95.78935,160.52629,342.11658,451.6823,517.0143,678.40344
339,84.75,2024-05-13 17:30:00,327.6098,-119.39708,41.090282,109.76399,320.88574,398.03607,451.68597,606.3918
340,85.0,2024-05-13 17:45:00,322.0108,-42.740402,123.83064,164.07721,330.52316,441.8025,489.73944,666.3996
341,85.25,2024-05-13 18:00:00,328.3191,-30.901192,92.63778,170.36604,325.07574,424.88266,483.2384,636.516
342,85.5,2024-05-13 18:15:00,333.862,-78.051605,98.3811,159.4376,325.70654,430.58936,473.9579,702.2355
343,85.75,2024-05-13 18:30:00,336.8078,-32.15115,112.06644,176.37308,333.02466,421.82596,479.32108,633.00146
344,86.0,2024-05-13 18:45:00,341.8556,-4.0409045,110.70442,185.07271,335.608,419.90546,484.9354,640.7032
345,86.25,2024-05-13 19:00:00,341.4566,15.621848,147.23349,200.56294,341.47647,444.551,519.7066,699.66266
346,86.5,2024-05-13 19:15:00,346.459,8.508154,169.87901,226.13817,348.71182,478.68634,549.20026,718.90247
347,86.75,2024-05-13 19:30:00,352.0241,42.8448,164.07893,216.9781,347.76337,474.03073,499.69296,615.5621
348,87.0,2024-05-13 19:45:00,346.6534,7.1941595,143.31018,221.5603,349.86893,433.038,479.20804,636.7245
349,87.25,2024-05-13 20:00:00,344.6179,26.139748,159.72893,228.18289,344.22714,441.2536,483.86224,610.2233
350,87.5,2024-05-13 20:15:00,343.546,-6.9120135,125.4,196.99423,343.60364,442.52954,488.57138,651.2057
351,87.75,2024-05-13 20:30:00,346.6476,25.246286,176.13893,221.35681,341.63934,435.3247,472.40363,679.093
352,88.0,2024-05-13 20:45:00,342.0675,40.047134,154.34157,234.79813,343.7327,446.28488,511.031,637.9781
353,88.25,2024-05-13 21:00:00,342.4783,44.94347,176.80687,221.23741,341.07166,432.75168,508.48407,654.51074
354,88.5,2024-05-13 21:15:00,336.9,-18.320297,143.82416,210.94148,340.52835,451.87167,521.6806,715.5893
355,88.75,2024-05-13 21:30:00,342.4783,18.557041,163.57657,244.05142,339.59714,468.5845,520.76044,706.7772
356,89.0,2024-05-13 21:45:00,342.1931,16.666576,150.78218,201.03548,339.45578,450.52582,512.8,698.7436
357,89.25,2024-05-13 22:00:00,339.9856,32.337616,150.56424,223.04654,340.28412,451.64453,522.9824,705.2822
358,89.5,2024-05-13 22:15:00,335.0,65.921135,181.30046,220.49419,338.4796,439.9278,498.56732,679.60364
359,89.75,2024-05-13 22:30:00,337.0,-5.185062,154.73926,215.85985,334.03354,425.38745,497.38452,662.9668
360,90.0,2024-05-13 22:45:00,337.4234,3.6215634,123.0338,193.08995,332.9665,409.8914,461.78806,672.753
361,90.25,2024-05-13 23:00:00,339.4184,35.000084,139.15048,199.06258,334.95175,430.33398,481.62183,718.8624
362,90.5,2024-05-13 23:15:00,339.9874,6.870832,132.52696,190.53476,336.13968,433.01218,491.7433,627.29626
363,90.75,2024-05-13 23:30:00,339.9874,-11.194775,139.05928,193.2402,335.85648,452.2795,520.8891,695.09564
364,91.0,2024-05-13 23:45:00,331.9941,-47.070858,109.4786,185.53146,333.69867,414.99466,494.99802,706.5214
365,91.25,2024-05-14 00:00:00,330.0,-10.989057,121.1593,205.1864,331.9011,443.04956,511.39365,721.06775
366,91.5,2024-05-14 00:15:00,339.9874,-11.616464,129.04688,178.76,335.1561,495.88037,559.71094,759.91846
367,91.75,2024-05-14 00:30:00,340.442,-28.418133,123.495316,161.83762,337.9207,459.7136,556.90594,712.1977
368,92.0,2024-05-14 00:45:00,340.0,19.072626,121.52471,196.03032,337.33194,458.61273,516.92267,654.7828
369,92.25,2024-05-14 01:00:00,342.9849,11.702233,144.4331,196.59068,338.22934,440.57877,508.79468,708.9839
370,92.5,2024-05-14 01:15:00,339.9874,-18.869776,126.985176,188.06,338.11148,424.16534,502.4063,686.9766
371,92.75,2024-05-14 01:30:00,340.0,-23.304914,141.54037,196.99387,339.6357,446.56662,513.5466,660.19574
372,93.0,2024-05-14 01:45:00,331.4444,-22.449226,122.09423,179.38792,339.03613,440.94492,477.62097,687.1577
373,93.25,2024-05-14 02:00:00,331.4385,-37.272987,137.50119,218.50705,330.99417,432.27356,486.32626,619.6637
374,93.5,2024-05-14 02:15:00,329.4435,-6.584045,136.72803,200.46706,329.77298,426.91357,490.44202,674.2799
375,93.75,2024-05-14 02:30:00,329.9958,-50.41982,155.69284,209.89206,328.97684,424.629,495.6922,680.06116
376,94.0,2024-05-14 02:45:00,325.7694,-60.960033,96.02086,184.46996,327.2825,415.56738,455.5942,637.12494
377,94.25,2024-05-14 03:00:00,319.4644,-42.079754,105.92096,177.1902,324.60553,437.5204,505.55322,694.9575
378,94.5,2024-05-14 03:15:00,310.4795,-75.69744,113.62905,174.67183,318.4537,411.45468,458.94308,650.8468
379,94.75,2024-05-14 03:30:00,309.611,-40.57757,79.81657,163.12727,309.2603,426.30475,476.88763,666.67645
380,95.0,2024-05-14 03:45:00,304.8489,-66.10617,69.897705,117.95144,303.3549,375.14597,413.84073,596.0856
381,95.25,2024-05-14 04:00:00,299.4979,-144.64105,32.18619,127.24311,300.24747,402.33163,444.64728,661.8195
382,95.5,2024-05-14 04:15:00,314.4728,-75.51078,14.869798,94.50723,290.7139,370.0352,444.0693,603.838
383,95.75,2024-05-14 04:30:00,314.4728,-112.93789,4.686778,86.116066,295.6208,382.04657,435.40808,621.6813
384,96.0,2024-05-14 04:45:00,302.4929,-120.2438,13.644069,81.428566,297.46326,370.59332,431.07767,552.1195
385,96.25,2024-05-14 05:00:00,300.3347,-96.00033,36.90977,104.03781,302.6529,397.95416,464.5954,629.8114
386,96.5,2024-05-14 05:15:00,299.4979,-98.68296,21.68056,118.57626,297.12695,368.64798,428.57837,581.7736
387,96.75,2024-05-14 05:30:00,302.8523,-105.659096,42.917835,117.34506,301.26025,406.67914,459.5875,630.8277
388,97.0,2024-05-14 05:45:00,319.4644,-69.49143,64.12384,132.31825,310.55026,460.43408,520.1997,678.4395
389,97.25,2024-05-14 06:00:00,319.4644,-83.02166,76.03978,148.80818,332.61176,469.6639,509.8189,688.0904
390,97.5,2024-05-14 06:15:00,339.4142,-20.170702,103.74134,171.26607,331.96744,456.15073,527.7084,708.9644
391,97.75,2024-05-14 06:30:00,329.4393,-19.864922,102.3391,185.19432,341.68768,477.43066,543.79724,732.70715
392,98.0,2024-05-14 06:45:00,329.4477,-24.673553,138.20334,192.19199,335.07364,455.72653,537.2725,684.41614
393,98.25,2024-05-14 07:00:00,329.4477,-40.730614,121.14378,193.2141,332.79657,438.08105,528.04987,718.66266
394,98.5,2024-05-14 07:15:00,319.4644,-19.430868,134.33653,193.04929,333.3803,476.8078,539.2926,691.05035
395,98.75,2024-05-14 07:30:00,320.0,-26.680098,141.74947,195.6191,323.69086,447.2335,524.1927,678.89856
396,99.0,2024-05-14 07:45:00,320.0,-24.007198,163.27307,213.05031,325.00476,437.40942,481.8125,669.93506
397,99.25,2024-05-14 08:00:00,329.9958,15.360479,134.25087,204.7373,327.01688,454.87772,517.68286,720.5821
398,99.5,2024-05-14 08:15:00,328.34,-19.967297,122.333115,189.88074,329.69263,449.6067,499.61276,702.27386
399,99.75,2024-05-14 08:30:00,332.1263,46.764576,131.33643,205.29271,330.95428,443.67773,521.74475,740.5192
400,100.0,2024-05-14 08:45:00,330.0142,-12.685222,138.06093,198.11954,331.97507,450.42056,532.3603,711.63885
401,100.25,2024-05-14 09:00:00,319.994,-0.82905406,98.69793,167.22514,326.2328,452.74152,498.12418,737.5163
402,100.5,2024-05-14 09:15:00,321.6468,-18.435844,113.354324,169.69588,322.64133,441.13138,513.7602,734.0544
403,100.75,2024-05-14 09:30:00,323.8948,-67.33992,77.22643,146.52727,315.18915,418.0727,503.03363,687.9335
404,101.0,2024-05-14 09:45:00,314.6737,-25.359516,67.758766,138.78996,312.93243,437.2976,486.29666,679.0335
405,101.25,2024-05-14 10:00:00,293.8316,-85.11171,77.254776,137.71849,311.8701,428.73718,492.25647,662.7643
406,101.5,2024-05-14 10:15:00,122.9204,-128.40753,12.457495,117.17809,293.58304,410.39407,459.75928,660.2597
407,101.75,2024-05-14 10:30:00,0.0,-164.06865,-57.480656,-10.141596,180.014,322.03976,378.37216,523.92267
408,102.0,2024-05-14 10:45:00,62.5864,-182.69348,-82.36542,-11.672401,58.678436,292.12646,341.63818,512.76855
409,102.25,2024-05-14 11:00:00,49.844696,-166.59601,-66.89509,-12.771401,72.90937,279.76016,357.83633,488.24408
410,102.5,2024-05-14 11:15:00,221.6712,-143.08722,-42.983467,-14.723428,70.033806,299.89984,349.70453,489.1027
411,102.75,2024-05-14 11:30:00,10.4951,-128.6711,-12.8614645,46.407486,201.50354,334.84207,377.36832,521.216
412,103.0,2024-05-14 11:45:00,325.4993,-159.41673,-75.037155,-14.528811,56.354748,267.83243,328.5685,504.51453
413,103.25,2024-05-14 12:00:00,0.0,-217.10594,-102.32169,-32.237076,250.88876,290.68674,348.73804,506.29797
414,103.5,2024-05-14 12:15:00,204.58072,-159.49403,-35.26154,3.895569,80.55267,308.05664,364.52637,505.8472
415,103.75,2024-05-14 12:30:00,317.2213,-158.81682,-35.52733,38.82837,181.82687,321.20334,372.18906,461.5903
416,104.0,2024-05-14 12:45:00,304.7959,-139.94917,-1.2238945,64.94727,281.45435,346.76346,397.60727,579.1838
417,104.25,2024-05-14 13:00:00,35.1686,-126.51237,-0.72520155,90.70851,300.80374,388.0306,459.3044,600.31396
418,104.5,2024-05-14 13:15:00,335.5278,-119.92543,-36.294308,32.89782,125.69681,318.8868,385.3724,498.27524
419,104.75,2024-05-14 13:30:00,353.9893,-102.39707,3.6736338,88.60939,307.4891,401.5824,469.7114,644.75104
420,105.0,2024-05-14 13:45:00,309.2597,-40.401768,79.15923,162.58438,350.8068,500.29492,544.8445,663.6617
421,105.25,2024-05-14 14:00:00,223.896,-51.9966,73.687,137.25206,316.20117,451.10397,525.14264,662.1971
422,105.5,2024-05-14 14:15:00,315.0969,-89.18117,45.535255,97.904564,255.48972,384.0435,436.32925,615.6261
423,105.75,2024-05-14 14:30:00,343.9625,-74.00654,36.45298,106.00332,302.53842,404.89093,456.6274,603.60614
424,106.0,2024-05-14 14:45:00,342.0051,-14.547382,94.60064,168.24567,337.22797,433.3915,507.357,623.4458
425,106.25,2024-05-14 15:00:00,337.9172,23.21094,150.7256,193.40747,341.8103,455.52292,504.7783,607.07935
426,106.5,2024-05-14 15:15:00,328.8675,-13.756262,125.45196,187.96416,334.95953,453.7692,516.6934,616.3394
427,106.75,2024-05-14 15:30:00,340.0653,44.478783,172.0621,221.50058,337.91385,454.80438,506.9345,646.7356
428,107.0,2024-05-14 15:45:00,342.2889,38.144894,166.78107,239.02533,343.54193,439.54416,498.8611,595.4859
429,107.25,2024-05-14 16:00:00,351.3977,103.97143,204.61078,264.17957,348.7102,465.64594,502.24875,630.2944
430,107.5,2024-05-14 16:15:00,341.6426,53.94195,186.34093,245.7312,352.75122,469.8523,533.93005,682.97797
431,107.75,2024-05-14 16:30:00,349.2042,22.59098,167.72038,240.71536,349.5504,480.1807,569.82,705.1899
432,108.0,2024-05-14 16:45:00,350.7769,77.487366,225.49153,269.92206,354.10425,488.27533,557.9378,764.13293
433,108.25,2024-05-14 17:00:00,388.253,35.82397,170.1776,237.46889,353.40652,476.08276,534.81384,679.24744
434,108.5,2024-05-14 17:15:00,357.067,99.346664,226.62329,275.21033,380.69907,501.3639,571.70386,743.2737
435,108.75,2024-05-14 17:30:00,337.6489,24.608137,149.73326,205.54381,351.73062,447.70078,525.00793,669.40485
436,109.0,2024-05-14 17:45:00,329.7695,40.22996,165.95018,229.47862,346.89157,479.19785,518.31836,649.03735
437,109.25,2024-05-14 18:00:00,334.3155,32.215,178.00357,208.14273,338.6294,465.1587,507.56595,643.1556
438,109.5,2024-05-14 18:15:00,333.9574,68.1273,164.2943,216.43358,338.14163,475.65598,523.23596,709.2894
439,109.75,2024-05-14 18:30:00,341.1833,69.27738,165.43523,234.52092,337.81558,466.74442,518.7738,684.0265
440,110.0,2024-05-14 18:45:00,348.9643,70.45367,185.6911,228.4737,343.45236,453.64764,496.97037,707.4684
441,110.25,2024-05-14 19:00:00,349.7095,52.02342,176.50768,237.91208,351.07184,462.80222,534.662,700.6471
442,110.5,2024-05-14 19:15:00,377.3286,131.90297,221.01126,258.94153,357.7035,534.92725,599.5635,760.2751
443,110.75,2024-05-14 19:30:00,358.8352,110.74258,212.49428,248.51114,375.94315,516.44934,581.63495,737.3478
444,111.0,2024-05-14 19:45:00,378.4587,122.23261,222.6385,288.67548,361.92975,486.40195,550.0311,711.9147
445,111.25,2024-05-14 20:00:00,351.0528,82.54805,210.11765,255.65596,371.025,490.5528,565.6352,680.5339
446,111.5,2024-05-14 20:15:00,349.261,109.67128,207.68765,258.95718,356.84305,489.81653,540.9396,718.8082
447,111.75,2024-05-14 20:30:00,347.2576,80.33779,185.6326,233.38652,350.14215,477.86893,515.1675,682.17804
448,112.0,2024-05-14 20:45:00,346.1137,81.05945,199.37305,237.23924,345.75842,435.13965,537.55054,717.5066
449,112.25,2024-05-14 21:00:00,342.4623,16.556326,158.0694,239.83513,345.36826,442.07513,501.97806,720.22144
450,112.5,2024-05-14 21:15:00,342.5444,41.89646,161.57419,215.99315,341.98975,453.9021,505.09836,660.49994
451,112.75,2024-05-14 21:30:00,343.555,88.05073,191.68845,235.16681,342.3921,452.88837,504.66144,701.24347
452,113.0,2024-05-14 21:45:00,346.8756,56.687225,195.14243,239.6096,343.7305,473.48108,532.9628,726.30396
453,113.25,2024-05-14 22:00:00,350.6179,46.880917,202.77693,259.98822,348.6926,465.35934,537.13666,701.2724
454,113.5,2024-05-14 22:15:00,340.6252,49.166355,199.67445,260.731,348.92432,468.40005,498.4477,709.5683
455,113.75,2024-05-14 22:30:00,340.6253,31.381985,180.21011,241.87088,341.92493,436.66766,484.97086,658.0055
456,114.0,2024-05-14 22:45:00,341.9858,15.479339,154.79514,219.83421,339.19064,446.67444,495.40796,697.9592
457,114.25,2024-05-14 23:00:00,344.6008,27.518726,163.09003,228.28473,343.15796,458.53983,522.15985,695.579
458,114.5,2024-05-14 23:15:00,340.0,25.63676,162.19225,215.56749,342.40207,457.18433,528.9159,667.1239
459,114.75,2024-05-14 23:30:00,340.4389,35.970573,177.46532,223.91917,340.8456,429.96777,465.7557,708.43463
460,115.0,2024-05-14 23:45:00,335.0,4.7699456,150.0504,209.70616,333.67316,427.2721,509.79773,685.817
461,115.25,2024-05-15 00:00:00,314.8722,5.121485,146.3164,223.28479,336.7453,449.44748,534.0239,725.1861
462,115.5,2024-05-15 00:15:00,336.7828,9.301367,177.68288,228.9707,329.25183,504.1508,588.068,806.348
463,115.75,2024-05-15 00:30:00,330.0,70.38999,174.23369,219.80864,337.96088,473.40054,544.20746,709.4052
464,116.0,2024-05-15 00:45:00,331.1479,17.361696,177.74377,226.38573,331.32605,458.1973,515.5275,702.97266
465,116.25,2024-05-15 01:00:00,330.0,43.145382,164.26508,218.20795,331.54907,452.14346,507.7618,629.71
466,116.5,2024-05-15 01:15:00,330.0,18.297821,155.6155,221.33205,331.74326,443.96997,542.9018,690.2286
467,116.75,2024-05-15 01:30:00,330.0,36.63698,161.47487,201.89537,330.65488,444.72073,511.11475,669.7207
468,117.0,2024-05-15 01:45:00,325.0,29.209759,139.52965,221.45105,331.44452,446.02075,513.20215,702.2037
469,117.25,2024-05-15 02:00:00,319.4644,-14.689309,170.53589,190.75075,325.6571,414.1577,469.45557,613.70605
470,117.5,2024-05-15 02:15:00,319.4644,-1.4767768,150.73994,201.37775,322.01868,432.15475,510.7894,700.2486
471,117.75,2024-05-15 02:30:00,314.4728,-27.465164,102.152916,190.20831,320.83936,446.40952,481.38266,700.7247
472,118.0,2024-05-15 02:45:00,309.611,-28.800924,98.40245,178.57518,316.01358,428.28525,461.9126,685.7682
473,118.25,2024-05-15 03:00:00,299.4979,-18.541094,117.05881,175.31839,312.43854,427.4729,513.5233,668.63196
474,118.5,2024-05-15 03:15:00,299.4979,-40.317905,116.04501,163.98203,302.3061,395.78436,470.42734,676.0181
475,118.75,2024-05-15 03:30:00,299.6177,-35.74942,101.927574,156.85922,301.47812,414.9647,473.9979,645.91565
476,119.0,2024-05-15 03:45:00,296.2833,-75.939606,53.506805,145.35251,296.24173,378.96304,409.0976,609.2685
477,119.25,2024-05-15 04:00:00,299.6177,-69.237434,52.50023,120.8718,296.0524,377.1462,412.55884,622.57166
478,119.5,2024-05-15 04:15:00,199.6653,-90.276764,1.845885,102.688934,295.94818,360.02994,430.71323,567.2092
479,119.75,2024-05-15 04:30:00,190.01831,-111.27189,3.8762698,80.72106,223.83057,365.63547,428.285,537.3609
480,120.0,2024-05-15 04:45:00,259.1985,-115.150024,-0.3017024,50.61421,196.25415,325.1637,366.49976,522.20355
481,120.25,2024-05-15 05:00:00,0.0,-114.074974,-2.6095219,58.76858,256.16687,371.84116,437.23727,589.6177
482,120.5,2024-05-15 05:15:00,206.6536,-97.4762,-27.152254,26.14517,69.8822,290.31372,346.1792,524.26764
483,120.75,2024-05-15 05:30:00,0.0,-122.68563,-31.091696,48.81106,190.62614,355.79645,410.8379,525.6633
484,121.0,2024-05-15 05:45:00,0.0,-146.33789,-34.313965,4.6371455,58.021545,321.11206,405.83496,511.1206
485,121.25,2024-05-15 06:00:00,0.0,-161.61804,-33.05168,6.655884,40.200806,327.00806,420.26367,523.49854
486,121.5,2024-05-15 06:15:00,299.4979,-170.70924,-62.173462,7.168578,31.87866,285.04028,370.4956,523.86475
487,121.75,2024-05-15 06:30:00,299.4979,-103.393166,-12.247837,52.912537,260.97528,389.63205,454.7352,660.08795
488,122.0,2024-05-15 06:45:00,296.2833,-118.35746,11.901486,82.38565,294.3966,401.57968,494.6705,652.7271
489,122.25,2024-05-15 07:00:00,299.4979,-89.52552,35.324368,120.14397,296.96234,410.75525,465.13757,674.90314
490,122.5,2024-05-15 07:15:00,0.0,-86.05307,34.801113,98.649994,300.5959,416.99713,506.90192,700.18805
491,122.75,2024-05-15 07:30:00,310.0,-129.38232,-6.356049,25.341227,91.86401,326.67844,381.29883,510.05862
492,123.0,2024-05-15 07:45:00,202.0,-65.321175,29.011904,96.81415,277.2623,387.49408,469.33765,585.2434
493,123.25,2024-05-15 08:00:00,320.0,-78.67446,26.679846,86.3173,227.46071,388.922,445.97766,632.85504
494,123.5,2024-05-15 08:15:00,286.6326,-92.072075,6.9765377,81.67213,305.1501,414.979,464.26187,578.0344
495,123.75,2024-05-15 08:30:00,300.6432,-112.128784,59.450184,129.89087,295.94806,412.8254,474.18408,656.2458
496,124.0,2024-05-15 08:45:00,0.0,-78.70764,41.7872,107.57241,305.71033,438.88342,497.59622,617.1824
497,124.25,2024-05-15 09:00:00,0.0102,-129.05731,-52.32468,-6.2750816,92.34924,327.2644,397.88818,537.1582
498,124.5,2024-05-15 09:15:00,300.4766,-157.98543,-77.668495,-27.802002,34.243286,251.90533,329.17584,461.46954
499,124.75,2024-05-15 09:30:00,243.15591,-118.285774,-5.8326936,51.90618,256.4167,345.14044,382.6908,592.03534
500,125.0,2024-05-15 09:45:00,203.2388,-140.53915,-20.767582,29.385006,244.4092,361.77408,459.51578,590.3263
501,125.25,2024-05-15 10:00:00,44.0937,-167.96843,-41.75155,34.759502,210.59427,353.84552,422.34528,565.5704
502,125.5,2024-05-15 10:15:00,56.798496,-193.89636,-92.74891,-46.008953,69.36351,254.48317,312.71985,500.56772
503,125.75,2024-05-15 10:30:00,15.0192,-203.94527,-96.558495,-61.173367,61.06706,221.24394,281.0187,421.14932
504,126.0,2024-05-15 10:45:00,56.219,-191.79065,-103.94121,-46.276722,37.98956,221.277,296.28616,435.90408
505,126.25,2024-05-15 11:00:00,100.56729,-197.31966,-81.60159,-53.087494,58.820843,239.74394,287.7908,446.98273
506,126.5,2024-05-15 11:15:00,64.2274,-156.69029,-87.46727,-19.036184,102.1991,287.90808,369.24353,542.4064
507,126.75,2024-05-15 11:30:00,62.1249,-214.06183,-79.79515,-42.482838,71.075745,250.8338,299.8603,461.01144
508,127.0,2024-05-15 11:45:00,315.9041,-210.16858,-95.512505,-13.083004,76.39606,272.6073,339.9901,450.12805
509,127.25,2024-05-15 12:00:00,15.6962,-311.18674,-158.39897,-82.09321,247.8846,299.52032,336.33597,511.48322
510,127.5,2024-05-15 12:15:00,15.7861,-198.43954,-83.11056,-17.951336,88.95364,318.78763,393.9341,470.69193
511,127.75,2024-05-15 12:30:00,329.519,-182.20839,-58.978413,-29.145956,43.218468,267.23312,314.749,408.4624
512,128.0,2024-05-15 12:45:00,274.7256,-169.40842,-56.095875,21.22956,273.9952,312.69455,348.60925,419.42218
513,128.25,2024-05-15 13:00:00,298.6217,-148.61617,-19.632088,67.624535,270.60095,388.5146,414.9642,513.0721
514,128.5,2024-05-15 13:15:00,300.9317,-87.28439,50.184334,104.607864,306.12802,396.13232,447.48428,560.0484
515,128.75,2024-05-15 13:30:00,337.6086,-45.17362,53.627804,135.90854,309.89307,447.13293,516.475,688.55743
516,129.0,2024-05-15 13:45:00,314.5056,-95.26425,59.752834,135.6821,336.35394,430.76572,515.8548,646.4456
517,129.25,2024-05-15 14:00:00,319.378,-61.03656,74.45233,147.16809,317.12228,450.8394,509.66202,662.93964
518,129.5,2024-05-15 14:15:00,261.4393,-47.92589,92.31458,170.88515,323.616,469.98795,504.8512,606.5663
519,129.75,2024-05-15 14:30:00,33.0623,-65.91522,34.31671,116.21978,280.6874,425.73212,495.05582,671.9357
520,130.0,2024-05-15 14:45:00,315.4498,-89.5166,-16.14968,35.945545,124.57488,342.24152,412.71884,522.6187
521,130.25,2024-05-15 15:00:00,111.0713,-78.1506,24.498331,81.50822,284.67062,391.17157,450.1636,567.23206
522,130.5,2024-05-15 15:15:00,313.5927,-163.2947,-21.872059,15.29549,162.48883,363.3212,452.62173,623.8436
523,130.75,2024-05-15 15:30:00,310.0,-62.25009,46.031616,123.338745,293.7962,404.25003,467.8242,578.1087
524,131.0,2024-05-15 15:45:00,301.8314,-51.997387,61.332886,141.16687,308.26202,406.9994,456.48364,608.47943
525,131.25,2024-05-15 16:00:00,307.4085,13.087258,102.654655,164.86475,308.00946,396.17273,434.13962,592.8737
526,131.5,2024-05-15 16:15:00,191.5375,-74.73966,71.274216,137.21051,309.34872,445.12064,544.5927,636.69476
527,131.75,2024-05-15 16:30:00,102.8755,-83.18525,56.235832,90.15383,232.84335,384.74768,454.9869,656.2565
528,132.0,2024-05-15 16:45:00,148.4856,-84.85361,11.921068,62.780903,145.88676,376.35248,498.06265,607.52313
529,132.25,2024-05-15 17:00:00,284.1025,-80.84555,-9.19752,37.712955,159.96046,341.9312,427.7619,565.1094
530,132.5,2024-05-15 17:15:00,303.426,-105.87754,33.591602,89.82329,273.35562,398.3926,479.22458,659.93134
531,132.75,2024-05-15 17:30:00,50.539997,-139.5946,-19.852783,58.040283,288.06653,404.8512,445.3083,595.1985
532,133.0,2024-05-15 17:45:00,0.0,-112.365234,-22.70191,8.588524,133.85213,324.5565,407.2103,511.96497
533,133.25,2024-05-15 18:00:00,0.0,-146.42944,-59.42688,-22.337723,42.9657,253.6743,312.6526,446.59424
534,133.5,2024-05-15 18:15:00,0.0,-192.865,-100.64393,-62.876133,30.221558,238.11034,317.15698,418.10303
535,133.75,2024-05-15 18:30:00,135.8267,-166.3147,-98.16742,-61.271667,28.97186,263.8916,288.66577,486.18164
536,134.0,2024-05-15 18:45:00,276.1996,-139.38785,-32.22767,1.0145543,130.55824,273.7347,340.48578,519.37067
537,134.25,2024-05-15 19:00:00,298.2427,-78.11415,-8.659959,45.69719,257.7013,361.57242,423.5399,603.3494
538,134.5,2024-05-15 19:15:00,316.1372,-49.985596,70.96243,116.67242,300.77435,407.01816,465.4288,656.75574
539,134.75,2024-05-15 19:30:00,314.7781,-37.14245,52.83901,122.78529,317.44833,455.964,526.5695,615.00946
540,135.0,2024-05-15 19:45:00,310.874,-47.296158,77.952705,135.56685,313.7296,402.97406,460.31357,622.133
541,135.25,2024-05-15 20:00:00,311.1383,-42.45977,98.49254,168.96983,309.53134,394.4734,464.19995,590.1216
542,135.5,2024-05-15 20:15:00,312.8082,-46.507923,99.47406,173.59515,312.92847,412.98724,453.93875,606.30994
543,135.75,2024-05-15 20:30:00,308.2466,-48.62688,147.48137,175.231,311.3473,415.16324,488.7534,631.2094
544,136.0,2024-05-15 20:45:00,302.2161,-58.53567,89.34746,170.16106,308.47147,394.70328,447.23627,563.0505
545,136.25,2024-05-15 21:00:00,303.3454,-21.294806,109.05797,175.54358,306.44766,415.90616,457.77325,597.7024
546,136.5,2024-05-15 21:15:00,301.2234,-22.19001,63.18406,138.67845,302.78842,420.2489,495.64255,648.20605
547,136.75,2024-05-15 21:30:00,322.7254,-46.38164,107.76798,156.93181,303.5986,433.97037,493.07684,694.03503
548,137.0,2024-05-15 21:45:00,314.8936,-46.921654,116.0445,154.85371,318.67587,417.28964,463.3406,627.64124
549,137.25,2024-05-15 22:00:00,318.8465,-40.65543,128.28683,178.50351,314.9168,430.95102,491.34833,681.009
550,137.5,2024-05-15 22:15:00,313.8647,-6.6540213,117.75127,179.30217,317.4032,435.45758,485.50946,657.299
551,137.75,2024-05-15 22:30:00,313.8702,-60.927895,115.911934,180.36507,316.92197,407.01303,497.56784,613.3271
552,138.0,2024-05-15 22:45:00,310.6201,-54.38029,104.425934,161.55484,313.6036,424.7232,494.69693,751.2277
553,138.25,2024-05-15 23:00:00,313.8915,-35.602253,101.98606,169.10336,311.2908,420.68115,498.1531,694.57025
554,138.5,2024-05-15 23:15:00,312.4701,-73.8501,87.26556,148.74323,310.6239,397.33636,431.74188,620.1391
555,138.75,2024-05-15 23:30:00,309.603,-55.280357,66.12897,138.32744,310.01886,388.17032,433.92377,641.84924
556,139.0,2024-05-15 23:45:00,304.78,-49.895496,85.252365,151.45415,308.98578,397.30075,469.5358,627.39105
557,139.25,2024-05-16 00:00:00,304.78,-86.8394,58.328903,133.29228,303.85187,385.52008,426.48993,698.94165
558,139.5,2024-05-16 00:15:00,331.9941,-34.031784,119.83402,130.58232,312.3643,431.6718,522.2266,694.5471
559,139.75,2024-05-16 00:30:00,330.0,-9.347403,102.2262,180.84253,332.458,466.50534,518.3516,685.10583
560,140.0,2024-05-16 00:45:00,327.0,-39.96743,118.097176,176.78247,328.55917,449.01453,515.9487,678.3633
561,140.25,2024-05-16 01:00:00,328.34,14.162055,107.556,170.22385,327.60187,435.62607,484.4603,705.99963
562,140.5,2024-05-16 01:15:00,327.0,-34.73109,84.06773,174.12816,326.94598,418.1071,441.5812,640.10406
563,140.75,2024-05-16 01:30:00,325.89,-11.098632,144.75388,197.39668,327.65607,436.70642,502.56943,702.15436
564,141.0,2024-05-16 01:45:00,319.6741,-68.29729,100.81892,192.66464,326.4259,424.7691,509.0984,626.19434
565,141.25,2024-05-16 02:00:00,319.4644,-30.76762,155.18056,196.51663,321.0189,433.922,480.266,636.3817
566,141.5,2024-05-16 02:15:00,319.4644,-45.13942,118.16548,179.94527,318.19592,428.45602,477.51913,673.6983
567,141.75,2024-05-16 02:30:00,309.4812,6.6119065,102.98603,176.7043,318.22452,436.64084,499.4918,678.0562
568,142.0,2024-05-16 02:45:00,300.3347,-61.427135,88.91619,172.5084,309.76483,431.74,482.26794,623.0211
569,142.25,2024-05-16 03:00:00,299.4979,-89.491066,82.21608,139.13443,299.4464,399.11673,476.67105,648.5155
570,142.5,2024-05-16 03:15:00,299.4979,-63.022984,86.66803,130.84909,299.24634,404.85724,478.90512,655.54694
571,142.75,2024-05-16 03:30:00,299.4979,-113.59672,27.261747,119.47366,294.7657,401.10358,465.41022,630.93756
572,143.0,2024-05-16 03:45:00,292.29,-54.929718,76.99233,119.084564,293.99033,368.74887,415.34918,608.15924
573,143.25,2024-05-16 04:00:00,249.5816,-85.84805,39.075653,113.98868,287.06854,362.5223,421.99493,583.082
574,143.5,2024-05-16 04:15:00,199.6653,-119.07645,30.13391,81.79998,251.6369,341.24155,417.79794,590.61285
575,143.75,2024-05-16 04:30:00,200.5021,-152.9467,-50.38475,17.856373,201.10832,310.71295,363.4199,535.10876
576,144.0,2024-05-16 04:45:00,0.8368,-172.49338,-35.855503,18.945961,198.92062,321.9921,350.6664,495.2648
577,144.25,2024-05-16 05:00:00,201.66188,-222.41838,-130.08745,-71.223625,43.90394,256.12778,331.69537,488.67172
578,144.5,2024-05-16 05:15:00,0.0,-128.88521,-43.34062,22.578068,177.18932,282.0218,350.3064,486.9214
579,144.75,2024-05-16 05:30:00,259.5649,-174.63684,-83.44116,-45.746613,40.59677,234.36584,259.021,466.36963
580,145.0,2024-05-16 05:45:00,291.8707,-137.92433,10.331598,28.583778,223.8303,326.46774,373.6266,498.81577
581,145.25,2024-05-16 06:00:00,300.9654,-95.589806,17.381695,83.755135,285.487,390.9672,461.5727,651.26996
582,145.5,2024-05-16 06:15:00,309.4812,-73.85181,60.030476,140.32666,315.20383,446.02124,495.88086,681.916
583,145.75,2024-05-16 06:30:00,301.4946,-86.952034,52.12815,109.68036,315.78644,438.8079,511.56485,735.045
584,146.0,2024-05-16 06:45:00,309.4812,-109.44328,22.365189,117.73568,307.67154,445.82404,504.52765,714.3299
585,146.25,2024-05-16 07:00:00,300.2766,-74.395584,78.29836,129.20396,306.6532,422.3375,470.14636,645.65295
586,146.5,2024-05-16 07:15:00,249.71141,-76.65482,87.545006,131.54068,297.9292,397.62036,488.9717,630.2009
587,146.75,2024-05-16 07:30:00,303.0,-41.27105,55.742233,124.993286,273.02493,413.71402,471.13586,646.95374
588,147.0,2024-05-16 07:45:00,302.47,-28.816452,60.508335,127.885216,300.97766,414.63297,468.1913,708.9018
589,147.25,2024-05-16 08:00:00,320.0,-32.185795,79.73056,157.9143,311.7864,452.40283,536.81445,708.6407
590,147.5,2024-05-16 08:15:00,319.994,-82.5277,102.12501,136.74109,319.1187,428.74854,515.26587,661.03613
591,147.75,2024-05-16 08:30:00,319.994,-29.646477,77.06281,157.70247,318.79523,399.8411,474.35593,658.32196
592,148.0,2024-05-16 08:45:00,314.9961,-43.80682,77.45649,152.48395,311.79486,391.92636,447.56754,665.0968
593,148.25,2024-05-16 09:00:00,309.9982,-80.17736,46.51961,131.70943,309.65247,401.584,473.41174,671.74243
594,148.5,2024-05-16 09:15:00,319.994,-78.7841,92.66098,179.60861,320.66736,446.04538,511.8901,693.3293
595,148.75,2024-05-16 09:30:00,329.9898,-85.935394,73.959175,143.93292,316.7553,411.5782,483.98724,721.8595
596,149.0,2024-05-16 09:45:00,332.5302,-87.54656,46.45002,129.42426,319.28632,408.84323,493.65765,668.98114
597,149.25,2024-05-16 10:00:00,340.131,-85.74997,68.759,150.25467,317.41623,418.28445,457.38666,651.3869
598,149.5,2024-05-16 10:15:00,330.2297,-170.71414,43.647438,131.54263,322.8787,408.64987,434.39908,633.1967
599,149.75,2024-05-16 10:30:00,184.1491,-102.64963,30.783903,101.25662,318.54102,393.6074,463.7322,598.4338
600,150.0,2024-05-16 10:45:00,316.3662,-150.66107,-1.8518215,71.81437,231.8371,389.53668,434.0313,519.68805
601,150.25,2024-05-16 11:00:00,318.4301,-87.37849,18.136038,85.92969,299.6149,423.559,477.40115,677.68195
602,150.5,2024-05-16 11:15:00,315.4307,-112.850266,55.137558,128.59946,316.89313,453.733,504.82858,656.3483
603,150.75,2024-05-16 11:30:00,337.8541,-62.792274,41.63278,102.32766,311.51123,457.6301,530.43286,708.7043
604,151.0,2024-05-16 11:45:00,337.5998,-39.075874,59.091545,139.88226,331.4083,456.07794,499.56546,662.6209
605,151.25,2024-05-16 12:00:00,201.4943,-199.65425,-92.39567,-11.646149,298.9488,327.34158,357.0819,554.4473
606,151.5,2024-05-16 12:15:00,336.071,-128.94301,20.205547,84.06988,236.01596,424.31018,491.7662,621.588
607,151.75,2024-05-16 12:30:00,327.7555,-68.21342,120.300674,165.16153,328.93274,445.41818,490.84668,618.1782
608,152.0,2024-05-16 12:45:00,171.2421,-60.75671,67.565895,166.33069,326.24585,422.184,463.6665,623.4352
609,152.25,2024-05-16 13:00:00,332.0776,-89.145424,48.14248,85.72259,222.00801,343.45038,415.25522,570.8582
610,152.5,2024-05-16 13:15:00,343.99,18.17514,68.98004,156.89586,324.1541,423.01218,445.65314,674.1779
611,152.75,2024-05-16 13:30:00,469.3931,59.564346,187.08357,240.42679,351.66937,480.70694,532.79126,707.0162
612,153.0,2024-05-16 13:45:00,384.8916,51.134914,200.47458,268.9377,439.27386,597.57544,684.0012,895.83594
613,153.25,2024-05-16 14:00:00,365.1626,32.63212,135.03384,221.59695,386.9249,504.89777,566.1831,706.44196
614,153.5,2024-05-16 14:15:00,360.1636,47.129932,135.03886,210.6614,369.38733,473.58258,537.0103,718.2114
615,153.75,2024-05-16 14:30:00,354.7614,24.541895,141.57376,207.7481,354.29425,456.91803,526.00366,683.25464
616,154.0,2024-05-16 14:45:00,380.0448,42.11046,180.74876,231.7894,362.11417,499.02267,540.67914,693.0962
617,154.25,2024-05-16 15:00:00,360.7556,65.384384,183.48741,236.43234,370.0639,478.11328,542.48395,745.51135
618,154.5,2024-05-16 15:15:00,360.7556,14.162231,172.18224,241.7074,364.91113,484.7616,534.71277,668.36145
619,154.75,2024-05-16 15:30:00,343.99,32.317142,176.48524,253.47192,366.8231,504.9215,578.09045,723.5128
620,155.0,2024-05-16 15:45:00,330.1834,11.83791,149.02052,202.45068,349.08118,456.95816,518.43585,724.8506
621,155.25,2024-05-16 16:00:00,341.0,77.34727,172.9924,239.14839,336.9554,477.15805,539.51465,651.64844
622,155.5,2024-05-16 16:15:00,344.9144,62.195488,168.93683,216.86469,336.03317,436.12433,491.532,649.8084
623,155.75,2024-05-16 16:30:00,343.2924,26.016495,154.99599,203.06117,338.7183,430.56055,493.6129,710.66614
624,156.0,2024-05-16 16:45:00,338.7952,68.35033,205.75266,257.58066,348.7473,464.1877,527.5971,742.5629
625,156.25,2024-05-16 17:00:00,342.126,25.019789,209.5077,242.06387,348.84753,492.40567,579.3441,718.28455
626,156.5,2024-05-16 17:15:00,341.6086,59.376507,178.51408,228.8864,344.96744,473.9639,547.435,744.7494
627,156.75,2024-05-16 17:30:00,326.9914,-14.612384,73.488815,159.18217,326.7855,408.69998,463.6591,608.23004
628,157.0,2024-05-16 17:45:00,322.2929,-30.410835,130.4748,166.38176,321.45264,406.21332,474.47504,603.4179
629,157.25,2024-05-16 18:00:00,327.1417,-18.035109,127.02104,186.2282,321.6238,422.72723,434.17133,653.19293
630,157.5,2024-05-16 18:15:00,330.0351,5.5372615,124.24454,187.4617,331.347,432.09064,498.1642,651.97284
631,157.75,2024-05-16 18:30:00,329.0706,41.354767,164.88687,218.66495,338.1081,448.66376,503.55872,660.2238
632,158.0,2024-05-16 18:45:00,333.0062,36.761158,189.12323,234.41437,343.19275,462.77432,503.1399,645.33966
633,158.25,2024-05-16 19:00:00,332.2928,45.98886,204.00888,256.65628,340.01187,454.0119,483.7208,658.3851
634,158.5,2024-05-16 19:15:00,348.5096,59.36886,197.94307,248.31538,343.06732,486.60886,571.91766,677.1484
635,158.75,2024-05-16 19:30:00,347.2943,109.712944,194.2619,246.14485,350.79718,477.73666,528.6308,691.5763
636,159.0,2024-05-16 19:45:00,347.9898,95.577934,216.34515,260.14398,350.64902,469.5251,519.3023,670.0347
637,159.25,2024-05-16 20:00:00,342.573,7.1945453,171.81552,241.98152,348.74762,448.0484,522.1878,641.70074
638,159.5,2024-05-16 20:15:00,346.5587,83.55719,198.25446,244.87312,346.1273,466.62296,527.56964,661.27325
639,159.75,2024-05-16 20:30:00,348.1097,83.35341,204.95377,260.4805,347.40482,436.64624,492.01733,649.5613
640,160.0,2024-05-16 20:45:00,346.9675,85.85819,201.71819,267.8376,347.69504,451.8494,505.15137,709.0577
641,160.25,2024-05-16 21:00:00,343.1097,82.367,179.90727,248.35211,349.40573,451.8006,519.43976,671.71027
642,160.5,2024-05-16 21:15:00,343.5233,81.29617,182.37039,230.31656,346.75018,472.17142,517.9661,667.58154
643,160.75,2024-05-16 21:30:00,346.4141,72.49449,199.05699,245.32774,347.77454,466.71143,521.5149,673.91364
644,161.0,2024-05-16 21:45:00,343.3811,114.718864,200.85168,248.05627,344.9351,453.1344,541.2814,660.37317
645,161.25,2024-05-16 22:00:00,344.4612,94.13416,245.48456,268.10724,346.1599,458.77496,485.5633,674.72955
646,161.5,2024-05-16 22:15:00,339.9874,61.99535,187.30815,250.1591,344.09106,423.71564,495.52963,690.6468
647,161.75,2024-05-16 22:30:00,340.77,44.178608,192.2972,239.98701,341.72287,451.01605,467.4498,649.44745
648,162.0,2024-05-16 22:45:00,338.0,78.69707,166.39545,224.73282,339.85095,442.2164,506.53214,633.6806
649,162.25,2024-05-16 23:00:00,342.0,54.80145,210.6265,213.28152,341.2292,463.69653,509.31726,693.41156
650,162.5,2024-05-16 23:15:00,342.9849,12.088294,172.67638,227.10448,344.0267,475.20322,548.9764,681.1603
651,162.75,2024-05-16 23:30:00,340.9866,55.967716,186.43953,247.66083,342.3936,445.31403,481.8802,658.88824
652,163.0,2024-05-16 23:45:00,335.0,50.780342,185.12312,235.29402,340.9656,441.0954,476.27,684.2961
653,163.25,2024-05-17 00:00:00,330.0,46.160572,154.6477,219.95227,336.92365,430.63345,517.94727,669.1557
654,163.5,2024-05-17 00:15:00,365.0,81.28439,228.9126,249.10913,343.26938,501.6482,564.6914,782.4404
655,163.75,2024-05-17 00:30:00,355.0,76.635704,217.85352,265.87292,364.03387,506.30875,588.95337,788.04395
656,164.0,2024-05-17 00:45:00,348.0,59.542023,202.8518,244.9386,354.42624,445.668,518.0862,669.6975
657,164.25,2024-05-17 01:00:00,339.9791,78.00856,163.36319,236.0652,349.95352,468.52676,533.10803,686.2025
658,164.5,2024-05-17 01:15:00,342.0,9.886304,159.64369,206.34476,342.9427,433.02933,476.56265,674.06934
659,164.75,2024-05-17 01:30:00,345.0,68.436714,163.22813,230.34543,341.7943,460.2618,511.71445,661.6046
660,165.0,2024-05-17 01:45:00,340.0,65.33423,162.68227,237.5541,344.07712,458.0131,491.8052,651.0886
661,165.25,2024-05-17 02:00:00,340.7484,9.262352,164.64793,226.8855,337.6311,423.7605,472.3567,625.59766
662,165.5,2024-05-17 02:15:00,339.9791,-4.1366315,158.38777,234.17514,338.45428,426.73798,513.5117,643.86444
663,165.75,2024-05-17 02:30:00,330.0,-7.8520384,129.77003,208.29482,339.34338,451.06522,523.0073,658.066
664,166.0,2024-05-17 02:45:00,330.18,-25.352234,120.08386,205.45679,329.72647,447.61374,495.7339,685.10156
665,166.25,2024-05-17 03:00:00,327.0,36.40249,146.16505,196.67473,327.93442,452.41812,484.0496,635.6426
666,166.5,2024-05-17 03:15:00,324.4477,-2.2248833,135.58029,188.1865,324.8315,448.56244,497.53403,665.5333
667,166.75,2024-05-17 03:30:00,319.4603,5.4825244,143.75005,195.91222,323.547,426.76245,502.96176,694.87463
668,167.0,2024-05-17 03:45:00,319.4603,-8.326641,153.22273,219.28261,318.58646,452.19278,502.63834,674.6842
669,167.25,2024-05-17 04:00:00,317.4678,-5.53886,147.3176,197.80434,315.3998,399.52246,447.36792,596.3883
670,167.5,2024-05-17 04:15:00,319.4644,-27.340715,88.68406,174.82146,305.1388,384.02402,428.77042,576.2985
671,167.75,2024-05-17 04:30:00,317.4678,-79.666245,78.2668,144.4869,308.673,381.7733,419.3099,544.79205
