step,hour,time,true,NLinear_q0.005,NLinear_q0.025,NLinear_q0.05,NLinear_q0.5,NLinear_q0.95,NLinear_q0.975,NLinear_q0.995
0,0.0,2024-05-10 04:45:00,324.9958,-56.59602,76.704765,155.62321,315.54297,444.19742,413.4357,671.0651
1,0.25,2024-05-10 05:00:00,325.0,-76.73762,76.15545,164.77849,318.92468,398.23795,474.95914,645.61346
2,0.5,2024-05-10 05:15:00,325.0,-29.125975,119.006355,190.69214,317.60712,421.40503,460.68115,741.38184
3,0.75,2024-05-10 05:30:00,325.0,-81.86035,129.44336,204.05884,322.05887,468.64624,535.7544,665.9424
4,1.0,2024-05-10 05:45:00,331.0,25.805668,99.41407,180.98755,333.10815,485.03418,563.2202,774.7071
5,1.25,2024-05-10 06:00:00,334.9874,-24.773933,149.81714,200.17114,347.12473,538.8247,685.3091,781.43945
6,1.5,2024-05-10 06:15:00,340.323,-19.13859,82.11874,191.79892,346.55737,547.5728,575.58795,833.40045
7,1.75,2024-05-10 06:30:00,344.9733,30.691647,173.23926,227.89624,345.0351,536.9783,604.7273,816.3972
8,2.0,2024-05-10 06:45:00,340.3272,42.849274,124.88052,185.12222,345.6174,505.83145,576.0524,844.48505
9,2.25,2024-05-10 07:00:00,344.9833,9.63872,148.43266,198.96977,341.0682,484.33963,600.8863,832.8809
10,2.5,2024-05-10 07:15:00,337.9891,8.801669,110.05899,197.5834,346.64557,485.69986,571.4848,845.2275
11,2.75,2024-05-10 07:30:00,339.9874,23.963213,164.86287,199.2867,338.81665,491.15683,560.8284,889.50275
12,3.0,2024-05-10 07:45:00,341.9858,-25.308027,114.58455,199.54549,343.38913,528.586,638.8155,868.42975
13,3.25,2024-05-10 08:00:00,349.9791,-34.47904,124.63962,237.43259,351.8678,532.96484,655.0962,954.6567
14,3.5,2024-05-10 08:15:00,360.0,43.82676,133.91466,197.08604,350.92752,504.88632,630.4967,914.3102
15,3.75,2024-05-10 08:30:00,360.0,79.29931,110.06103,175.06348,354.56976,520.12573,593.27637,862.0752
16,4.0,2024-05-10 08:45:00,351.4671,-14.084481,128.18848,220.65674,362.3775,526.8091,622.39014,943.74023
17,4.25,2024-05-10 09:00:00,354.5309,17.299622,156.82599,211.29987,348.11398,523.1285,575.5882,878.81085
18,4.5,2024-05-10 09:15:00,356.6187,-60.019882,106.05678,196.14467,351.53827,498.54337,609.5968,939.00354
19,4.75,2024-05-10 09:30:00,406.57196,42.775936,133.23004,193.47174,355.3055,536.88605,594.2896,812.55133
20,5.0,2024-05-10 09:45:00,345.7272,-48.99444,124.58955,207.35323,389.15405,519.91425,593.9804,917.4362
21,5.25,2024-05-10 10:00:00,349.0431,-77.24644,99.45034,199.70059,351.78683,526.6354,617.8219,833.15393
22,5.5,2024-05-10 10:15:00,337.3091,5.720325,145.796,180.76915,344.53696,480.4213,517.40857,787.3976
23,5.75,2024-05-10 10:30:00,336.7913,-75.77683,104.948265,197.96585,338.8655,457.7925,549.7115,897.6118
24,6.0,2024-05-10 10:45:00,332.6617,-13.489477,101.68386,174.74295,334.97168,485.5645,529.23517,708.4954
25,6.25,2024-05-10 11:00:00,334.0392,10.579191,131.61191,211.26279,337.2136,506.79498,612.26373,846.82184
26,6.5,2024-05-10 11:15:00,327.8486,-52.313335,87.94546,168.60341,325.50192,434.5641,516.96155,678.6437
27,6.75,2024-05-10 11:30:00,332.2881,-126.25297,134.48923,182.64597,320.43854,389.2347,480.19235,840.5439
28,7.0,2024-05-10 11:45:00,330.4607,-147.08205,12.21972,113.843254,308.18683,352.06348,394.72702,610.6084
29,7.25,2024-05-10 12:00:00,5.4512,-108.99244,-25.496342,39.87231,306.7943,395.6462,452.86667,714.24976
30,7.5,2024-05-10 12:15:00,329.2186,-114.11668,-16.33835,56.94961,89.86282,355.18265,436.48148,582.2334
31,7.75,2024-05-10 12:30:00,325.1509,-65.556786,130.91539,191.88951,302.34787,411.3872,513.78894,655.14636
32,8.0,2024-05-10 12:45:00,324.5571,-96.7241,75.94436,150.19362,321.3257,432.6338,496.99536,666.09326
33,8.25,2024-05-10 13:00:00,332.4373,12.72849,95.67527,177.3403,328.2564,451.54077,514.8037,717.8677
34,8.5,2024-05-10 13:15:00,342.888,-14.364481,135.782,166.36061,335.31262,459.42093,557.4739,879.5564
35,8.75,2024-05-10 13:30:00,359.9286,22.819632,111.259575,245.84209,358.68085,573.9671,683.4642,885.2464
36,9.0,2024-05-10 13:45:00,359.5855,19.1693,188.17564,201.17613,357.6083,518.22327,588.2611,827.94617
37,9.25,2024-05-10 14:00:00,385.8985,53.250053,132.16852,233.79205,361.33932,532.4371,648.89215,894.6197
38,9.5,2024-05-10 14:15:00,386.0213,37.44878,181.73589,232.36455,378.168,502.53668,601.96295,835.2394
39,9.75,2024-05-10 14:30:00,376.6556,57.163864,181.85869,237.88896,384.2918,525.273,628.45294,861.7293
40,10.0,2024-05-10 14:45:00,386.0322,97.23665,169.1971,264.86972,386.52042,580.26886,676.39923,820.8695
41,10.25,2024-05-10 15:00:00,399.43964,-11.306673,189.56003,247.97067,385.6009,542.5874,644.94336,843.4297
42,10.5,2024-05-10 15:15:00,386.065,-12.547687,151.51482,238.1237,399.7808,563.4106,665.3088,892.3595
43,10.75,2024-05-10 15:30:00,400.2294,-36.908627,173.29645,219.71368,385.08798,515.2459,556.17,847.857
44,11.0,2024-05-10 15:45:00,395.3849,93.52773,165.30508,247.06168,395.38568,522.4523,637.5341,809.65326
45,11.25,2024-05-10 16:00:00,428.141,117.43078,220.2445,298.15588,403.35568,585.8146,669.31067,930.7853
46,11.5,2024-05-10 16:15:00,399.1621,18.71717,154.58144,225.62636,418.21326,568.9491,660.68494,867.9603
47,11.75,2024-05-10 16:30:00,401.7836,24.1621,218.437,282.06616,410.23425,580.7112,709.15967,1082.8779
48,12.0,2024-05-10 16:45:00,404.281,132.06924,209.52286,255.9401,397.7095,547.7187,604.1152,884.81586
49,12.25,2024-05-10 17:00:00,372.4106,36.971436,222.73193,281.41724,401.5759,538.3142,602.95044,957.9919
50,12.5,2024-05-10 17:15:00,369.8287,0.1571998,170.26218,187.47409,357.46463,501.59152,595.98236,722.87445
51,12.75,2024-05-10 17:30:00,349.3391,-52.41251,4.16708,132.34091,335.61087,407.06778,470.62827,660.7833
52,13.0,2024-05-10 17:45:00,350.1548,-16.688726,163.12085,204.13647,357.6933,477.78763,526.5852,723.2405
53,13.25,2024-05-10 18:00:00,340.3515,-24.845213,97.65234,156.06299,353.34198,451.32056,544.0635,750.42334
54,13.5,2024-05-10 18:15:00,348.2987,2.8881133,54.523857,164.84491,336.45764,492.7868,592.67084,839.8632
55,13.75,2024-05-10 18:30:00,345.4254,13.215691,157.5028,220.03333,347.95914,489.38147,600.80115,792.14636
56,14.0,2024-05-10 18:45:00,350.1757,-21.33485,163.96788,229.42809,345.67645,467.5568,548.12317,825.89417
57,14.25,2024-05-10 19:00:00,350.4849,20.219631,157.54874,190.87393,355.72894,482.65253,575.76166,731.0351
58,14.5,2024-05-10 19:15:00,373.6216,-7.8525023,121.78617,207.47954,360.19522,504.01883,568.9297,753.6831
59,14.75,2024-05-10 19:30:00,384.07297,-7.2377625,167.99417,219.35526,374.9191,551.41705,635.09625,699.18317
60,15.0,2024-05-10 19:45:00,369.8287,-29.745386,149.69798,205.91136,377.5155,484.96408,568.36865,706.5217
61,15.25,2024-05-10 20:00:00,369.1646,-18.721104,155.04599,219.68222,372.53094,538.10266,594.68225,750.3219
62,15.5,2024-05-10 20:15:00,369.8287,61.364315,161.3399,213.79962,368.09174,462.45682,528.28326,645.10455
63,15.75,2024-05-10 20:30:00,384.6969,13.505459,147.53867,223.9852,370.29147,538.92664,608.41516,752.15295
64,16.0,2024-05-10 20:45:00,369.8287,59.318485,161.12512,209.1903,378.4713,505.08875,556.99915,693.5958
65,16.25,2024-05-10 21:00:00,365.3287,23.210049,149.55283,266.191,371.41373,537.0956,603.2882,851.3961
66,16.5,2024-05-10 21:15:00,365.3287,71.44441,186.25154,233.2181,360.84262,487.64313,545.50446,749.11774
67,16.75,2024-05-10 21:30:00,368.6016,81.33211,235.59846,271.12094,368.34708,545.7791,661.2271,861.5445
68,17.0,2024-05-10 21:45:00,363.8913,60.25198,214.51834,254.43533,365.29425,491.28226,536.2347,747.62994
69,17.25,2024-05-10 22:00:00,367.8463,45.104675,186.09589,247.25311,365.0407,510.55875,609.80194,712.341
70,17.5,2024-05-10 22:15:00,419.3894,58.214954,187.48741,254.1378,364.2443,482.4703,536.30334,673.63245
71,17.75,2024-05-10 22:30:00,399.5023,62.699944,149.67505,248.18579,405.38184,534.92896,585.6492,737.9929
72,18.0,2024-05-10 22:45:00,379.26294,68.996925,163.84555,232.41855,395.78012,553.21936,643.5819,843.7162
73,18.25,2024-05-10 23:00:00,379.11224,33.010483,161.73363,216.0244,382.95938,524.2825,654.65356,718.37427
74,18.5,2024-05-10 23:15:00,379.21817,16.014084,171.47063,235.00822,374.1369,547.01996,619.5297,766.92957
75,18.75,2024-05-10 23:30:00,369.6787,21.979406,131.65958,214.97258,370.82965,471.82376,559.0278,789.00824
76,19.0,2024-05-10 23:45:00,362.963,-13.744153,108.570305,191.15086,357.38776,539.3259,614.3076,852.71094
77,19.25,2024-05-11 00:00:00,365.9551,8.104608,178.11804,210.61926,369.7837,519.0604,647.3258,826.586
78,19.5,2024-05-11 00:15:00,426.1166,107.22707,224.87234,312.07632,388.54575,676.68506,784.9004,1021.83887
79,19.75,2024-05-11 00:30:00,417.4538,62.83535,132.96475,190.82608,405.47147,513.229,617.4618,856.7807
80,20.0,2024-05-11 00:45:00,398.2095,-23.830399,164.58513,238.37663,409.0996,549.47284,622.1657,840.7937
81,20.25,2024-05-11 01:00:00,391.0904,75.02836,184.70854,240.09795,392.04688,498.64285,549.08844,861.8326
82,20.5,2024-05-11 01:15:00,395.9972,72.12067,166.41998,252.02179,386.4212,510.93292,579.5059,832.3746
83,20.75,2024-05-11 01:30:00,378.8456,44.06847,209.2296,244.11119,392.13766,550.62976,664.2467,794.80096
84,21.0,2024-05-11 01:45:00,362.2923,5.1273556,124.51212,231.17107,380.88983,532.5627,607.17816,884.2167
85,21.25,2024-05-11 02:00:00,375.21466,42.95636,244.92169,260.30255,362.1116,515.5516,642.07745,864.00134
86,21.5,2024-05-11 02:15:00,361.0029,30.427069,137.36066,194.2149,366.9749,465.5772,530.94586,904.02325
87,21.75,2024-05-11 02:30:00,359.2355,-18.39164,100.44381,205.72946,358.13757,513.5297,619.7309,833.41504
88,22.0,2024-05-11 02:45:00,359.1805,-22.356302,127.60708,194.8068,357.68198,508.28336,601.484,837.8732
89,22.25,2024-05-11 03:00:00,354.0818,-85.39957,81.59262,163.99008,355.87317,514.454,636.2191,857.2274
90,22.5,2024-05-11 03:15:00,350.3573,32.548584,199.99854,221.05566,356.2533,531.511,592.8513,935.2586
91,22.75,2024-05-11 03:30:00,350.7661,-27.206182,129.89832,209.7323,345.8283,499.8629,540.4208,827.16394
92,23.0,2024-05-11 03:45:00,352.4921,-74.771,80.68554,168.30151,338.72693,447.4458,577.6338,775.2045
93,23.25,2024-05-11 04:00:00,344.8146,0.56337565,91.01748,147.23085,342.0322,466.01746,500.8075,752.3944
94,23.5,2024-05-11 04:15:00,349.622,-103.7938,75.64956,158.77945,340.78055,455.5934,583.0348,802.9445
95,23.75,2024-05-11 04:30:00,347.3532,0.9891987,137.76898,195.35565,347.6565,513.59296,579.4194,732.31244
96,24.0,2024-05-11 04:45:00,349.5365,-89.53645,68.84978,149.7824,343.631,463.07587,561.2204,667.9709
97,24.25,2024-05-11 05:00:00,339.4142,46.496944,146.47253,215.04553,345.49673,468.0973,546.00867,790.0883
98,24.5,2024-05-11 05:15:00,339.431,19.712069,118.95523,221.58585,339.3235,491.02557,584.59247,774.83905
99,24.75,2024-05-11 05:30:00,339.431,17.714695,162.91733,194.31992,336.261,469.71054,535.1708,721.0228
100,25.0,2024-05-11 05:45:00,339.431,-35.202785,123.18345,186.53793,342.30347,534.43835,649.2455,886.9164
101,25.25,2024-05-11 06:00:00,339.4142,-35.568996,63.12485,188.09433,347.61926,510.17685,566.1156,909.9877
102,25.5,2024-05-11 06:15:00,349.1708,-60.121918,164.82315,214.35318,347.81418,520.5971,656.9191,845.15155
103,25.75,2024-05-11 06:30:00,349.1096,-63.54893,78.35781,201.13002,348.95694,515.61365,605.1522,823.0477
104,26.0,2024-05-11 06:45:00,347.7517,-17.101362,112.72041,182.57515,350.47714,526.2641,673.57245,894.39764
105,26.25,2024-05-11 07:00:00,349.1708,-1.4304221,93.23511,155.67407,346.30832,492.22192,565.6472,859.3484
106,26.5,2024-05-11 07:15:00,349.2306,25.989645,136.03603,186.20692,353.56247,522.4801,630.05457,851.6122
107,26.75,2024-05-11 07:30:00,334.431,-58.728397,96.911255,163.01233,348.62692,474.9325,511.9198,669.66516
108,27.0,2024-05-11 07:45:00,339.4184,132.83186,163.59358,251.02644,340.33615,539.6922,643.3299,796.9554
109,27.25,2024-05-11 08:00:00,339.4184,-34.666077,142.76312,167.66547,348.56223,532.04535,621.0346,766.0541
110,27.5,2024-05-11 08:15:00,339.9874,9.462341,126.100525,188.9057,342.08344,509.34027,588.99115,797.5482
111,27.75,2024-05-11 08:30:00,320.0,86.2032,95.724686,210.53181,341.5967,504.233,536.82574,836.2032
112,28.0,2024-05-11 08:45:00,334.9916,35.45411,111.25977,168.38869,324.81512,478.29468,565.1782,802.6661
113,28.25,2024-05-11 09:00:00,325.2297,-71.13632,126.9838,151.97769,333.5661,498.04706,592.62103,825.7143
114,28.5,2024-05-11 09:15:00,332.8086,32.627174,103.12278,220.8596,327.15375,483.24976,595.8596,744.54126
115,28.75,2024-05-11 09:30:00,325.8161,34.163567,158.49217,198.95848,333.61395,506.02637,580.1841,854.29297
116,29.0,2024-05-11 09:45:00,324.1429,-46.07112,134.65398,154.33781,325.9774,466.71573,562.20526,775.88934
117,29.25,2024-05-11 10:00:00,322.2425,17.990559,85.007164,193.5887,323.8128,458.17612,531.23517,730.2708
118,29.5,2024-05-11 10:15:00,316.8289,-37.742863,88.2337,163.94781,318.12262,438.51443,573.4632,694.3128
119,29.75,2024-05-11 10:30:00,320.6085,42.35378,136.19533,180.50685,316.47537,465.69363,531.7947,811.2136
120,30.0,2024-05-11 10:45:00,320.0,-12.277253,83.48691,151.41904,318.43985,439.99323,562.857,720.1446
121,30.25,2024-05-11 11:00:00,321.1571,-14.716789,157.21925,230.18678,325.8451,524.895,616.9971,772.27057
122,30.5,2024-05-11 11:15:00,322.4689,-8.615859,103.44469,163.04552,318.71378,439.71786,510.48813,702.7489
123,30.75,2024-05-11 11:30:00,327.7269,-44.47447,116.47524,195.48524,319.06427,469.77725,509.14493,600.23987
124,31.0,2024-05-11 11:45:00,325.685,-125.64225,59.66049,116.42318,311.72806,397.90204,520.1707,656.7674
125,31.25,2024-05-11 12:00:00,311.9478,-169.7984,-25.511295,64.759705,297.12054,411.42413,510.62152,607.3012
126,31.5,2024-05-11 12:15:00,326.9451,-60.671814,105.22174,164.3648,334.2409,527.27985,583.3101,725.39996
127,31.75,2024-05-11 12:30:00,328.7527,-20.405977,107.76785,202.43338,337.88565,475.7183,486.24686,580.18
128,32.0,2024-05-11 12:45:00,332.7291,-74.811775,119.28003,176.31738,333.91684,457.01807,537.3098,824.60223
129,32.25,2024-05-11 13:00:00,327.7644,38.29551,115.74912,162.0748,337.487,496.70004,535.7931,664.15
130,32.5,2024-05-11 13:15:00,339.4881,-10.797612,101.07983,192.90723,334.39053,546.39233,621.6487,792.4861
131,32.75,2024-05-11 13:30:00,341.1732,131.66338,232.5545,256.7702,351.6875,547.3128,687.5716,845.9578
132,33.0,2024-05-11 13:45:00,340.0,37.767426,123.094574,214.18954,342.9327,513.0177,599.3519,771.8373
133,33.25,2024-05-11 14:00:00,341.4052,1.437977,172.55003,198.45946,342.69794,483.7378,525.9436,725.9863
134,33.5,2024-05-11 14:15:00,334.991,77.184006,120.76311,183.01897,344.3263,493.38275,575.7802,763.64636
135,33.75,2024-05-11 14:30:00,340.0,1.3728217,204.803,199.9507,340.39545,494.20123,608.3675,742.5838
136,34.0,2024-05-11 14:45:00,340.0,112.94921,140.59813,244.14427,342.84814,505.34424,551.853,641.3916
137,34.25,2024-05-11 15:00:00,325.2742,56.918934,185.82518,226.38304,343.69644,495.63965,589.38965,743.56445
138,34.5,2024-05-11 15:15:00,321.8705,-5.231179,135.21072,189.40994,330.95047,502.79492,545.91626,706.86597
139,34.75,2024-05-11 15:30:00,319.6275,68.63565,157.62491,240.75479,325.6757,492.89105,574.5561,788.05707
140,35.0,2024-05-11 15:45:00,327.0702,-4.286081,147.50836,192.3692,323.261,469.68243,534.5933,696.09235
141,35.25,2024-05-11 16:00:00,335.8287,49.8485,201.00206,267.5609,340.60855,511.0912,671.4916,804.97546
142,35.5,2024-05-11 16:15:00,342.1591,-64.07364,107.31308,165.90683,330.89917,481.4891,550.61145,717.0543
143,35.75,2024-05-11 16:30:00,367.8522,100.45986,207.57655,235.31703,347.6036,558.4066,660.7626,821.8954
144,36.0,2024-05-11 16:45:00,376.0191,47.60074,176.8732,228.6005,357.19205,499.1388,575.86,700.5548
145,36.25,2024-05-11 17:00:00,367.8617,114.910706,236.49274,261.7613,369.0096,503.36896,593.7315,774.09033
146,36.5,2024-05-11 17:15:00,372.4352,25.820665,155.64244,206.17955,349.26505,432.36057,502.6273,702.2123
147,36.75,2024-05-11 17:30:00,362.8324,-75.806984,26.915186,101.80532,337.16452,372.43216,416.63226,660.8263
148,37.0,2024-05-11 17:45:00,363.0924,-16.195915,111.4286,166.17714,364.00113,476.54092,506.84488,700.29584
149,37.25,2024-05-11 18:00:00,369.3018,55.475212,125.05529,222.1012,359.45032,491.1747,578.42444,787.8971
150,37.5,2024-05-11 18:15:00,342.7372,33.852562,131.08157,147.01175,364.87863,472.93948,580.9717,751.25977
151,37.75,2024-05-11 18:30:00,314.239,58.374413,107.81289,194.33023,348.5308,508.17303,563.37933,727.2587
152,38.0,2024-05-11 18:45:00,324.3361,14.495351,150.54271,170.86742,320.55615,469.51248,527.9231,657.56177
153,38.25,2024-05-11 19:00:00,320.7188,23.127594,130.4274,176.93619,324.8872,461.75677,570.613,767.08514
154,38.5,2024-05-11 19:15:00,330.3553,-75.521416,64.92048,173.04427,333.2272,540.26227,602.88434,752.4815
155,38.75,2024-05-11 19:30:00,329.803,25.118464,104.220024,172.06061,330.72614,470.79715,556.49054,700.59454
156,39.0,2024-05-11 19:45:00,332.2728,30.425571,180.75516,221.12991,329.4518,459.16702,508.6055,675.1399
157,39.25,2024-05-11 20:00:00,331.5909,11.655115,84.53109,176.81625,328.76804,428.8609,493.40558,749.75323
158,39.5,2024-05-11 20:15:00,340.8512,66.27108,153.7955,227.86166,332.88266,462.87753,537.76764,677.11096
159,39.75,2024-05-11 20:30:00,345.661,46.783806,166.26013,200.31775,337.96585,447.60168,502.71643,719.1471
160,40.0,2024-05-11 20:45:00,341.9183,90.5951,154.4989,225.17761,341.37805,445.6366,535.1752,679.4623
161,40.25,2024-05-11 21:00:00,340.8637,-6.1651917,152.95346,224.7308,340.7367,471.46542,562.92664,706.84753
162,40.5,2024-05-11 21:15:00,340.8637,110.33392,158.67377,216.07733,342.08966,459.6076,563.70306,716.2299
163,40.75,2024-05-11 21:30:00,351.5463,-9.783268,137.43353,234.84564,339.36884,502.54584,571.2104,796.4301
164,41.0,2024-05-11 21:45:00,340.8637,15.54776,107.466705,194.89957,349.12015,495.19257,612.4716,743.0258
165,41.25,2024-05-11 22:00:00,341.4276,74.44525,166.5473,237.22601,343.38855,480.9394,558.9423,772.6264
166,41.5,2024-05-11 22:15:00,343.3617,8.358769,183.13293,223.59924,345.72202,493.77136,543.75916,703.6102
167,41.75,2024-05-11 22:30:00,346.2384,-18.637821,121.25476,203.83533,344.12415,483.43738,617.8368,708.2909
168,42.0,2024-05-11 22:45:00,339.9874,51.80481,158.3722,205.6134,343.18857,493.6383,574.754,872.84973
169,42.25,2024-05-11 23:00:00,339.431,60.385334,160.36092,227.74373,340.95297,520.2547,612.6314,812.7657
170,42.5,2024-05-11 23:15:00,339.431,-15.061185,93.88657,203.6583,336.78027,451.9493,536.6356,739.3334
171,42.75,2024-05-11 23:30:00,341.4276,-2.0606966,141.8602,199.17221,333.85773,501.11313,610.4271,833.0834
172,43.0,2024-05-11 23:45:00,336.4259,-8.853145,117.12342,176.63269,334.9846,430.82886,526.0895,760.3729
173,43.25,2024-05-12 00:00:00,339.9874,-60.912968,151.94714,239.74622,343.85312,555.78625,677.3683,853.51575
174,43.5,2024-05-12 00:15:00,359.9707,69.5406,180.68562,237.26521,358.52682,571.4327,671.40826,850.8516
175,43.75,2024-05-12 00:30:00,350.0,-24.184586,153.24461,211.5637,354.5605,533.82935,628.4033,879.2578
176,44.0,2024-05-12 00:45:00,346.252,-14.013671,135.21729,182.36694,347.00165,493.28006,544.6411,839.2579
177,44.25,2024-05-12 01:00:00,344.0,-10.254331,133.11725,202.33112,343.52832,481.8416,580.2608,729.67487
178,44.5,2024-05-12 01:15:00,341.9858,10.0156145,115.11816,217.01634,340.7699,454.04642,538.458,828.8633
179,44.75,2024-05-12 01:30:00,339.9874,-0.7876307,147.89401,208.04416,343.20175,474.46262,568.3042,734.9302
180,45.0,2024-05-12 01:45:00,339.9874,-54.4218,110.37312,168.05135,339.74384,466.60483,481.89413,759.2989
181,45.25,2024-05-12 02:00:00,339.9874,8.383378,114.21834,192.67903,336.7344,415.1522,423.80392,591.02496
182,45.5,2024-05-12 02:15:00,331.9941,31.271563,129.04988,214.10237,339.15842,451.68173,519.5223,748.31256
183,45.75,2024-05-12 02:30:00,325.5795,-11.145539,143.76169,187.61545,333.16855,460.53412,543.1147,760.8271
184,46.0,2024-05-12 02:45:00,328.333,-1.080662,97.61319,186.60245,325.95966,441.94302,514.7275,630.63324
185,46.25,2024-05-12 03:00:00,302.4929,-10.961429,113.36719,207.6665,325.97696,459.16187,519.312,817.59076
186,46.5,2024-05-12 03:15:00,319.4644,-3.6594496,129.91599,212.49655,310.48087,471.95703,570.3762,738.65015
187,46.75,2024-05-12 03:30:00,302.4929,-49.859337,116.949745,163.27544,314.18582,437.20123,477.11823,715.33844
188,47.0,2024-05-12 03:45:00,300.2766,-43.21023,77.63938,152.98727,300.10538,427.4624,462.344,597.65894
189,47.25,2024-05-12 04:00:00,299.4979,-67.58228,95.93091,195.9065,298.71735,410.04834,483.29053,681.8684
190,47.5,2024-05-12 04:15:00,301.4946,-155.33609,20.262054,113.27963,297.86996,417.50934,450.9261,678.5262
191,47.75,2024-05-12 04:30:00,299.4979,-14.728546,95.134735,198.13156,303.78342,418.95676,455.02853,675.9453
192,48.0,2024-05-12 04:45:00,0.0,-62.501617,104.673676,173.24667,301.32324,435.91144,483.2442,614.25616
193,48.25,2024-05-12 05:00:00,299.4979,-52.6886,33.76007,85.4187,69.122314,260.00977,347.7173,558.4717
194,48.5,2024-05-12 05:15:00,189.682,22.45932,101.74399,170.50009,258.2534,324.8351,355.89438,537.7181
195,48.75,2024-05-12 05:30:00,299.4979,-123.79456,67.82531,126.00707,207.7179,333.32825,435.40952,637.9242
196,49.0,2024-05-12 05:45:00,304.8489,-73.85416,52.854828,160.70395,288.46008,430.50983,507.13947,621.9466
197,49.25,2024-05-12 06:00:00,301.4946,-74.17942,77.79812,164.86478,308.19058,481.54565,559.3655,735.1467
198,49.5,2024-05-12 06:15:00,336.4218,-45.490265,86.34567,160.41183,307.4913,435.43625,517.9253,679.0581
199,49.75,2024-05-12 06:30:00,331.4343,-64.94538,94.17328,163.6618,329.9616,461.94058,533.2602,768.91693
200,50.0,2024-05-12 06:45:00,339.4184,-71.763954,87.5378,184.85837,331.50598,445.41748,560.13306,743.0554
201,50.25,2024-05-12 07:00:00,329.4435,-33.75055,115.84662,179.84198,336.85065,473.6347,519.5942,774.4769
202,50.5,2024-05-12 07:15:00,320.0,-29.992529,141.5773,218.2985,335.8293,498.54138,622.41223,867.04114
203,50.75,2024-05-12 07:30:00,329.9958,-22.77343,128.28859,185.4175,323.71362,443.7793,497.7954,614.6167
204,51.0,2024-05-12 07:45:00,342.0,-105.79522,124.368355,178.47603,330.1672,441.23236,564.0046,805.3376
205,51.25,2024-05-12 08:00:00,350.12,-31.901367,111.836426,170.43018,342.70023,523.6406,593.2207,850.3008
206,51.5,2024-05-12 08:15:00,357.0,-83.47376,97.06823,193.74792,349.90076,513.9994,612.69324,786.2772
207,51.75,2024-05-12 08:30:00,362.5444,-39.60646,42.607895,151.00633,351.8673,479.49753,584.2339,788.3965
208,52.0,2024-05-12 08:45:00,353.598,32.95456,185.84763,225.58151,363.54504,506.92307,603.87744,873.0424
209,52.25,2024-05-12 09:00:00,350.158,-23.599281,74.728355,158.40756,347.74432,494.7723,618.18536,850.18
210,52.5,2024-05-12 09:15:00,349.5607,16.722925,167.96805,190.03226,349.72598,485.10675,583.2513,784.118
211,52.75,2024-05-12 09:30:00,348.0755,-55.468597,102.18521,199.50577,342.8659,457.5929,540.9059,764.8439
212,53.0,2024-05-12 09:45:00,348.9304,48.33184,127.06719,197.28815,343.80112,491.44708,579.5208,789.7258
213,53.25,2024-05-12 10:00:00,325.9303,-68.9163,71.34249,150.99338,344.1067,454.3991,499.1684,707.26776
214,53.5,2024-05-12 10:15:00,137.0488,-6.5892267,86.06214,190.70692,324.13358,468.20328,580.08075,805.3005
215,53.75,2024-05-12 10:30:00,143.5236,-87.62161,38.354954,79.91989,181.33743,359.52197,421.0454,605.7988
216,54.0,2024-05-12 10:45:00,323.8745,-44.891922,38.970387,97.541245,158.3437,332.85468,422.21014,706.75604
217,54.25,2024-05-12 11:00:00,307.6324,-18.349617,77.23144,122.45849,297.46155,394.599,470.08423,606.04004
218,54.5,2024-05-12 11:15:00,321.9811,-44.662537,121.87189,196.39581,300.7831,442.30646,519.4854,706.4361
219,54.75,2024-05-12 11:30:00,137.6403,-4.495941,144.27725,180.53214,316.44504,436.60516,522.66473,617.33026
220,55.0,2024-05-12 11:45:00,320.2512,-77.69173,38.305588,103.857346,168.0587,288.24457,369.26874,561.3464
221,55.25,2024-05-12 12:00:00,0.0,-155.0906,-15.564233,58.77659,276.37454,354.5377,363.6243,625.1218
222,55.5,2024-05-12 12:15:00,131.9959,-85.876465,33.988953,97.961426,82.855225,305.0537,361.8164,464.35547
223,55.75,2024-05-12 12:30:00,261.1674,-87.91377,51.566822,100.753525,140.16698,296.05838,361.24393,509.55936
224,56.0,2024-05-12 12:45:00,6.3373,-94.42344,52.244045,126.03555,241.65521,317.65543,429.99066,560.72797
225,56.25,2024-05-12 13:00:00,69.9158,-111.39952,-9.306773,79.899925,70.24111,252.24794,323.47598,454.2133
226,56.5,2024-05-12 13:15:00,312.5819,-189.36154,-6.118745,15.258819,82.96207,217.68192,341.2781,484.8328
227,56.75,2024-05-12 13:30:00,347.6286,-16.092405,55.68494,149.61804,281.45398,438.46692,498.89172,600.7899
228,57.0,2024-05-12 13:45:00,365.4148,-71.31672,79.19598,167.26971,332.00742,410.52533,526.248,670.07733
229,57.25,2024-05-12 14:00:00,323.8492,4.3308063,90.57349,161.4353,357.42682,469.23557,554.56274,635.31226
230,57.5,2024-05-12 14:15:00,337.9004,-87.7719,134.70125,177.73103,329.88025,430.69125,480.12973,758.17535
231,57.75,2024-05-12 14:30:00,334.4646,23.142076,94.55321,213.48021,337.7044,487.31445,547.73926,726.8164
232,58.0,2024-05-12 14:45:00,351.8991,-44.563717,158.7749,219.65747,336.124,464.01172,560.59985,697.74585
233,58.25,2024-05-12 15:00:00,353.0601,41.35222,171.08244,228.21135,349.06955,471.28387,576.0202,797.2116
234,58.5,2024-05-12 15:15:00,350.0593,-14.432587,131.50247,187.6243,349.8586,477.57178,596.4072,890.6577
235,58.75,2024-05-12 15:30:00,350.317,40.244846,153.77023,244.6821,354.46814,514.2134,615.92847,830.8943
236,59.0,2024-05-12 15:45:00,346.8293,-40.4301,121.435135,216.92464,349.5942,479.04013,571.32526,804.4185
237,59.25,2024-05-12 16:00:00,348.0621,34.268284,180.6611,243.00851,352.88898,518.0329,558.4992,829.4953
238,59.5,2024-05-12 16:15:00,348.5148,-51.10782,134.56113,236.55087,352.46237,501.50452,568.8873,839.151
239,59.75,2024-05-12 16:30:00,353.2047,27.714014,195.07242,223.54532,354.1281,517.7042,606.51044,870.3654
240,60.0,2024-05-12 16:45:00,352.2265,9.332635,168.72595,242.33435,353.80267,513.87976,578.42444,781.3053
241,60.25,2024-05-12 17:00:00,355.6721,67.86371,173.60712,244.74359,354.84006,503.65475,559.1357,844.7803
242,60.5,2024-05-12 17:15:00,403.6492,14.363498,154.43918,204.79318,352.14444,496.6633,547.56665,738.72876
243,60.75,2024-05-12 17:30:00,337.5163,-107.94747,52.819134,145.65361,372.4755,449.0365,489.1595,699.18146
244,61.0,2024-05-12 17:45:00,351.9774,-16.24348,113.761406,185.26408,350.1277,493.61374,564.7502,778.8005
245,61.25,2024-05-12 18:00:00,349.2191,32.45835,136.64537,211.5355,351.7383,503.31406,567.49255,778.6131
246,61.5,2024-05-12 18:15:00,352.4375,13.037436,134.98567,176.82529,345.92606,470.9842,574.9881,760.84015
247,61.75,2024-05-12 18:30:00,356.9569,3.4384801,178.21265,242.11646,348.96136,505.6968,593.9537,806.1729
248,62.0,2024-05-12 18:45:00,355.8966,32.12781,152.6112,226.40271,356.22165,493.09583,560.204,734.5204
249,62.25,2024-05-12 19:00:00,361.2673,-14.708877,156.67784,222.68736,357.3786,521.1493,598.69446,738.95325
250,62.5,2024-05-12 19:15:00,366.3024,56.946003,162.96407,257.17184,368.05365,546.66156,641.41864,887.1462
251,62.75,2024-05-12 19:30:00,373.5431,45.318516,171.47818,222.83926,368.31656,503.9977,568.8171,726.4709
252,63.0,2024-05-12 19:45:00,370.4144,9.712524,147.59094,242.07336,368.20157,492.01236,542.8241,681.5265
253,63.25,2024-05-12 20:00:00,370.4144,32.218582,166.06868,228.96541,365.39902,448.692,557.7313,748.7103
254,63.5,2024-05-12 20:15:00,369.5981,-26.558273,140.25081,239.40242,368.89804,495.38388,527.88513,789.35974
255,63.75,2024-05-12 20:30:00,369.4865,27.00779,163.05516,212.67674,366.42526,462.75302,546.84424,766.937
256,64.0,2024-05-12 20:45:00,363.9335,48.502632,176.31026,231.425,366.37372,516.70337,602.76294,801.24927
257,64.25,2024-05-12 21:00:00,355.0795,-10.334082,137.06583,232.28067,362.63458,497.87512,611.30896,773.3573
258,64.5,2024-05-12 21:15:00,352.3724,41.23673,150.00137,191.56631,353.82782,506.04996,571.8764,812.8432
259,64.75,2024-05-12 21:30:00,353.5467,2.274737,152.78743,225.6634,352.05197,511.67416,600.6634,794.389
260,65.0,2024-05-12 21:45:00,354.6303,26.703424,136.56671,197.17462,350.61414,502.86923,574.1888,822.2967
261,65.25,2024-05-12 22:00:00,350.0,13.50481,120.43841,196.06096,349.77515,465.40915,564.4692,761.49066
262,65.5,2024-05-12 22:15:00,349.4675,42.016605,159.3872,205.52979,349.22968,490.53348,569.17725,765.28326
263,65.75,2024-05-12 22:30:00,349.1368,-46.40653,143.47385,182.65842,349.32507,470.7749,548.6863,780.4978
264,66.0,2024-05-12 22:45:00,348.6354,25.406332,136.36824,216.65999,344.48193,474.01474,587.5401,843.15533
265,66.25,2024-05-12 23:00:00,346.4633,0.5519092,124.33121,215.24307,344.25806,481.66153,537.7834,834.96356
266,66.5,2024-05-12 23:15:00,346.7619,19.986235,146.69522,209.59195,345.77914,491.6659,563.44324,757.71814
267,66.75,2024-05-12 23:30:00,343.401,17.538273,164.02264,206.96088,343.56613,464.86493,528.311,751.0588
268,67.0,2024-05-12 23:45:00,342.9749,28.459602,123.85755,186.84584,334.9896,432.39026,547.7467,779.5582
269,67.25,2024-05-13 00:00:00,300.0,4.779115,145.0379,207.65997,345.06204,491.565,570.3919,787.18884
270,67.5,2024-05-13 00:15:00,334.9916,13.989263,146.37451,204.78516,321.06857,555.0659,634.8999,826.6113
271,67.75,2024-05-13 00:30:00,338.7331,44.586338,150.23819,210.29678,334.23486,489.89886,579.25433,810.33344
272,68.0,2024-05-13 00:45:00,324.4567,3.4669788,163.0434,216.32709,335.7605,509.3874,572.00946,751.8191
273,68.25,2024-05-13 01:00:00,320.1183,-29.303066,111.50504,165.7958,325.00958,448.32758,523.6755,739.7399
274,68.5,2024-05-13 01:15:00,318.8299,-23.021355,130.42104,177.9369,319.6784,450.12317,540.39417,791.798
275,68.75,2024-05-13 01:30:00,319.1713,-54.155945,92.511536,181.04303,318.4147,449.7503,533.6126,715.0701
276,69.0,2024-05-13 01:45:00,318.2944,-28.54599,111.895905,186.78604,319.31488,440.0209,546.9545,788.6537
277,69.25,2024-05-13 02:00:00,329.4435,4.085407,116.695274,210.90303,316.61356,462.48996,509.0903,707.5766
278,69.5,2024-05-13 02:15:00,318.4243,-28.34458,118.32291,180.85342,325.23495,432.34875,523.7184,651.8922
279,69.75,2024-05-13 02:30:00,324.4561,-60.604042,115.90963,195.1943,319.45496,459.23236,548.2216,740.29926
280,70.0,2024-05-13 02:45:00,319.4644,-32.782696,93.19387,174.21803,321.0572,434.0447,516.71686,717.76666
281,70.25,2024-05-13 03:00:00,319.4644,-45.098595,99.73783,152.92998,318.81818,455.42023,559.5157,757.8189
282,70.5,2024-05-13 03:15:00,298.9794,-40.704063,103.583046,176.82524,317.50888,469.06158,548.71246,721.93024
283,70.75,2024-05-13 03:30:00,299.4979,-22.553802,89.14053,175.29166,301.6802,437.59024,527.31195,671.23285
284,71.0,2024-05-13 03:45:00,298.3794,-65.2482,47.361664,137.72421,291.46414,393.43097,474.63824,654.35626
285,71.25,2024-05-13 04:00:00,298.3794,-64.901855,106.48486,135.32397,296.09915,419.86987,496.68262,711.46533
286,71.5,2024-05-13 04:15:00,294.0023,-107.38233,33.059566,110.33008,289.0696,414.3767,483.77368,663.3086
287,71.75,2024-05-13 04:30:00,0.0,-38.334133,62.190773,144.95444,290.68924,405.51352,456.05063,706.72205
288,72.0,2024-05-13 04:45:00,0.0,-139.89258,-34.217834,21.595001,56.21338,255.24902,332.15332,507.20215
289,72.25,2024-05-13 05:00:00,0.0,-107.84912,-8.182526,1.6994476,32.38678,204.3457,289.85596,469.48242
290,72.5,2024-05-13 05:15:00,0.0,-134.85718,-33.78296,5.9280396,20.885468,180.7251,272.09473,429.93164
291,72.75,2024-05-13 05:30:00,0.0,-188.78174,-80.3833,-27.122498,20.599365,181.54907,231.0791,466.18652
292,73.0,2024-05-13 05:45:00,0.0,-170.19653,-55.984497,-27.626038,22.029877,213.50098,306.51855,514.8926
293,73.25,2024-05-13 06:00:00,298.3803,-174.49951,-64.77356,-13.973236,25.33722,208.74023,315.30762,463.62305
294,73.5,2024-05-13 06:15:00,324.4561,-75.70416,20.059996,113.44379,252.99304,317.51483,404.39835,571.20746
295,73.75,2024-05-13 06:30:00,324.4519,-65.19237,60.601093,115.34963,311.57004,425.80496,462.70074,658.6236
296,74.0,2024-05-13 06:45:00,299.4979,-58.604748,68.287346,146.83958,320.415,426.5332,517.26196,685.719
297,74.25,2024-05-13 07:00:00,319.4644,-41.627594,61.826996,160.70395,301.3218,445.0667,551.2679,746.2752
298,74.5,2024-05-13 07:15:00,303.1566,-54.803185,118.963905,164.09941,318.70337,488.3792,571.05133,698.85895
299,74.75,2024-05-13 07:30:00,296.285,-15.630036,86.542816,170.49667,306.31802,465.57114,516.6576,657.4657
300,75.0,2024-05-13 07:45:00,318.8524,-49.051903,76.19224,139.72984,298.53665,431.23376,529.0121,692.52527
301,75.25,2024-05-13 08:00:00,318.3315,-83.61344,70.01205,168.7059,319.85873,470.64682,536.56476,831.1815
302,75.5,2024-05-13 08:15:00,329.9958,-54.288113,44.771946,144.74753,314.8697,432.58936,524.5083,690.9512
303,75.75,2024-05-13 08:30:00,330.0,-43.17315,97.81806,172.43355,327.44092,476.29706,579.38544,750.77216
304,76.0,2024-05-13 08:45:00,325.89,-39.323734,66.328125,172.98706,328.88635,484.1748,546.98,823.6524
305,76.25,2024-05-13 09:00:00,201.0358,-68.88538,93.89538,152.03136,323.21637,470.26868,533.1654,800.4994
306,76.5,2024-05-13 09:15:00,297.2033,-133.1317,42.3749,131.31839,228.66183,393.66272,476.4264,637.9254
307,76.75,2024-05-13 09:30:00,170.5086,-105.26251,44.883976,114.09784,284.0655,411.09494,513.634,686.8518
308,77.0,2024-05-13 09:45:00,0.0,-106.71307,5.530581,76.48395,195.27362,382.36163,449.37823,686.4998
309,77.25,2024-05-13 10:00:00,55.6016,-237.30469,-68.06946,-9.658813,42.892456,244.2627,319.33594,509.0332
310,77.5,2024-05-13 10:15:00,50.2025,-267.57953,-102.326866,-52.339073,52.431587,198.60698,261.59528,385.9239
311,77.75,2024-05-13 10:30:00,6.8383,-238.37172,-99.85243,-47.94203,57.126175,174.71422,269.92908,395.90564
312,78.0,2024-05-13 10:45:00,0.0,-239.62167,-95.97542,-29.599688,37.096478,195.80313,233.33975,427.98087
313,78.25,2024-05-13 11:00:00,0.0,-202.51465,-95.85571,-59.37195,20.805359,195.37354,277.5879,416.74805
314,78.5,2024-05-13 11:15:00,0.0,-205.62744,-89.95056,-38.95569,17.715454,200.13428,276.48926,425.5371
315,78.75,2024-05-13 11:30:00,300.0157,-217.16309,-111.41968,-51.635742,4.1513443,144.92798,213.68408,331.7871
316,79.0,2024-05-13 11:45:00,299.999,-186.31245,-34.334915,26.272997,238.81267,303.22287,352.8416,488.98053
317,79.25,2024-05-13 12:00:00,1.8032001,-233.20413,-126.63674,-66.21194,255.89348,302.97733,352.91647,447.7651
318,79.5,2024-05-13 12:15:00,238.86479,-97.439964,-30.194483,26.797096,71.97837,288.18018,350.98535,521.09033
319,79.75,2024-05-13 12:30:00,115.6135,-83.21773,34.702198,78.922165,219.1924,328.3576,391.20856,506.9312
320,80.0,2024-05-13 12:45:00,3.0629,-210.13113,-53.484398,16.553444,132.7682,273.35886,343.0305,479.81027
321,80.25,2024-05-13 13:00:00,2.5767,-146.62582,-53.42514,-14.561002,42.15592,224.43742,303.90518,479.13712
322,80.5,2024-05-13 13:15:00,2.5697,-145.64719,-31.091818,15.989176,41.761272,234.02202,309.8277,539.07574
323,80.75,2024-05-13 13:30:00,51.2573,-200.67738,-71.35913,1.5883691,37.382626,260.5653,339.48376,542.3646
324,81.0,2024-05-13 13:45:00,195.5861,-170.30031,-80.12087,-4.8645267,66.031624,267.87106,372.24118,541.9799
325,81.25,2024-05-13 14:00:00,27.6739,-138.76448,-47.94417,29.784098,177.81343,318.5414,378.14224,545.8669
326,81.5,2024-05-13 14:15:00,49.9778,-181.43254,-37.96941,20.898998,69.67372,260.58405,338.22076,576.99036
327,81.75,2024-05-13 14:30:00,0.0,-155.10033,-89.090805,-26.789171,62.085648,198.20168,302.48026,492.7268
328,82.0,2024-05-13 14:45:00,5.0005,-221.92383,-80.52063,-47.60742,28.907776,174.68262,232.17773,419.67773
329,82.25,2024-05-13 15:00:00,177.898,-229.7407,-111.36303,-83.98876,18.653303,144.0691,243.58694,412.95947
330,82.5,2024-05-13 15:15:00,0.3597,-183.00288,-70.209915,17.955366,154.00273,269.3592,382.42682,533.67194
331,82.75,2024-05-13 15:30:00,173.5547,-212.04263,-64.64274,0.7745483,42.08486,203.78989,305.59653,465.44757
332,83.0,2024-05-13 15:45:00,179.8761,-223.78416,-48.369125,18.647478,154.06541,243.8672,338.89896,526.58203
333,83.25,2024-05-13 16:00:00,324.0481,-104.30359,1.8975847,62.139286,180.36928,327.73376,429.26575,531.4386
334,83.5,2024-05-13 16:15:00,234.9712,-153.12477,7.0925207,101.75805,297.20026,387.49414,482.80054,660.77905
335,83.75,2024-05-13 16:30:00,318.2514,-78.139145,54.703876,87.38821,246.2608,395.0054,507.98148,641.83154
336,84.0,2024-05-13 16:45:00,321.9312,-102.891174,35.35346,134.50507,305.81168,431.0444,526.4424,662.67285
337,84.25,2024-05-13 17:00:00,348.7865,-48.491142,68.33015,121.43073,316.6412,443.97104,491.3038,700.5934
338,84.5,2024-05-13 17:15:00,333.2278,-81.14514,123.383675,139.68005,339.3623,472.65735,557.89294,706.7577
339,84.75,2024-05-13 17:30:00,327.6098,-146.87473,-20.165741,66.076935,310.93472,389.30386,485.93777,657.3245
340,85.0,2024-05-13 17:45:00,322.0108,-71.92634,88.84026,139.74358,327.54095,469.51654,540.19525,765.23193
341,85.25,2024-05-13 18:00:00,328.3191,-46.0312,95.50933,146.6873,322.2336,439.74765,489.18613,706.5323
342,85.5,2024-05-13 18:15:00,333.862,-99.4153,76.915276,134.41039,322.2766,446.05594,515.636,765.94116
343,85.75,2024-05-13 18:30:00,336.8078,-28.137512,89.23309,168.42621,330.48312,449.12686,537.6584,761.5964
344,86.0,2024-05-13 18:45:00,341.8556,-63.094543,99.1369,155.07562,332.92538,422.6385,491.07416,748.0627
345,86.25,2024-05-13 19:00:00,341.4566,-30.397833,103.26916,188.96252,339.55103,471.67737,556.6383,772.51965
346,86.5,2024-05-13 19:15:00,346.459,-13.218686,137.47711,191.49323,349.26147,521.2662,606.95953,782.74084
347,86.75,2024-05-13 19:30:00,352.0241,-34.76657,130.57767,200.61551,346.23227,493.1265,553.73444,737.5723
348,87.0,2024-05-13 19:45:00,346.6534,-37.258118,123.14227,173.67938,347.55234,478.36688,539.7072,755.22235
349,87.25,2024-05-13 20:00:00,344.6179,-73.39053,81.15048,180.6683,340.97144,446.81213,518.4064,669.2853
350,87.5,2024-05-13 20:15:00,343.546,-88.97587,66.846886,158.85739,341.25333,467.6648,545.8508,757.70386
351,87.75,2024-05-13 20:30:00,346.6476,17.618246,129.31258,196.6954,338.96548,471.07898,518.04553,688.88293
352,88.0,2024-05-13 20:45:00,342.0675,-8.027673,131.13249,188.90227,340.74246,464.47598,561.61346,706.8161
353,88.25,2024-05-13 21:00:00,342.4783,-46.482304,119.96057,198.42126,338.4426,464.01572,528.3773,674.0377
354,88.5,2024-05-13 21:15:00,336.9,-38.01486,75.69364,170.81693,338.2068,472.6663,561.10626,750.8035
355,88.75,2024-05-13 21:30:00,342.4783,7.4932427,152.14656,200.94417,337.84842,505.08237,615.7696,787.3394
356,89.0,2024-05-13 21:45:00,342.1931,-23.91574,102.610146,177.13406,336.8478,478.61722,567.14874,724.80255
357,89.25,2024-05-13 22:00:00,339.9856,13.518803,121.36793,186.64502,337.68414,479.52222,556.0603,714.81274
358,89.5,2024-05-13 22:15:00,335.0,17.170652,120.80835,192.9519,336.04596,467.70166,571.2478,770.2834
359,89.75,2024-05-13 22:30:00,337.0,-2.8295965,121.132805,185.40283,330.84293,439.187,514.1687,728.31055
360,90.0,2024-05-13 22:45:00,337.4234,-28.478512,112.878914,130.27393,329.6243,425.98926,518.4575,744.5928
361,90.25,2024-05-13 23:00:00,339.4184,-36.477978,88.76617,163.93097,332.07614,456.16733,562.46,747.21344
362,90.5,2024-05-13 23:15:00,339.9874,-25.510803,71.901306,157.04535,333.38165,455.14105,495.1496,694.0937
363,90.75,2024-05-13 23:30:00,339.9874,18.45418,97.738846,170.34016,333.36127,465.6893,574.7286,819.7237
364,91.0,2024-05-13 23:45:00,331.9941,-43.06926,75.949295,136.92342,330.16837,443.07578,521.71954,765.15826
365,91.25,2024-05-14 00:00:00,330.0,-73.03519,93.773895,163.90329,329.5322,462.18207,570.5805,809.16693
366,91.5,2024-05-14 00:15:00,339.9874,41.975098,113.02002,167.8601,338.05093,542.95166,617.4756,858.44244
367,91.75,2024-05-14 00:30:00,340.442,1.0591596,89.682205,173.72762,337.15353,497.54965,627.82916,850.4854
368,92.0,2024-05-14 00:45:00,340.0,-22.473068,132.43416,192.95052,335.01462,488.48276,578.11285,735.58356
369,92.25,2024-05-14 01:00:00,342.9849,-17.788097,109.104,162.38768,336.80136,466.34277,568.5156,745.7617
370,92.5,2024-05-14 01:15:00,339.9874,-16.817362,83.34133,165.09793,335.87238,438.2913,502.83597,767.78955
371,92.75,2024-05-14 01:30:00,340.0,-92.87395,100.85164,178.30525,338.39667,470.9078,539.93854,820.8223
372,93.0,2024-05-14 01:45:00,331.4444,-57.70509,70.46874,176.3037,337.57385,464.78638,524.29565,791.90436
373,93.25,2024-05-14 02:00:00,331.4385,-33.48481,155.66315,200.79865,328.46606,450.00522,535.4239,692.1622
374,93.5,2024-05-14 02:15:00,329.4435,-8.588344,127.45902,200.88431,327.39017,461.53494,524.981,750.75006
375,93.75,2024-05-14 02:30:00,329.9958,-48.48618,134.6193,201.72745,327.29346,445.34924,512.36584,806.2501
376,94.0,2024-05-14 02:45:00,325.7694,-86.38604,98.73359,167.03194,326.2021,421.9605,511.36176,777.13934
377,94.25,2024-05-14 03:00:00,319.4644,-2.5387108,110.80357,187.43321,323.02283,464.19714,546.0453,811.3651
378,94.5,2024-05-14 03:15:00,310.4795,-29.717737,129.58403,175.5435,316.323,433.26447,461.2796,745.36774
379,94.75,2024-05-14 03:30:00,309.611,-49.872078,83.61181,177.27026,306.40826,434.3503,512.2617,805.9629
380,95.0,2024-05-14 03:45:00,304.8489,-115.926125,52.897118,133.46353,299.51157,386.14905,458.93347,699.9918
381,95.25,2024-05-14 04:00:00,299.4979,-83.334694,79.62917,142.61746,296.66064,406.1062,484.5669,693.0325
382,95.5,2024-05-14 04:15:00,314.4728,-107.36246,49.19272,106.87094,284.9639,381.80377,484.9837,642.2713
383,95.75,2024-05-14 04:30:00,314.4728,-145.12193,-24.821632,97.49282,288.38028,383.41205,431.5688,644.0627
384,96.0,2024-05-14 04:45:00,302.4929,-64.92173,-6.144874,86.8727,289.868,373.387,438.5268,607.0754
385,96.25,2024-05-14 05:00:00,300.3347,-73.239525,47.426975,117.55637,299.13406,415.37744,528.26196,729.8611
386,96.5,2024-05-14 05:15:00,299.4979,-102.49735,41.60665,143.04707,292.2952,379.894,447.82614,643.4743
387,96.75,2024-05-14 05:30:00,302.8523,-117.25015,61.094574,113.46274,298.14462,409.8189,499.63214,652.7083
388,97.0,2024-05-14 05:45:00,319.4644,-41.20289,86.787834,180.35474,309.24954,495.84546,563.2283,741.2068
389,97.25,2024-05-14 06:00:00,319.4644,-13.238244,96.44193,193.30473,335.612,494.14703,565.7413,817.1451
390,97.5,2024-05-14 06:15:00,339.4142,-35.94332,142.40141,194.49492,332.35043,499.91486,596.6861,868.7808
391,97.75,2024-05-14 06:30:00,329.4393,-38.515472,104.12369,166.6542,340.5758,521.9704,616.81903,848.81366
392,98.0,2024-05-14 06:45:00,329.4477,-44.462063,119.96665,197.87802,331.2761,496.4315,570.9554,819.0633
393,98.25,2024-05-14 07:00:00,329.4477,-32.00251,131.69379,177.3786,328.36838,462.01605,594.7675,842.8754
394,98.5,2024-05-14 07:15:00,319.4644,0.40715933,112.833916,177.92792,329.28943,503.3979,567.6679,786.84515
395,98.75,2024-05-14 07:30:00,320.0,7.63578,134.16167,194.40337,317.78067,476.29425,562.8116,781.6226
396,99.0,2024-05-14 07:45:00,320.0,7.988289,133.6902,219.47511,320.48566,472.70996,530.5713,768.60846
397,99.25,2024-05-14 08:00:00,329.9958,-44.92919,124.99268,186.69923,323.19006,474.81567,580.5591,905.20514
398,99.5,2024-05-14 08:15:00,328.34,-19.918755,121.07246,189.1877,323.89038,445.4438,546.24335,806.07
399,99.75,2024-05-14 08:30:00,332.1263,36.103672,90.669106,186.70792,325.21005,489.10663,570.58856,849.4582
400,100.0,2024-05-14 08:45:00,330.0142,5.099952,121.371925,165.2257,326.4701,464.69467,553.68396,884.37244
401,100.25,2024-05-14 09:00:00,319.994,-94.424286,33.200226,132.6265,318.58728,472.92798,604.48926,807.5532
402,100.5,2024-05-14 09:15:00,321.6468,-57.93569,70.05503,140.36754,316.2804,447.52695,530.93146,758.71466
403,100.75,2024-05-14 09:30:00,323.8948,-53.719418,31.241522,106.68098,306.48337,440.20758,515.9217,722.64777
404,101.0,2024-05-14 09:45:00,314.6737,-92.12083,30.193626,109.6614,303.50143,456.1885,563.76294,725.262
405,101.25,2024-05-14 10:00:00,293.8316,-146.75209,16.577997,101.17272,304.2138,441.84048,496.77213,727.75964
406,101.5,2024-05-14 10:15:00,122.9204,-134.269,15.694387,86.3731,283.2115,418.89267,504.58603,667.00055
407,101.75,2024-05-14 10:30:00,0.0,-157.9634,-72.45314,1.8876828,149.49358,292.47607,358.57715,548.4575
408,102.0,2024-05-14 10:45:00,62.5864,-183.92944,-63.446045,-0.3644228,40.71808,254.15039,304.5044,518.5547
409,102.25,2024-05-14 11:00:00,49.844696,-230.93167,-74.28494,-26.631742,69.9335,228.11374,322.22995,504.9692
410,102.5,2024-05-14 11:15:00,221.6712,-147.3599,-86.93509,15.443757,70.93616,237.89401,358.92673,577.1885
411,102.75,2024-05-14 11:30:00,10.4951,-132.45477,24.100409,82.60261,202.55957,311.43866,362.4793,559.3177
412,103.0,2024-05-14 11:45:00,325.4993,-235.41554,-93.96657,-22.051897,56.752117,231.3203,282.58984,497.55563
413,103.25,2024-05-14 12:00:00,0.0,-269.9597,-142.15207,-35.9509,240.2637,238.43265,310.73642,531.3099
414,103.5,2024-05-14 12:15:00,204.58072,-139.52637,-14.190674,23.460388,72.92175,292.60254,355.95703,559.5703
415,103.75,2024-05-14 12:30:00,317.2213,-144.96764,6.6436977,72.92788,183.87834,287.80215,369.92496,523.7335
416,104.0,2024-05-14 12:45:00,304.7959,-82.31483,3.7447438,63.62023,273.4591,322.9605,414.72495,579.42834
417,104.25,2024-05-14 13:00:00,35.1686,-143.44629,10.362312,99.35157,296.436,410.90552,471.51343,629.8081
418,104.5,2024-05-14 13:15:00,335.5278,-122.75987,-5.5952587,47.31078,99.80483,295.17834,376.29407,579.72424
419,104.75,2024-05-14 13:30:00,353.9893,-139.814,31.755835,111.406715,300.34866,424.6544,504.0764,730.66943
420,105.0,2024-05-14 13:45:00,309.2597,-122.817345,74.753456,155.50298,349.12842,509.7205,585.9839,713.9746
421,105.25,2024-05-14 14:00:00,223.896,-47.612854,36.066345,124.50629,306.90796,493.83,560.8466,739.19135
422,105.5,2024-05-14 14:15:00,315.0969,-65.41065,36.029778,112.1101,239.91772,396.1982,489.7651,658.5884
423,105.75,2024-05-14 14:30:00,343.9625,-82.9744,45.38253,101.779015,297.8392,416.72043,494.8149,700.35077
424,106.0,2024-05-14 14:45:00,342.0051,-30.854412,102.812584,180.6324,335.51102,464.1712,509.03204,693.3277
425,106.25,2024-05-14 15:00:00,337.9172,-17.064728,116.23605,193.59811,341.7898,477.22845,569.42206,684.2292
426,106.5,2024-05-14 15:15:00,328.8675,-44.40701,93.28831,161.03732,331.67447,484.40158,575.2219,719.50903
427,106.75,2024-05-14 15:30:00,340.0653,-5.4831057,155.83281,220.37749,337.86826,491.9229,557.7493,708.262
428,107.0,2024-05-14 15:45:00,342.2889,51.307976,139.56482,224.34265,343.1123,465.0348,539.65027,610.5121
429,107.25,2024-05-14 16:00:00,351.3977,62.13753,168.97957,253.7574,350.32837,510.6544,602.11554,701.1756
430,107.5,2024-05-14 16:15:00,341.6426,18.51196,161.88354,203.35693,351.87656,509.41776,585.0403,819.7815
431,107.75,2024-05-14 16:30:00,349.2042,-19.990705,127.95851,200.92604,348.87527,521.36066,658.7813,855.4366
432,108.0,2024-05-14 16:45:00,350.7769,57.150967,178.00058,251.60898,355.24097,529.65466,653.5255,803.3058
433,108.25,2024-05-14 17:00:00,388.253,-21.659643,122.44437,212.53226,352.7796,510.90262,587.3492,830.14703
434,108.5,2024-05-14 17:15:00,357.067,77.156784,176.39995,229.86674,382.55096,544.5335,637.2764,872.38385
435,108.75,2024-05-14 17:30:00,337.6489,-55.652752,72.15487,152.53816,346.12643,481.5787,529.3692,738.65875
436,109.0,2024-05-14 17:45:00,329.7695,8.791476,147.76852,194.64352,345.55106,511.14133,617.4341,736.45264
437,109.25,2024-05-14 18:00:00,334.3155,-0.5527586,109.310524,174.40453,337.61444,505.4592,546.9326,756.7715
438,109.5,2024-05-14 18:15:00,333.9574,32.374577,101.58845,187.92267,336.34396,514.5828,621.42487,764.6134
439,109.75,2024-05-14 18:30:00,341.1833,-19.985476,142.79529,208.71326,335.93866,510.28793,540.6835,788.4252
440,110.0,2024-05-14 18:45:00,348.9643,22.030458,158.53558,199.91742,341.83847,476.7729,571.8962,760.12854
441,110.25,2024-05-14 19:00:00,349.7095,31.093195,145.35101,190.21185,349.9914,487.48358,553.31,795.3755
442,110.5,2024-05-14 19:15:00,377.3286,98.48879,174.29446,233.98685,358.56723,571.4502,699.441,895.3638
443,110.75,2024-05-14 19:30:00,358.8352,18.808096,161.08105,221.68896,377.39664,578.7446,677.2554,832.1626
444,111.0,2024-05-14 19:45:00,378.4587,49.93627,196.146,232.40088,360.5876,532.69385,597.42163,807.0774
445,111.25,2024-05-14 20:00:00,351.0528,-28.401644,157.45041,227.85446,369.76694,527.1404,616.12964,803.62964
446,111.5,2024-05-14 20:15:00,349.261,18.716366,173.16583,225.16779,355.0239,523.4466,575.9063,853.8604
447,111.75,2024-05-14 20:30:00,347.2576,36.33374,151.14087,205.5232,348.77032,502.33716,599.19995,753.9241
448,112.0,2024-05-14 20:45:00,346.1137,19.132599,154.81375,214.23148,343.12915,475.33987,580.1678,826.9939
449,112.25,2024-05-14 21:00:00,342.4623,-29.984928,106.79486,202.55902,343.4086,466.50552,550.2763,830.6108
450,112.5,2024-05-14 21:15:00,342.5444,-0.4942417,91.97402,176.8434,339.92886,480.9816,545.70935,769.46423
451,112.75,2024-05-14 21:30:00,343.555,-37.582554,120.986786,222.42722,340.4158,499.1911,575.63763,743.91156
452,113.0,2024-05-14 21:45:00,346.8756,63.586727,173.0838,213.73322,342.47855,520.8011,586.16974,828.41833
453,113.25,2024-05-14 22:00:00,350.6179,58.850708,167.98157,236.82922,348.44632,484.66248,599.01184,843.82385
454,113.5,2024-05-14 22:15:00,340.6252,5.64719,150.66672,246.52243,348.29047,496.46143,573.8235,756.0134
455,113.75,2024-05-14 22:30:00,340.6253,-44.628696,146.89963,218.31076,339.93677,486.65182,549.3655,730.2737
456,114.0,2024-05-14 22:45:00,341.9858,-47.558292,102.40509,189.9295,336.57123,463.0313,551.3797,800.5863
457,114.25,2024-05-14 23:00:00,344.6008,27.044401,151.18991,200.26218,342.21558,484.53342,528.3872,775.2133
458,114.5,2024-05-14 23:15:00,340.0,-18.13113,131.64914,193.63034,340.5811,491.17676,571.6516,674.1907
459,114.75,2024-05-14 23:30:00,340.4389,-27.126476,95.371086,184.36034,339.13596,458.927,515.8728,752.7198
460,115.0,2024-05-14 23:45:00,335.0,-49.20953,100.75385,192.94746,329.41824,428.74155,531.41797,807.3579
461,115.25,2024-05-15 00:00:00,314.8722,-43.295906,123.69628,178.99414,335.35422,493.56934,589.1504,827.18756
462,115.5,2024-05-15 00:15:00,336.7828,7.8043118,133.50621,221.57996,328.525,539.1764,672.11096,827.5675
463,115.75,2024-05-15 00:30:00,330.0,40.518166,141.7755,200.82701,335.89233,507.4371,614.92004,861.9293
464,116.0,2024-05-15 00:45:00,331.1479,16.706541,184.61426,211.16455,328.3263,508.71094,584.8828,760.2979
465,116.25,2024-05-15 01:00:00,330.0,34.517036,141.99994,211.85469,329.33545,463.16693,567.53705,732.5151
466,116.5,2024-05-15 01:15:00,330.0,-34.013676,135.7251,190.29053,329.69907,487.92847,597.334,811.56744
467,116.75,2024-05-15 01:30:00,330.0,85.18799,104.41406,184.5227,328.3578,468.06152,523.7256,715.2539
468,117.0,2024-05-15 01:45:00,325.0,-65.87402,124.921875,191.66382,329.0344,462.56836,577.5586,789.2286
469,117.25,2024-05-15 02:00:00,319.4644,-25.463865,105.639656,199.02344,322.10608,449.05396,528.6133,755.6641
470,117.5,2024-05-15 02:15:00,319.4644,0.31156093,98.08988,170.69121,318.63327,479.59015,578.00934,796.27106
471,117.75,2024-05-15 02:30:00,314.4728,-80.07174,88.38529,171.51518,318.05533,457.8006,531.86676,825.56793
472,118.0,2024-05-15 02:45:00,309.611,-38.18833,64.53384,181.90445,313.17963,468.18988,560.0173,788.716
473,118.25,2024-05-15 03:00:00,299.4979,32.755516,117.71645,185.46548,309.9298,454.08118,505.71692,826.7008
474,118.5,2024-05-15 03:15:00,299.4979,1.4021919,163.26743,176.90878,298.50726,411.64996,512.4495,782.8963
475,118.75,2024-05-15 03:30:00,299.6177,-35.218903,108.8851,174.43686,299.06766,442.22858,521.2386,739.6834
476,119.0,2024-05-15 03:45:00,296.2833,-35.0991,82.63772,158.44339,292.32782,361.14114,434.84106,656.124
477,119.25,2024-05-15 04:00:00,299.6177,-96.66105,76.37362,133.31943,292.79572,406.32968,457.0499,672.38196
478,119.5,2024-05-15 04:15:00,199.6653,-126.28562,-11.295385,112.57546,291.87006,355.6022,448.02466,651.3633
479,119.75,2024-05-15 04:30:00,190.01831,-57.781,52.997814,108.6161,212.5399,368.9463,429.64575,563.31274
480,120.0,2024-05-15 04:45:00,259.1985,-184.06618,-2.6086495,51.865227,189.88474,318.19214,393.2654,505.50906
481,120.25,2024-05-15 05:00:00,0.0,-134.47827,-19.304932,90.6499,252.3778,370.61816,461.34692,662.76294
482,120.5,2024-05-15 05:15:00,206.6536,-128.35693,26.023865,46.073914,58.135986,261.4746,333.06885,466.55273
483,120.75,2024-05-15 05:30:00,0.0,-115.42893,-28.453835,69.599144,184.72672,336.93314,437.18335,579.8225
484,121.0,2024-05-15 05:45:00,0.0,-131.56128,-55.93872,14.591217,54.611206,310.18066,418.9453,576.416
485,121.25,2024-05-15 06:00:00,0.0,-162.59766,-17.520905,46.76056,39.20746,316.95557,428.1006,523.3154
486,121.5,2024-05-15 06:15:00,299.4979,-190.24658,-67.38281,7.364273,29.86908,249.02344,356.87256,603.1494
487,121.75,2024-05-15 06:30:00,299.4979,-128.9689,-4.8233943,92.954926,253.012,387.9378,491.2093,702.6961
488,122.0,2024-05-15 06:45:00,296.2833,-135.5607,18.614105,85.81381,287.92792,420.53058,499.08282,716.6121
489,122.25,2024-05-15 07:00:00,299.4979,-60.406162,50.738857,134.60117,290.17215,419.0555,505.20663,771.62506
490,122.5,2024-05-15 07:15:00,0.0,-72.38931,66.03842,123.16733,295.41235,434.4466,551.6341,785.4598
491,122.75,2024-05-15 07:30:00,310.0,-160.5835,-41.015625,41.95404,68.7561,296.63086,383.42285,519.6533
492,123.0,2024-05-15 07:45:00,202.0,-92.83204,25.637201,115.35888,265.73425,378.4814,462.43527,585.93994
493,123.25,2024-05-15 08:00:00,320.0,-125.941895,63.114502,106.96826,217.36942,400.66946,510.34964,670.3838
494,123.5,2024-05-15 08:15:00,286.6326,-154.60938,-5.561516,104.85108,295.71564,419.42627,457.60376,666.43555
495,123.75,2024-05-15 08:30:00,300.6432,-84.888405,62.145287,151.043,286.9793,425.2434,503.61255,717.29663
496,124.0,2024-05-15 08:45:00,0.0,-86.07558,31.295033,117.629265,298.47165,446.3036,552.2301,705.3063
497,124.25,2024-05-15 09:00:00,0.0102,-140.71655,-48.52295,-11.049271,59.73816,310.18066,380.12695,642.7002
498,124.5,2024-05-15 09:15:00,300.4766,-216.78668,-76.665215,-22.44311,24.409004,227.61029,273.75287,512.3393
499,124.75,2024-05-15 09:30:00,243.15591,-131.2861,0.73293597,62.622585,240.78421,279.11047,400.81842,647.6446
500,125.0,2024-05-15 09:45:00,203.2388,-138.80211,-53.841167,25.992819,231.41426,356.6813,448.23407,670.8903
501,125.25,2024-05-15 10:00:00,44.0937,-200.69186,-17.40329,39.908722,202.89154,344.96243,419.66946,666.49567
502,125.5,2024-05-15 10:15:00,56.798496,-231.66313,-134.80034,-43.11028,61.133953,231.5937,289.27194,434.10834
503,125.75,2024-05-15 10:30:00,15.0192,-279.74936,-113.489586,-63.31869,54.24074,160.06999,233.22063,414.22037
504,126.0,2024-05-15 10:45:00,56.219,-255.97688,-95.3934,-42.93368,33.604404,180.08878,252.69011,417.48505
505,126.25,2024-05-15 11:00:00,100.56729,-197.93138,-107.751945,-55.20068,55.999954,176.97707,294.25613,470.03738
506,126.5,2024-05-15 11:15:00,64.2274,-189.28868,-65.32626,-9.295989,106.36086,259.13663,352.52042,534.89343
507,126.75,2024-05-15 11:30:00,62.1249,-316.26578,-138.47037,-36.389053,73.491394,226.27574,297.86996,357.19614
508,127.0,2024-05-15 11:45:00,315.9041,-270.21152,-76.21128,8.70388,84.79565,223.62393,299.0634,508.1698
509,127.25,2024-05-15 12:00:00,15.6962,-374.4035,-218.39764,-110.73163,237.71808,243.07391,296.14017,465.68442
510,127.5,2024-05-15 12:15:00,15.7861,-233.32724,-79.33554,-19.20828,89.02994,312.14395,375.86465,512.27826
511,127.75,2024-05-15 12:30:00,329.519,-162.92484,-39.64908,-17.287325,47.921112,240.2734,303.2617,344.2773
512,128.0,2024-05-15 12:45:00,274.7256,-182.44388,-68.91849,31.789518,266.16452,285.64236,364.35483,469.32007
513,128.25,2024-05-15 13:00:00,298.6217,-136.16309,-2.4960861,66.35157,263.23,391.45535,432.92874,516.7911
514,128.5,2024-05-15 13:15:00,300.9317,-86.99841,53.077274,139.68616,309.20178,420.84457,443.09192,574.92786
515,128.75,2024-05-15 13:30:00,337.6086,-63.448193,104.093315,166.25761,309.3431,463.71246,577.23785,767.1182
516,129.0,2024-05-15 13:45:00,314.5056,-63.75859,53.428913,139.30537,334.88492,453.51434,556.6027,790.6115
517,129.25,2024-05-15 14:00:00,319.378,-35.775146,60.53833,119.49829,309.97375,456.22928,575.2478,701.22437
518,129.5,2024-05-15 14:15:00,261.4393,-107.25776,69.07281,140.39238,321.01593,507.7935,541.3018,721.4776
519,129.75,2024-05-15 14:30:00,33.0623,-45.99479,17.542809,129.3287,272.6831,470.54575,565.02814,797.93835
520,130.0,2024-05-15 14:45:00,315.4498,-107.19649,4.795396,41.942917,95.730156,334.4539,424.17557,569.56134
521,130.25,2024-05-15 15:00:00,111.0713,-116.3129,0.69149584,72.10263,275.23526,363.6981,430.89777,670.30817
522,130.5,2024-05-15 15:15:00,313.5927,-190.3203,-16.461666,36.913578,146.73108,358.99612,499.98734,682.36035
523,130.75,2024-05-15 15:30:00,310.0,-46.02644,77.38665,136.52971,287.54596,428.4914,508.78314,721.1855
524,131.0,2024-05-15 15:45:00,301.8314,-106.01563,51.27197,151.33911,302.53845,434.23703,480.47116,688.2959
525,131.25,2024-05-15 16:00:00,307.4085,-50.097317,85.766945,160.19931,304.43494,401.71542,488.69052,664.92957
526,131.5,2024-05-15 16:15:00,191.5375,-79.31024,45.933903,149.02228,306.17972,473.75983,607.33527,787.87726
527,131.75,2024-05-15 16:30:00,102.8755,-91.90976,57.595856,91.92813,219.8273,392.58734,510.69037,699.8383
528,132.0,2024-05-15 16:45:00,148.4856,-58.623524,56.847363,100.59813,138.1462,381.37894,524.7505,756.562
529,132.25,2024-05-15 17:00:00,284.1025,-177.25903,15.367918,33.678467,153.66405,324.99927,432.48215,633.3489
530,132.5,2024-05-15 17:15:00,303.426,-144.7305,17.500944,91.65866,264.91077,408.88892,548.3237,771.8955
531,132.75,2024-05-15 17:30:00,50.539997,-131.6326,-7.487096,47.62765,277.69968,386.55585,459.24872,603.3527
532,133.0,2024-05-15 17:45:00,0.0,-184.20122,-37.07597,13.85024,106.52449,317.50778,383.05954,554.8125
533,133.25,2024-05-15 18:00:00,0.0,-83.58765,-71.41113,-39.20746,35.316467,228.88184,304.13818,455.2002
534,133.5,2024-05-15 18:15:00,0.0,-236.38916,-112.42676,-82.99255,21.183014,196.47217,244.4458,448.2422
535,133.75,2024-05-15 18:30:00,135.8267,-194.64111,-96.86279,-73.24219,20.645142,204.1626,261.6577,562.8662
536,134.0,2024-05-15 18:45:00,276.1996,-185.15718,-83.35054,-13.953567,121.73903,225.73149,270.95856,543.7857
537,134.25,2024-05-15 19:00:00,298.2427,-68.58802,-19.698858,63.797237,248.276,367.93542,484.5736,656.32654
538,134.5,2024-05-15 19:15:00,316.1372,-52.221157,67.896034,133.9971,298.09125,416.71194,534.4487,720.1177
539,134.75,2024-05-15 19:30:00,314.7781,-9.607427,41.662106,111.05908,316.13068,478.00247,548.13184,737.2798
540,135.0,2024-05-15 19:45:00,310.874,-20.671114,100.91092,131.03177,310.34067,427.47952,497.4258,701.1307
541,135.25,2024-05-15 20:00:00,311.1383,-36.11087,90.78122,184.43967,305.19485,447.37915,498.74023,731.6504
542,135.5,2024-05-15 20:15:00,312.8082,-27.240604,74.382935,132.42737,310.88028,410.56458,543.49915,710.67444
543,135.75,2024-05-15 20:30:00,308.2466,-36.007717,124.20957,196.99399,308.4051,437.59457,497.0123,718.20374
544,136.0,2024-05-15 20:45:00,302.2161,-28.118134,63.983917,162.22,303.87497,413.53226,510.76126,651.0201
545,136.25,2024-05-15 21:00:00,303.3454,-67.65696,130.28006,177.42972,303.77963,446.961,499.60382,723.7249
546,136.5,2024-05-15 21:15:00,301.2234,-70.92219,31.067558,138.82513,299.55167,438.56882,552.1857,796.63153
547,136.75,2024-05-15 21:30:00,322.7254,-33.67652,135.51294,161.69702,301.27496,458.23633,543.4719,778.3962
548,137.0,2024-05-15 21:45:00,314.8936,-79.007996,92.37872,170.65631,316.4197,457.39948,564.6077,747.5301
549,137.25,2024-05-15 22:00:00,318.8465,12.586445,123.18215,196.79054,312.19992,437.39114,523.0845,672.3154
550,137.5,2024-05-15 22:15:00,313.8647,-70.06951,124.022285,156.88971,314.90115,470.27475,520.6288,672.2401
551,137.75,2024-05-15 22:30:00,313.8702,-41.543037,137.07635,176.53558,315.56412,466.39154,537.43646,748.55707
552,138.0,2024-05-15 22:45:00,310.6201,-9.310953,93.59432,173.70296,311.3911,449.3683,549.3439,829.129
553,138.25,2024-05-15 23:00:00,313.8915,28.271444,139.1418,176.58687,309.5379,463.97095,559.09424,796.94824
554,138.5,2024-05-15 23:15:00,312.4701,-133.98448,63.586327,124.74355,307.59152,401.50748,445.91055,716.3573
555,138.75,2024-05-15 23:30:00,309.603,-71.31898,25.360712,138.33679,307.34885,411.34708,467.01114,688.2025
556,139.0,2024-05-15 23:45:00,304.78,-39.02983,87.86226,127.77925,306.70764,435.6711,502.04684,684.96924
557,139.25,2024-05-16 00:00:00,304.78,-102.08036,50.446495,141.17526,300.7717,396.05807,473.8779,761.445
558,139.5,2024-05-16 00:15:00,331.9941,-5.0344615,108.674034,160.8591,311.88678,459.22946,544.465,799.16473
559,139.75,2024-05-16 00:30:00,330.0,-17.18802,78.94235,152.00143,331.59607,505.94427,583.3979,777.3066
560,140.0,2024-05-16 00:45:00,327.0,-55.986332,85.92041,161.26831,325.74567,476.20972,565.65674,783.003
561,140.25,2024-05-16 01:00:00,328.34,-31.154305,88.23046,151.95117,324.71405,465.8855,554.9663,730.56445
562,140.5,2024-05-16 01:15:00,327.0,0.7643178,62.104652,156.67862,324.1858,444.4289,478.1203,669.6486
563,140.75,2024-05-16 01:30:00,325.89,-34.267097,160.09937,174.7478,325.22617,448.76514,542.69824,779.6367
564,141.0,2024-05-16 01:45:00,319.6741,-39.588512,80.34557,175.56041,323.7657,449.39465,519.7987,710.4115
565,141.25,2024-05-16 02:00:00,319.4644,-64.84739,128.6951,180.23929,318.2164,448.76343,539.40063,731.6614
566,141.5,2024-05-16 02:15:00,319.4644,4.7060924,84.17387,193.7625,314.46332,446.99738,542.3038,705.81696
567,141.75,2024-05-16 02:30:00,309.4812,-44.183067,92.0474,166.02202,315.13852,464.48395,556.7691,772.46735
568,142.0,2024-05-16 02:45:00,300.3347,-56.18043,62.838123,175.72264,306.32547,464.93774,537.4475,695.1013
569,142.25,2024-05-16 03:00:00,299.4979,-25.409952,48.381554,139.93428,295.2163,413.2192,512.3708,692.5466
570,142.5,2024-05-16 03:15:00,299.4979,-58.29019,128.56894,153.92905,297.21625,442.41168,492.30792,764.58575
571,142.75,2024-05-16 03:30:00,299.4979,-42.909332,90.02524,134.88608,291.18378,416.77692,499.99835,746.6414
572,143.0,2024-05-16 03:45:00,292.29,-57.55777,91.85629,137.358,291.00638,376.81415,445.79913,729.0633
573,143.25,2024-05-16 04:00:00,249.5816,-30.158735,62.858845,131.24873,282.4023,385.0329,425.86542,634.331
574,143.5,2024-05-16 04:15:00,199.6653,-60.59906,72.518616,117.56256,245.10124,334.90875,417.48932,634.1031
575,143.75,2024-05-16 04:30:00,200.5021,-158.6721,-57.964104,39.17335,193.27377,279.36194,381.76367,540.7908
576,144.0,2024-05-16 04:45:00,0.8368,-207.09068,-70.493996,18.40371,195.04327,298.64664,355.13467,553.5294
577,144.25,2024-05-16 05:00:00,201.66188,-242.87657,-156.35924,-96.3922,34.551094,222.76064,286.66446,578.71765
578,144.5,2024-05-16 05:15:00,0.0,-175.53539,-17.881573,32.655537,171.03749,245.12654,327.45535,577.7605
579,144.75,2024-05-16 05:30:00,259.5649,-213.68408,-122.13135,-42.182922,32.707214,185.5774,250.67139,438.7207
580,145.0,2024-05-16 05:45:00,291.8707,-116.89995,17.316364,45.880817,214.63539,287.23672,386.91473,493.39056
581,145.25,2024-05-16 06:00:00,300.9654,-73.790924,26.73398,105.74399,281.62253,407.41025,494.56845,689.2096
582,145.5,2024-05-16 06:15:00,309.4812,-34.300716,73.3653,183.04547,315.70538,470.88727,547.05914,779.6031
583,145.75,2024-05-16 06:30:00,301.4946,-23.58766,69.24681,129.3054,314.57382,483.2483,545.50415,905.30634
584,146.0,2024-05-16 06:45:00,309.4812,-114.52103,34.70993,130.6572,303.32565,472.1489,560.772,740.58154
585,146.25,2024-05-16 07:00:00,300.2766,17.611073,93.05052,145.23558,300.56052,432.71118,478.67065,710.8484
586,146.5,2024-05-16 07:15:00,249.71141,-23.270756,67.91577,130.6294,289.13007,402.72412,506.45337,723.98267
587,146.75,2024-05-16 07:30:00,303.0,-46.919456,103.22703,149.46117,266.6372,429.8872,499.6504,684.77
588,147.0,2024-05-16 07:45:00,302.47,-19.998058,98.28808,153.0366,295.25235,428.61035,518.51514,645.4072
589,147.25,2024-05-16 08:00:00,320.0,-57.33224,91.715614,184.45853,307.32516,468.27203,594.52325,840.4339
590,147.5,2024-05-16 08:15:00,319.994,-103.70605,79.58253,164.63503,312.40686,439.2932,539.90967,712.2119
591,147.75,2024-05-16 08:30:00,319.994,-13.624169,73.35093,172.04478,310.30084,423.63168,515.9168,682.1766
592,148.0,2024-05-16 08:45:00,314.9961,-86.500145,83.05552,141.09996,301.42023,386.0493,454.94272,755.05255
593,148.25,2024-05-16 09:00:00,309.9982,-99.18847,51.324226,114.31251,300.10733,407.37283,509.82034,755.1817
594,148.5,2024-05-16 09:15:00,319.994,-88.43929,71.04557,182.73991,318.24368,454.74307,581.5436,764.46594
595,148.75,2024-05-16 09:30:00,329.9898,-98.585106,34.16636,142.74791,310.74716,430.31503,499.07114,797.89923
596,149.0,2024-05-16 09:45:00,332.5302,-157.43695,27.682676,130.77106,312.1599,436.83185,541.4766,771.27405
597,149.25,2024-05-16 10:00:00,340.131,-101.06354,39.01215,113.352974,307.9712,437.175,494.1208,687.7548
598,149.5,2024-05-16 10:15:00,330.2297,-201.49496,-20.58676,95.68521,314.49625,406.91873,506.48233,669.7209
599,149.75,2024-05-16 10:30:00,184.1491,-72.96854,-9.247832,49.345917,310.09955,407.27136,466.73486,645.72046
600,150.0,2024-05-16 10:45:00,316.3662,-86.11458,40.502853,94.47319,212.73643,397.10077,424.9328,580.38934
601,150.25,2024-05-16 11:00:00,318.4301,-142.8623,38.961433,121.725105,296.77393,437.12427,498.92236,657.4917
602,150.5,2024-05-16 11:15:00,315.4307,-66.45759,98.88666,174.69232,317.1777,462.1679,533.0297,678.04926
603,150.75,2024-05-16 11:30:00,337.8541,-32.65281,85.08401,153.56546,315.74362,494.87405,585.145,799.5615
604,151.0,2024-05-16 11:45:00,337.5998,1.3062358,122.70516,213.61703,344.92654,497.15585,524.80475,795.6178
605,151.25,2024-05-16 12:00:00,201.4943,-195.60333,-60.837708,14.601745,302.28333,321.00586,386.53476,657.85126
606,151.5,2024-05-16 12:15:00,336.071,-70.05112,51.164703,135.34744,240.038,446.3063,532.7321,706.133
607,151.75,2024-05-16 12:30:00,327.7555,-45.154564,144.1765,208.99583,334.37158,456.09668,523.1133,690.92944
608,152.0,2024-05-16 12:45:00,171.2421,-80.93593,81.84484,148.31212,324.37088,430.29456,469.84534,675.2897
609,152.25,2024-05-16 13:00:00,332.0776,-11.222507,39.86392,112.785675,200.47032,345.65005,406.53262,618.7519
610,152.5,2024-05-16 13:15:00,343.99,-31.386763,99.89986,162.33882,320.07275,437.54636,524.88763,705.2465
611,152.75,2024-05-16 13:30:00,469.3931,18.97777,192.10399,241.54247,348.2958,506.4961,599.239,825.19116
612,153.0,2024-05-16 13:45:00,384.8916,14.192909,146.94438,246.55376,444.74252,577.7,694.61285,894.1978
613,153.25,2024-05-16 14:00:00,365.1626,-76.534195,94.1201,175.23582,380.1108,514.98804,556.9192,804.2032
614,153.5,2024-05-16 14:15:00,360.1636,-16.429201,101.49072,176.19775,364.4867,502.4917,596.0586,829.8842
615,153.75,2024-05-16 14:30:00,354.7614,-11.7236,106.379425,169.91702,347.17456,496.3941,576.5943,768.48883
616,154.0,2024-05-16 14:45:00,380.0448,-23.534485,110.49872,196.00897,360.92407,513.14764,633.63104,758.32587
617,154.25,2024-05-16 15:00:00,360.7556,59.610218,132.30309,218.54576,367.89117,512.3385,581.6439,808.8778
618,154.5,2024-05-16 15:15:00,360.7556,-35.85083,124.000244,205.66528,362.56808,507.3315,586.34155,851.8445
619,154.75,2024-05-16 15:30:00,343.99,-57.091064,124.54956,212.8064,366.20013,567.1155,632.66724,913.0017
620,155.0,2024-05-16 15:45:00,330.1834,-18.009537,59.810287,169.12425,344.35764,483.33325,574.3367,787.47144
621,155.25,2024-05-16 16:00:00,341.0,79.14582,150.4654,217.02425,331.86856,490.49225,590.1932,794.9051
622,155.5,2024-05-16 16:15:00,344.9144,-33.999996,133.72461,169.33862,329.2126,477.9629,498.8369,834.65234
623,155.75,2024-05-16 16:30:00,343.2924,37.29721,96.62338,168.30917,331.2387,449.55914,560.7957,804.5091
624,156.0,2024-05-16 16:45:00,338.7952,56.183002,172.91273,229.21767,346.1019,479.7975,596.161,925.56775
625,156.25,2024-05-16 17:00:00,342.126,9.571552,133.16774,218.8611,347.6987,541.3098,631.947,913.0139
626,156.5,2024-05-16 17:15:00,341.6086,11.2544155,152.79494,193.71901,342.15784,521.4778,596.8257,890.70996
627,156.75,2024-05-16 17:30:00,326.9914,-168.52324,27.033403,93.68379,317.07248,434.8093,528.8339,679.07196
628,157.0,2024-05-16 17:45:00,322.2929,-53.86799,69.91131,142.69574,313.37292,436.12228,484.64523,741.9084
629,157.25,2024-05-16 18:00:00,327.1417,-27.255445,100.18596,143.4904,316.05014,423.00092,487.5456,638.14984
630,157.5,2024-05-16 18:15:00,330.0351,-20.575605,98.80916,149.25471,328.87546,455.13242,550.7135,812.3712
631,157.75,2024-05-16 18:30:00,329.0706,-20.794989,114.88617,196.73431,336.501,497.5766,553.24066,714.9228
632,158.0,2024-05-16 18:45:00,333.0062,16.875767,134.79568,240.08133,343.67325,513.45776,580.10815,742.1565
633,158.25,2024-05-16 19:00:00,332.2928,-23.683258,200.07162,218.19907,338.0616,444.97516,544.1268,736.5706
634,158.5,2024-05-16 19:15:00,348.5096,63.31084,160.35674,249.89531,342.55814,565.75226,629.65607,780.9012
635,158.75,2024-05-16 19:30:00,347.2943,103.514496,162.0167,208.06772,349.78134,508.7269,621.703,799.6815
636,159.0,2024-05-16 19:45:00,347.9898,11.845082,176.4569,240.08604,349.4129,528.0194,601.994,771.3666
637,159.25,2024-05-16 20:00:00,342.573,45.133354,127.34771,181.08917,346.1859,475.98053,566.0684,780.1187
638,159.5,2024-05-16 20:15:00,346.5587,30.378162,173.01732,242.7805,344.01065,502.33252,608.25903,726.36206
639,159.75,2024-05-16 20:30:00,348.1097,15.870206,147.70615,236.97006,345.0824,466.03497,543.94635,759.2784
640,160.0,2024-05-16 20:45:00,346.9675,49.464695,202.0831,238.7042,344.74515,498.34775,564.90656,772.54816
641,160.25,2024-05-16 21:00:00,343.1097,47.040737,122.480194,225.11081,347.68954,478.07104,584.0891,779.82886
642,160.5,2024-05-16 21:15:00,343.5233,32.37972,135.8343,188.20247,344.86636,511.56674,551.1175,824.67706
643,160.75,2024-05-16 21:30:00,346.4141,47.258625,145.40315,229.26546,346.33853,483.1412,559.7709,763.20105
644,161.0,2024-05-16 21:45:00,343.3811,8.584499,170.44974,236.0015,341.6419,485.75735,575.6622,800.1495
645,161.25,2024-05-16 22:00:00,344.4612,50.96166,190.21336,236.4475,344.35242,495.9995,573.17847,783.2004
646,161.5,2024-05-16 22:15:00,339.9874,72.00028,176.82816,210.79422,341.17676,446.63406,557.0467,780.9847
647,161.75,2024-05-16 22:30:00,340.77,-22.74455,148.27596,228.10994,338.7171,477.59116,551.4742,641.5621
648,162.0,2024-05-16 22:45:00,338.0,35.89938,132.94528,198.13083,336.35544,476.72583,565.2573,772.1665
649,162.25,2024-05-16 23:00:00,342.0,47.960938,152.60571,194.17065,339.05142,498.30884,540.51465,797.5947
650,162.5,2024-05-16 23:15:00,342.9849,-2.604492,134.5415,213.09375,341.85938,524.18994,590.291,715.71826
651,162.75,2024-05-16 23:30:00,340.9866,26.39553,219.57181,218.01541,339.4458,469.32767,541.6543,762.6626
652,163.0,2024-05-16 23:45:00,335.0,-21.012917,119.61208,212.35501,337.58197,449.75125,568.5867,747.8469
653,163.25,2024-05-17 00:00:00,330.0,7.973626,154.18335,201.69922,333.3034,460.1526,520.9436,757.6075
654,163.5,2024-05-17 00:15:00,365.0,14.875486,184.43115,239.17969,340.80896,539.83887,648.7866,866.8653
655,163.75,2024-05-17 00:30:00,355.0,61.960438,168.71092,239.93895,363.14175,533.7317,636.9116,902.96387
656,164.0,2024-05-17 00:45:00,348.0,8.015134,152.66846,210.25513,350.3251,489.8572,558.06396,786.3965
657,164.25,2024-05-17 01:00:00,339.9791,-8.872569,114.90673,203.25511,346.86487,498.6958,577.61426,781.95996
658,164.5,2024-05-17 01:15:00,342.0,-4.6254025,124.46395,186.1705,339.64417,445.63098,527.66223,766.61487
659,164.75,2024-05-17 01:30:00,345.0,48.848145,129.59766,199.8186,338.39798,480.0615,513.93604,724.6904
660,165.0,2024-05-17 01:45:00,340.0,-12.604975,162.35231,213.53029,341.58395,491.6675,554.2896,808.6231
661,165.25,2024-05-17 02:00:00,340.7484,-28.22511,116.61132,216.49535,333.86597,448.39844,550.7544,731.1133
662,165.5,2024-05-17 02:15:00,339.9791,-28.75842,141.34656,211.01819,335.1408,452.5343,557.9115,809.49835
663,165.75,2024-05-17 02:30:00,330.0,-58.458412,98.829185,178.20541,337.02365,486.55505,583.3263,741.3463
664,166.0,2024-05-17 02:45:00,330.18,-16.618654,84.089355,192.94556,326.09186,480.8789,551.0083,747.48047
665,166.25,2024-05-17 03:00:00,327.0,-87.66669,118.87629,180.58282,325.00156,475.38266,513.1024,687.2357
666,166.5,2024-05-17 03:15:00,324.4477,74.86376,94.82226,188.1145,321.24075,486.85107,557.5298,809.2998
667,166.75,2024-05-17 03:30:00,319.4603,-0.5645156,136.39838,171.55463,321.1289,451.98065,567.79486,806.0151
668,167.0,2024-05-17 03:45:00,319.4603,11.843115,130.86166,215.2733,315.37762,484.25522,567.75134,815.30994
669,167.25,2024-05-17 04:00:00,317.4678,40.77378,167.39122,220.21715,311.54672,402.68173,473.8182,609.3163
670,167.5,2024-05-17 04:15:00,319.4644,-60.8281,83.27591,162.46902,297.36053,401.14697,469.35376,631.12744
671,167.75,2024-05-17 04:30:00,317.4678,-119.62252,65.680214,142.85918,302.0236,383.55133,415.04547,616.8277
