day,plant_id,plant_name,op_cost,start_cost,bid_qty,bid_avg_price,bid_revenue,net_revenue
20260101,ThermalPlant_1,G13,543.1312524427557,0.0,108737.5673731856,225.1131945374908,723.0112226924334,179.8799702496777
20260101,ThermalPlant_2,G14,911.6624663835797,39.99999999999997,170065.1936829473,240.8847382316568,1104.68101522982,153.0185488462402
20260101,ThermalPlant_3,G15,280.7035659318975,79.99999999999994,50020.82992610523,245.9667795059168,311.3331912884323,-49.37037464346514
20260101,ThermalPlant_4,G16,423.6506552721024,0.0,63393.0049736842,244.8136457165392,430.2389965893584,6.588341317256038
20260101,ThermalPlant_5,G17,0.0,0.0,0.0,0.0,0.0,0.0
20260101,ThermalPlant_6,G18,363.4679650393981,0.0,60320.48420042104,236.5556015535301,398.5803322907701,35.11236725137206
20260101,ThermalPlant_7,G19,0.0,0.0,0.0,0.0,0.0,0.0
20260101,ThermalPlant_8,G20,62.70212199999997,0.0,10870.0,249.3690329346826,76.35862893100001,13.65650693100004
20260102,ThermalPlant_1,G13,534.9484164041958,0.0,106869.5256777429,225.0570538409776,804.7268922985684,269.7784758943726
20260102,ThermalPlant_2,G14,949.4348985291679,0.0,176539.1542959073,240.838862146351,1280.459592586635,331.0246940574673
20260102,ThermalPlant_3,G15,351.2587587452892,0.0,61594.53962385679,245.7418002635453,475.1513330832711,123.8925743379819
20260102,ThermalPlant_4,G16,360.6699462564119,0.0,53981.02335593683,244.792007311482,421.4712449106942,60.80129865428228
20260102,ThermalPlant_5,G17,0.0,0.0,0.0,0.0,0.0,0.0
20260102,ThermalPlant_6,G18,364.8499287145103,0.0,60601.03680149469,236.6505971204806,445.1745850778485,80.32465636333819
20260102,ThermalPlant_7,G19,0.0,0.0,0.0,0.0,0.0,0.0
20260102,ThermalPlant_8,G20,0.0,0.0,0.0,0.0,0.0,0.0
20260103,ThermalPlant_1,G13,543.3134298118697,0.0,108787.307693768,225.0979284331488,716.814420547325,173.5009907354553
20260103,ThermalPlant_2,G14,844.1096779062325,0.0,154701.9403261305,240.2899707628783,1010.758522242898,166.6488443366651
20260103,ThermalPlant_3,G15,0.0,0.0,0.0,0.0,0.0,0.0
20260103,ThermalPlant_4,G16,406.6559813749621,0.0,59259.56005477052,244.5542863271658,401.2387310789846,-5.41725029597751
20260103,ThermalPlant_5,G17,63.27587487653994,0.0,9016.449077894737,247.9446731737348,61.55062337841899,-1.725251498120954
20260103,ThermalPlant_6,G18,341.8672786050667,0.0,55710.52019139368,235.8920576303449,367.1273512311711,25.26007262610437
20260103,ThermalPlant_7,G19,0.0,0.0,0.0,0.0,0.0,0.0
20260103,ThermalPlant_8,G20,73.19977174999998,0.0,12650.0,249.34,86.5518793811579,13.35210763115792
20260104,ThermalPlant_1,G13,488.6875195095727,39.99999999999997,98113.37690072025,225.2442201876461,663.6282616756092,134.9407421660365
20260104,ThermalPlant_2,G14,161.3802644430583,39.99999999999997,30569.44852093053,241.3184842956066,191.6113498705882,-9.768914572470038
20260104,ThermalPlant_3,G15,342.6113953803492,79.99999999999994,62500.67799666526,246.8212511002183,393.6583613377201,-28.95303404262899
20260104,ThermalPlant_4,G16,466.273399052535,0.0,71737.88730146104,245.3902895723913,504.4643152066907,38.19091615415567
20260104,ThermalPlant_5,G17,288.2227438660277,14.99999999999998,43322.01703289684,248.4666402682739,308.6735897653125,5.450845899284863
20260104,ThermalPlant_6,G18,382.5932448613096,0.0,64396.48838823582,237.0845435011117,439.6758899658303,57.08264510452068
20260104,ThermalPlant_7,G19,0.0,0.0,0.0,0.0,0.0,0.0
20260104,ThermalPlant_8,G20,68.3469478980553,0.0,11966.01685058947,249.4920496276989,88.32637223435505,19.97942433629974
20260105,ThermalPlant_1,G13,533.4789026130787,0.0,106543.530238219,225.0267720200806,704.2838555584883,170.8049529454096
20260105,ThermalPlant_2,G14,0.0,0.0,0.0,0.0,0.0,0.0
20260105,ThermalPlant_3,G15,0.0,0.0,0.0,0.0,0.0,0.0
20260105,ThermalPlant_4,G16,430.5236594134652,0.0,64251.24433819158,244.9436902543795,434.5565480008113,4.032888587346122
20260105,ThermalPlant_5,G17,267.7732432100577,0.0,39119.65980627999,248.1602397921739,266.5118707128677,-1.261372497189996
20260105,ThermalPlant_6,G18,351.6979936037459,0.0,57764.08040713688,236.3885684864452,382.2931847664751,30.59519116272918
20260105,ThermalPlant_7,G19,0.0,0.0,0.0,0.0,0.0,0.0
20260105,ThermalPlant_8,G20,0.0,0.0,0.0,0.0,0.0,0.0
20260106,ThermalPlant_1,G13,380.8298796982677,79.99999999999994,76505.38981336844,225.2901191935688,482.3704887321053,21.54060903383765
20260106,ThermalPlant_2,G14,83.16646291268094,39.99999999999997,15777.25897310527,241.3902823096397,103.7653972927544,-19.40106561992647
20260106,ThermalPlant_3,G15,0.0,0.0,0.0,0.0,0.0,0.0
20260106,ThermalPlant_4,G16,435.1111868798296,0.0,65154.66809499171,245.2211250173708,626.6141091133659,191.5029222335363
20260106,ThermalPlant_5,G17,401.504248539472,0.0,59121.62962684207,248.421882426779,588.8488054271575,187.3445568876854
20260106,ThermalPlant_6,G18,371.2979071989901,0.0,62085.3757678643,236.4162143515462,633.2490142287128,261.9511070297227
20260106,ThermalPlant_7,G19,0.0,0.0,0.0,0.0,0.0,0.0
20260106,ThermalPlant_8,G20,0.0,0.0,0.0,0.0,0.0,0.0
20260107,ThermalPlant_1,G13,539.2486360954179,0.0,107848.2067743324,225.0930900895557,772.424360846759,233.1757247513411
20260107,ThermalPlant_2,G14,899.487657910996,0.0,166155.9999776842,240.5496275341816,1163.260432701509,263.7727747905135
20260107,ThermalPlant_3,G15,251.5143404326093,79.99999999999994,44049.05908031577,245.5604269112333,279.237515732012,-52.27682470059733
20260107,ThermalPlant_4,G16,415.2556376452175,0.0,61091.61235947367,244.5678589657729,456.0737335296646,40.81809588444708
20260107,ThermalPlant_5,G17,0.0,0.0,0.0,0.0,0.0,0.0
20260107,ThermalPlant_6,G18,355.3449439968649,0.0,58609.15004184486,236.2291067565545,414.2709543427,58.9260103458351
20260107,ThermalPlant_7,G19,0.0,0.0,0.0,0.0,0.0,0.0
20260107,ThermalPlant_8,G20,0.0,0.0,0.0,0.0,0.0,0.0
20260108,ThermalPlant_1,G13,539.2505813912359,0.0,107851.5003108034,225.0869289866523,756.0112550331496,216.7606736419137
20260108,ThermalPlant_2,G14,963.6580412143361,0.0,179553.8051894737,240.9239202870923,1226.472663121401,262.8146219070644
20260108,ThermalPlant_3,G15,294.8876566986931,79.99999999999994,52852.56052631578,246.1226431747367,329.7381937502398,-45.14946294845322
20260108,ThermalPlant_4,G16,397.5479513334139,29.99999999999996,60138.93226315789,244.9300752629433,415.49108955805,-12.05686177536389
20260108,ThermalPlant_5,G17,0.0,0.0,0.0,0.0,0.0,0.0
20260108,ThermalPlant_6,G18,367.4243377491994,0.0,61164.91730526316,236.6657501851743,421.2881663214485,53.86382857224913
20260108,ThermalPlant_7,G19,0.0,0.0,0.0,0.0,0.0,0.0
20260108,ThermalPlant_8,G20,197.4030842334247,0.0,34276.61035789474,249.3896384751357,257.9633123052905,60.56022807186579
20260109,ThermalPlant_1,G13,537.0278432795259,0.0,107342.8109603324,225.0743691951065,811.5279233469187,274.5000800673928
20260109,ThermalPlant_2,G14,964.5381499800568,0.0,179738.3900581052,240.9314979537381,1303.120895664314,338.5827456842575
20260109,ThermalPlant_3,G15,369.5626855365927,0.0,65282.97237705258,245.9421732553887,499.1654768145957,129.602791278003
20260109,ThermalPlant_4,G16,438.0078129755258,0.0,65864.5539945263,244.8746252810019,513.5916756017485,75.58386262622275
20260109,ThermalPlant_5,G17,0.0,0.0,0.0,0.0,0.0,0.0
20260109,ThermalPlant_6,G18,369.2442328563944,0.0,61536.08797263157,236.7816451142062,451.9239285813056,82.67969572491114
20260109,ThermalPlant_7,G19,0.0,0.0,0.0,0.0,0.0,0.0
20260109,ThermalPlant_8,G20,63.18059124999998,0.0,10972.0,249.3399999999999,93.331500327,30.15090907700002
20260110,ThermalPlant_1,G13,541.9482812758962,0.0,108477.9370821496,225.0837808389667,727.5746477487731,185.626366472877
20260110,ThermalPlant_2,G14,866.5004587096549,0.0,158973.7773035789,240.2606439742946,1057.765722008546,191.2652632988915
20260110,ThermalPlant_3,G15,285.9468233380395,0.0,48664.89954021051,245.335040435594,332.5410825962916,46.59425925825207
20260110,ThermalPlant_4,G16,404.0267358426644,0.0,58724.2597456842,244.4468541782112,405.9402936305744,1.913557787910008
20260110,ThermalPlant_5,G17,0.0,0.0,0.0,0.0,0.0,0.0
20260110,ThermalPlant_6,G18,343.3820149949933,0.0,56048.96552421051,235.8784739360943,374.4998950127936,31.1178800178003
20260110,ThermalPlant_7,G19,0.0,0.0,0.0,0.0,0.0,0.0
20260110,ThermalPlant_8,G20,0.0,0.0,0.0,0.0,0.0,0.0
20260111,ThermalPlant_1,G13,534.0444639111597,0.0,106666.0194199446,225.0448773951493,798.5580893484721,264.5136254373124
20260111,ThermalPlant_2,G14,738.1719558142536,159.9999999999999,138143.653604421,240.6796459077289,851.6609533198002,-46.51100249445324
20260111,ThermalPlant_3,G15,157.8730132909453,0.0,27193.87525789472,245.5406490654425,214.3783695377037,56.50535624675845
20260111,ThermalPlant_4,G16,411.434924750189,0.0,60273.09519052631,244.5803604226111,475.3775323671318,63.94260761694284
20260111,ThermalPlant_5,G17,165.7155693598368,0.0,23721.12577789473,247.9530013393126,198.5979131609084,32.88234380107158
20260111,ThermalPlant_6,G18,348.5379706814281,0.0,57133.82179852631,236.1097899425881,421.389606702683,72.85163602125482
20260111,ThermalPlant_7,G19,0.0,0.0,0.0,0.0,0.0,0.0
20260111,ThermalPlant_8,G20,0.0,0.0,0.0,0.0,0.0,0.0
20260112,ThermalPlant_1,G13,539.5957593618817,0.0,107937.1780989474,225.0751709419425,653.9483032982869,114.3525439364051
20260112,ThermalPlant_2,G14,216.5970059942927,0.0,39715.33197968423,240.3947510892477,242.4105392520758,25.81353325778312
20260112,ThermalPlant_3,G15,0.0,0.0,0.0,0.0,0.0,0.0
20260112,ThermalPlant_4,G16,410.5330660874615,0.0,60068.14516926315,244.631327692153,364.2592124530458,-46.27385363441562
20260112,ThermalPlant_5,G17,193.1233293742894,0.0,27739.37692210527,247.9782931237825,167.8750383540228,-25.24829102026663
20260112,ThermalPlant_6,G18,345.4298327027091,0.0,56458.14596494738,236.0616977201418,343.9644205414263,-1.46541216128287
20260112,ThermalPlant_7,G19,0.0,0.0,0.0,0.0,0.0,0.0
20260112,ThermalPlant_8,G20,0.0,0.0,0.0,0.0,0.0,0.0
20260113,ThermalPlant_1,G13,386.1220816047512,79.99999999999994,77410.88683947371,225.1870208547818,486.8309209745575,20.70883936980636
20260113,ThermalPlant_2,G14,261.4255001389334,79.99999999999994,48536.77328157896,240.7293340935482,307.9938922962907,-33.43160784264268
20260113,ThermalPlant_3,G15,0.0,0.0,0.0,0.0,0.0,0.0
20260113,ThermalPlant_4,G16,408.1029220343981,0.0,59538.46281274239,244.6768196641874,537.3870849512758,129.2841629168777
20260113,ThermalPlant_5,G17,373.3604012006737,0.0,53656.53243947369,248.0072123754655,500.8832854165586,127.5228842158849
20260113,ThermalPlant_6,G18,356.0092239720071,0.0,58809.86820110805,236.0140467156179,551.3102691703835,195.3010451983764
20260113,ThermalPlant_7,G19,0.0,0.0,0.0,0.0,0.0,0.0
20260113,ThermalPlant_8,G20,0.0,0.0,0.0,0.0,0.0,0.0
20260114,ThermalPlant_1,G13,540.238241373596,0.0,108070.0596115808,225.1080956933982,773.255924742215,233.017683368619
20260114,ThermalPlant_2,G14,859.3770488634212,39.99999999999997,159366.5312338063,240.6400668255203,1090.713298966574,191.3362501031524
20260114,ThermalPlant_3,G15,127.6234660461727,39.99999999999997,22444.21868223789,245.6852111307226,142.5232055202431,-25.10026052592958
20260114,ThermalPlant_4,G16,417.7922966315479,0.0,61618.35888497894,244.6256955832501,459.7285691705659,41.93627253901798
20260114,ThermalPlant_5,G17,0.0,0.0,0.0,0.0,0.0,0.0
20260114,ThermalPlant_6,G18,356.2309141428213,0.0,58799.24816813327,236.2517314491772,415.7041594128889,59.47324527006765
20260114,ThermalPlant_7,G19,0.0,0.0,0.0,0.0,0.0,0.0
20260114,ThermalPlant_8,G20,59.70698912499999,0.0,10327.0,249.34,81.0063759043158,21.29938677931582
20260115,ThermalPlant_1,G13,536.0614670028807,0.0,107128.162327856,225.0551055582201,747.8536277756399,211.7921607727592
20260115,ThermalPlant_2,G14,936.4622604771865,0.0,173789.8178193684,240.7586019181769,1185.898601529145,249.4363410519583
20260115,ThermalPlant_3,G15,273.5913056282538,79.99999999999994,48418.38353957894,245.7408076851307,300.1450756576143,-53.44622997063948
20260115,ThermalPlant_4,G16,416.0027023339263,0.0,61752.84445705264,244.6625385622527,444.107527149561,28.10482481563469
20260115,ThermalPlant_5,G17,185.2688630179259,44.99999999999994,26760.21343073683,247.9622636912401,176.0855636451558,-54.18329937277002
20260115,ThermalPlant_6,G18,360.4005244926532,0.0,59668.01108463157,236.4590144229311,410.3448768772128,49.94435238455964
20260115,ThermalPlant_7,G19,0.0,0.0,0.0,0.0,0.0,0.0
20260115,ThermalPlant_8,G20,0.0,0.0,0.0,0.0,0.0,0.0
20260116,ThermalPlant_1,G13,535.7677841948376,0.0,107056.4906574482,225.0629312868383,807.0904828050999,271.3226986102623
20260116,ThermalPlant_2,G14,953.5679111834813,0.0,177413.2431958737,240.8663886577459,1286.386697972212,332.8187867887311
20260116,ThermalPlant_3,G15,355.3336833697767,0.0,62379.76183831154,245.7766459527023,480.2388145347146,124.9051311649379
20260116,ThermalPlant_4,G16,433.5247420647482,0.0,64926.87600560421,244.807206067763,506.9013992190011,73.37665715425283
20260116,ThermalPlant_5,G17,0.0,0.0,0.0,0.0,0.0,0.0
20260116,ThermalPlant_6,G18,366.2034658493001,0.0,60889.33302271996,236.6903580224243,447.1258096023552,80.92234375305515
20260116,ThermalPlant_7,G19,0.0,0.0,0.0,0.0,0.0,0.0
20260116,ThermalPlant_8,G20,0.0,0.0,0.0,0.0,0.0,0.0
20260117,ThermalPlant_1,G13,542.8511306033423,0.0,108682.2252917328,225.0937364992707,730.233222530404,187.3820919270617
20260117,ThermalPlant_2,G14,672.375994032245,0.0,123994.6586169937,240.4865991877492,825.4445815743793,153.0685875421343
20260117,ThermalPlant_3,G15,305.7631948709124,0.0,52700.34465320421,245.4922605540268,358.6796641582856,52.91646928737322
20260117,ThermalPlant_4,G16,414.6668436452458,0.0,60961.1167830905,244.5872318554119,421.086001016923,6.419157371677272
20260117,ThermalPlant_5,G17,63.52098471250001,0.0,9069.000000000002,247.9184437358032,63.42253821552631,-0.09844649697370045
20260117,ThermalPlant_6,G18,351.0449865127092,0.0,57671.0644765642,236.179325421375,385.7687840522941,34.72379753958489
20260117,ThermalPlant_7,G19,0.0,0.0,0.0,0.0,0.0,0.0
20260117,ThermalPlant_8,G20,0.0,0.0,0.0,0.0,0.0,0.0
20260118,ThermalPlant_1,G13,520.553939570444,0.0,103819.4692977203,225.0182521472215,769.819523551579,249.265583981135
20260118,ThermalPlant_2,G14,733.4155879225762,159.9999999999999,137413.9359149348,240.6820657467626,849.0903870839938,-44.32520083858219
20260118,ThermalPlant_3,G15,0.0,0.0,0.0,0.0,0.0,0.0
20260118,ThermalPlant_4,G16,413.2572454458524,0.0,60650.14163702315,244.6281185492055,470.187592076195,56.93034663034263
20260118,ThermalPlant_5,G17,247.6405711903626,14.99999999999998,35579.08699998315,248.0082818347373,283.8077428396115,21.16717164924895
20260118,ThermalPlant_6,G18,352.4084690630525,0.0,57987.37143970526,236.1185562589318,421.5759032798406,69.16743421678808
20260118,ThermalPlant_7,G19,0.0,0.0,0.0,0.0,0.0,0.0
20260118,ThermalPlant_8,G20,0.0,0.0,0.0,0.0,0.0,0.0
20260119,ThermalPlant_1,G13,528.341818644154,0.0,105372.4824744485,224.9863327401407,734.7077724736301,206.3659538294761
20260119,ThermalPlant_2,G14,201.3189880779463,0.0,36452.55375736211,240.067931606156,254.4492119153034,53.13022383735714
20260119,ThermalPlant_3,G15,0.0,0.0,0.0,0.0,0.0,0.0
20260119,ThermalPlant_4,G16,396.2127001449475,0.0,57049.78036581475,244.4723542244559,418.8902930384719,22.67759289352438
20260119,ThermalPlant_5,G17,188.4527975760632,0.0,26766.24761704632,247.8867783100547,198.5461851369698,10.09338756090662
20260119,ThermalPlant_6,G18,328.5012643934743,0.0,52826.13294349475,235.5649871716381,369.8824802290398,41.38121583556546
20260119,ThermalPlant_7,G19,0.0,0.0,0.0,0.0,0.0,0.0
20260119,ThermalPlant_8,G20,0.0,0.0,0.0,0.0,0.0,0.0
20260120,ThermalPlant_1,G13,377.3683846381017,79.99999999999994,75725.6249809474,225.2273062402932,464.3554586695358,6.98707403143419
20260120,ThermalPlant_2,G14,145.807399102853,39.99999999999997,26968.32878410527,240.7547706466422,167.3168812305126,-18.49051787234038
20260120,ThermalPlant_3,G15,0.0,0.0,0.0,0.0,0.0,0.0
20260120,ThermalPlant_4,G16,422.032758827735,0.0,62417.00128773684,245.0404199411931,574.0578519374258,152.0250931096908
20260120,ThermalPlant_5,G17,391.5378642254602,0.0,57154.29644842105,248.2611891934051,541.0844369104357,149.5465726849755
20260120,ThermalPlant_6,G18,361.2007027236324,0.0,59917.15973163161,236.1751900101164,581.75412979702,220.5534270733876
20260120,ThermalPlant_7,G19,0.0,0.0,0.0,0.0,0.0,0.0
20260120,ThermalPlant_8,G20,24.70710562130308,30.00000000000003,4362.68465084209,249.6239345045956,27.64702280065027,-27.06008282065284
20260121,ThermalPlant_1,G13,537.6128227264877,0.0,107470.9346953791,225.0896881760865,777.1107753743999,239.4979526479121
20260121,ThermalPlant_2,G14,779.3185670733471,79.99999999999994,144427.9591236463,240.5333189046878,968.5245966388732,109.2060295655261
20260121,ThermalPlant_3,G15,0.0,0.0,0.0,0.0,0.0,0.0
20260121,ThermalPlant_4,G16,410.6619181734862,0.0,60113.78671394313,244.5576615447333,457.6622135049672,47.00029533148103
20260121,ThermalPlant_5,G17,126.372619407561,0.0,17996.54572421052,247.9259641783878,139.9188250191992,13.54620561163821
20260121,ThermalPlant_6,G18,347.2713772421257,0.0,56877.77521546316,236.0109083191255,408.4672320309442,61.19585478881845
20260121,ThermalPlant_7,G19,0.0,0.0,0.0,0.0,0.0,0.0
20260121,ThermalPlant_8,G20,0.0,0.0,0.0,0.0,0.0,0.0
20260122,ThermalPlant_1,G13,532.8025717298586,0.0,106384.2383650637,225.0322645513383,774.9933043043867,242.1907325745281
20260122,ThermalPlant_2,G14,876.1693988596539,39.99999999999997,162549.5177296842,240.6420573646484,1120.276666020565,204.1072671609111
20260122,ThermalPlant_3,G15,257.4127727445409,79.99999999999994,45222.90834989472,245.602873581864,279.6494678295854,-57.76330491495537
20260122,ThermalPlant_4,G16,410.7913768507038,0.0,60704.06979789473,244.601579276877,461.9900850794706,51.19870822876686
20260122,ThermalPlant_5,G17,53.6472720761088,0.0,7662.535052631579,247.9270758740731,61.91786795053836,8.27059587442956
20260122,ThermalPlant_6,G18,354.3232288017654,0.0,58369.97886463154,236.2831723368882,418.3654759283064,64.04224712654104
20260122,ThermalPlant_7,G19,0.0,0.0,0.0,0.0,0.0,0.0
20260122,ThermalPlant_8,G20,0.0,0.0,0.0,0.0,0.0,0.0
20260123,ThermalPlant_1,G13,535.9188284476692,0.0,107091.3611963238,225.0628132946218,754.4772366173755,218.5584081697064
20260123,ThermalPlant_2,G14,918.5702710647035,0.0,170014.1073868253,240.6208492565002,1174.683820849093,256.1135497843893
20260123,ThermalPlant_3,G15,284.9883063719189,39.99999999999997,49486.64060165052,245.4748658862316,337.1515273012577,12.16322092933879
20260123,ThermalPlant_4,G16,344.7384281191908,0.0,50640.06089766735,244.5220106634019,370.9894699803684,26.25104186117767
20260123,ThermalPlant_5,G17,0.0,0.0,0.0,0.0,0.0,0.0
20260123,ThermalPlant_6,G18,354.7228283049163,0.0,58473.3617973179,236.221996143966,407.602615361269,52.87978705635271
20260123,ThermalPlant_7,G19,0.0,0.0,0.0,0.0,0.0,0.0
20260123,ThermalPlant_8,G20,0.0,0.0,0.0,0.0,0.0,0.0
20260124,ThermalPlant_1,G13,531.3003744603095,0.0,106058.1469321857,224.9860223779238,719.3787217397853,188.0783472794758
20260124,ThermalPlant_2,G14,797.213557847911,0.0,144784.5091311831,239.9931746698092,974.1779506470655,176.9643927991544
20260124,ThermalPlant_3,G15,0.0,0.0,0.0,0.0,0.0,0.0
20260124,ThermalPlant_4,G16,392.8229414816578,0.0,56340.24784693894,244.4108755374417,397.6350132626702,4.812071781012378
20260124,ThermalPlant_5,G17,124.2490856579447,0.0,17553.42733473685,247.8708817531539,124.9699147542783,0.7208290963336736
20260124,ThermalPlant_6,G18,332.546945992361,0.0,53722.55623794526,235.565550354794,363.9812253544487,31.43427936208769
20260124,ThermalPlant_7,G19,0.0,0.0,0.0,0.0,0.0,0.0
20260124,ThermalPlant_8,G20,0.0,0.0,0.0,0.0,0.0,0.0
20260125,ThermalPlant_1,G13,480.4187464364835,39.99999999999997,96391.91628643569,225.2096540238855,714.3431854246776,193.9244389881941
20260125,ThermalPlant_2,G14,390.9875554867324,79.99999999999994,73443.51428749056,240.9075270718203,463.0900828680025,-7.897472618729807
20260125,ThermalPlant_3,G15,138.7049508572363,39.99999999999997,24676.71756685894,246.1635457491585,157.4120012409242,-21.29294961631206
20260125,ThermalPlant_4,G16,430.2490437300552,0.0,64213.34477210526,244.8648595887923,528.0228807616015,97.77383703154635
20260125,ThermalPlant_5,G17,306.3475157934399,0.0,44505.57518032,248.1321774169909,380.4537440990518,74.10622830561186
20260125,ThermalPlant_6,G18,357.1908805663935,0.0,58982.75150767582,236.366159812487,452.0649773033509,94.87409673695743
20260125,ThermalPlant_7,G19,0.0,0.0,0.0,0.0,0.0,0.0
20260125,ThermalPlant_8,G20,0.0,0.0,0.0,0.0,0.0,0.0
20260126,ThermalPlant_1,G13,481.7370075322837,39.99999999999997,96697.32600507009,225.2093914956042,602.5261427865936,80.78913525430997
20260126,ThermalPlant_2,G14,0.0,0.0,0.0,0.0,0.0,0.0
20260126,ThermalPlant_3,G15,0.0,0.0,0.0,0.0,0.0,0.0
20260126,ThermalPlant_4,G16,397.8602165993005,0.0,57396.71574748003,244.4930315781199,369.9374623549094,-27.92275424439111
20260126,ThermalPlant_5,G17,315.5480250947813,0.0,44917.14545100844,247.8903605533349,290.1954889966635,-25.35253609811775
20260126,ThermalPlant_6,G18,318.8757251283243,0.0,50713.01505277269,235.4731611414628,322.988163583064,4.112438454739618
20260126,ThermalPlant_7,G19,0.0,0.0,0.0,0.0,0.0,0.0
20260126,ThermalPlant_8,G20,0.0,0.0,0.0,0.0,0.0,0.0
20260127,ThermalPlant_1,G13,368.6958467734971,79.99999999999994,73912.15413221055,225.1775838829695,460.0958239229202,11.39997714942314
20260127,ThermalPlant_2,G14,0.0,0.0,0.0,0.0,0.0,0.0
20260127,ThermalPlant_3,G15,83.11793767035638,39.99999999999997,15175.66291168421,246.8469517503732,95.48623182751099,-27.63170584284536
20260127,ThermalPlant_4,G16,415.5046061831831,0.0,61072.60604181162,244.8560975093722,621.8441878854551,206.339581702272
20260127,ThermalPlant_5,G17,387.7773512455207,0.0,56303.55653647368,248.1319794388924,591.981676139357,204.2043248938363
20260127,ThermalPlant_6,G18,355.860570292965,0.0,58750.8763262632,236.1187268310069,636.3161305966124,280.4555603036474
20260127,ThermalPlant_7,G19,0.0,0.0,0.0,0.0,0.0,0.0
20260127,ThermalPlant_8,G20,0.0,0.0,0.0,0.0,0.0,0.0
20260128,ThermalPlant_1,G13,543.77306960816,0.0,108885.4644858194,225.114781597985,719.0954948437848,175.3224252356248
20260128,ThermalPlant_2,G14,883.71350969714,0.0,162632.732138021,240.3715389285892,1068.038401692429,184.3248919952886
20260128,ThermalPlant_3,G15,148.596496271253,79.99999999999994,26114.56539402104,245.7536540973396,161.560790696615,-67.03570557463789
20260128,ThermalPlant_4,G16,406.8266779967202,0.0,59535.5658953263,244.5519751767054,403.7879891081236,-3.038688888596596
20260128,ThermalPlant_5,G17,0.0,0.0,0.0,0.0,0.0,0.0
20260128,ThermalPlant_6,G18,351.788123115093,0.0,57859.32241027366,236.0817740928529,380.8790477526942,29.09092463760123
20260128,ThermalPlant_7,G19,0.0,0.0,0.0,0.0,0.0,0.0
20260128,ThermalPlant_8,G20,0.0,0.0,0.0,0.0,0.0,0.0
20260129,ThermalPlant_1,G13,549.0874920780672,0.0,110093.1467284211,225.1616800021107,672.1789129562541,123.0914208781869
20260129,ThermalPlant_2,G14,951.247292127602,0.0,176935.8779705263,240.8328888484144,1087.83984403831,136.5925519107076
20260129,ThermalPlant_3,G15,278.1212439250715,79.99999999999994,49428.90137263155,245.8411834574209,307.0072664611969,-51.11397746387451
20260129,ThermalPlant_4,G16,422.0519804362179,0.0,62978.18939789472,244.7301235179723,385.3215276871259,-36.73045274909197
20260129,ThermalPlant_5,G17,100.2011335735767,14.99999999999998,14545.29237052631,247.9908959268734,89.44586334512837,-25.75527022844829
20260129,ThermalPlant_6,G18,365.5121764584044,0.0,60772.02922947367,236.5539205783178,373.0048929653032,7.492716506898773
20260129,ThermalPlant_7,G19,0.0,0.0,0.0,0.0,0.0,0.0
20260129,ThermalPlant_8,G20,0.0,0.0,0.0,0.0,0.0,0.0
20260130,ThermalPlant_1,G13,540.1894190482859,0.0,108060.6689825507,225.1043402170048,775.567906005653,235.378486957367
20260130,ThermalPlant_2,G14,826.025378750061,79.99999999999994,153604.5722083368,240.59441524778,1018.679600946255,112.6542221961941
20260130,ThermalPlant_3,G15,121.7174605466696,39.99999999999997,21263.07770021051,245.667825303131,131.4787608785554,-30.23869966811414
20260130,ThermalPlant_4,G16,415.0273852051682,0.0,61032.92050846313,244.6078333878372,455.8858619646816,40.85847675951339
20260130,ThermalPlant_5,G17,108.5792117993802,0.0,15549.1545472,247.9514224920552,122.5773574496762,13.99814565029595
20260130,ThermalPlant_6,G18,355.5351968761045,0.0,58662.19600589472,236.1846939816827,414.6288795586433,59.09368268253883
20260130,ThermalPlant_7,G19,0.0,0.0,0.0,0.0,0.0,0.0
20260130,ThermalPlant_8,G20,0.0,0.0,0.0,0.0,0.0,0.0
20260131,ThermalPlant_1,G13,533.771731630259,0.0,106604.4342818748,225.0414105433306,751.2835407590796,217.5118091288207
20260131,ThermalPlant_2,G14,831.5307816612541,39.99999999999997,153130.6353916631,240.3695480455262,1036.858672877459,165.3278912162044
20260131,ThermalPlant_3,G15,238.9271934911462,79.99999999999994,41367.71011941051,245.6174753843802,255.0716918730621,-63.85550161808402
20260131,ThermalPlant_4,G16,404.6052660038127,0.0,59101.05862467367,244.585824582628,434.1487301515512,29.54346414773846
20260131,ThermalPlant_5,G17,0.0,0.0,0.0,0.0,0.0,0.0
20260131,ThermalPlant_6,G18,346.923777946199,0.0,56802.0355769263,236.0056896073757,396.3425818958794,49.41880394968041
20260131,ThermalPlant_7,G19,56.4535125,0.0,9750.0,253.6534,76.87705922,20.42354672
20260131,ThermalPlant_8,G20,0.0,0.0,0.0,0.0,0.0,0.0
20260201,ThermalPlant_1,G13,539.1924367991079,0.0,107837.772643856,225.0876444953659,667.2359697068783,128.0435329077704
20260201,ThermalPlant_2,G14,902.2623830554696,0.0,166568.4355398736,240.4957297394655,1033.807155858076,131.5447728026063
20260201,ThermalPlant_3,G15,254.9794970104814,79.99999999999994,44621.18671124206,245.686354253708,276.1334300909767,-58.84606691950466
20260201,ThermalPlant_4,G16,408.6340949958474,0.0,60237.93203267366,244.6249252126694,374.8539754034664,-33.78011959238091
20260201,ThermalPlant_5,G17,0.0,0.0,0.0,0.0,0.0,0.0
20260201,ThermalPlant_6,G18,355.0650654629475,0.0,58543.4380737684,236.2442569062189,363.1620788998165,8.09701343686902
20260201,ThermalPlant_7,G19,0.0,0.0,0.0,0.0,0.0,0.0
20260201,ThermalPlant_8,G20,0.0,0.0,0.0,0.0,0.0,0.0
20260202,ThermalPlant_1,G13,482.1756891340124,39.99999999999997,96939.06141101387,225.2951275740742,628.7731278193703,106.597438685358
20260202,ThermalPlant_2,G14,295.0352210471324,79.99999999999994,55040.6781445053,240.8129524086917,341.2466019138719,-33.78861913326045
20260202,ThermalPlant_3,G15,0.0,0.0,0.0,0.0,0.0,0.0
20260202,ThermalPlant_4,G16,417.6671885200308,0.0,61553.6331440842,244.7767681165276,418.0153019864564,0.348113466425616
20260202,ThermalPlant_5,G17,317.509452857713,0.0,45877.71016842105,248.0800967493838,314.6887575904468,-2.820695267266274
20260202,ThermalPlant_6,G18,349.9063274353006,0.0,57452.87344960007,236.0429410125548,379.6482962429591,29.74196880765851
20260202,ThermalPlant_7,G19,0.0,0.0,0.0,0.0,0.0,0.0
20260202,ThermalPlant_8,G20,0.0,0.0,0.0,0.0,0.0,0.0
20260203,ThermalPlant_1,G13,536.4957052068214,0.0,107235.7269726316,225.040675309835,644.4349400455527,107.9392348387313
20260203,ThermalPlant_2,G14,396.1694702483254,0.0,71139.2514294737,240.0114971499638,430.732248098892,34.56277785056659
20260203,ThermalPlant_3,G15,0.0,0.0,0.0,0.0,0.0,0.0
20260203,ThermalPlant_4,G16,400.1754930484486,0.0,57864.98587789472,244.6025397261755,348.1203992778081,-52.0550937706405
20260203,ThermalPlant_5,G17,117.6450270485425,14.99999999999998,16872.5315031579,247.9838590257037,101.6031186161463,-31.04190843239612
20260203,ThermalPlant_6,G18,325.3597643827225,0.0,52133.45883157897,235.5490982752,315.0848649556423,-10.27489942708024
20260203,ThermalPlant_7,G19,0.0,0.0,0.0,0.0,0.0,0.0
20260203,ThermalPlant_8,G20,12.065368,0.0,2080.0,249.34,12.0742895,0.008921500000003135
20260204,ThermalPlant_1,G13,538.9446405199885,0.0,107785.4144667009,225.0772002147899,732.5341907091209,193.5895501891324
20260204,ThermalPlant_2,G14,799.4630570362203,39.99999999999997,146422.622159,240.2150617350775,971.4538709536131,131.9908139173928
20260204,ThermalPlant_3,G15,56.36339112583163,39.99999999999997,9919.627866907365,245.7595238744736,61.37704207557785,-34.98634905025374
20260204,ThermalPlant_4,G16,396.0574354387556,0.0,57290.53119982632,244.5276954765613,405.7152388901972,9.65780345144151
20260204,ThermalPlant_5,G17,55.57091744147323,0.0,7933.217673696842,247.9206784313534,57.75478363118943,2.183866189716198
20260204,ThermalPlant_6,G18,342.0357121154167,0.0,55763.84247448177,235.8243788249559,378.1004361770392,36.06472406162243
20260204,ThermalPlant_7,G19,0.0,0.0,0.0,0.0,0.0,0.0
20260204,ThermalPlant_8,G20,0.0,0.0,0.0,0.0,0.0,0.0
20260205,ThermalPlant_1,G13,537.2159425601766,0.0,107392.795001518,225.0610737245373,746.879626533092,209.6636839729155
20260205,ThermalPlant_2,G14,914.2030992377894,0.0,169207.8232083601,240.636691322602,1156.34533156541,242.1422323276209
20260205,ThermalPlant_3,G15,259.1100479797158,79.99999999999994,45513.46984736839,245.5995317892885,281.3552878754894,-57.75476010422631
20260205,ThermalPlant_4,G16,418.5135675367551,0.0,61779.96941063157,244.5953679784026,443.544767824934,25.03120028817887
20260205,ThermalPlant_5,G17,0.0,0.0,0.0,0.0,0.0,0.0
20260205,ThermalPlant_6,G18,356.8185516927706,0.0,58911.80770105261,236.3205073030899,405.1575453305287,48.33899363775811
20260205,ThermalPlant_7,G19,0.0,0.0,0.0,0.0,0.0,0.0
20260205,ThermalPlant_8,G20,0.0,0.0,0.0,0.0,0.0,0.0
20260206,ThermalPlant_1,G13,538.831480033435,0.0,107755.1627601473,225.0855088993046,756.7642818490108,217.9328018155758
20260206,ThermalPlant_2,G14,703.4217692830132,159.9999999999999,130684.9743138568,240.4185881123057,801.4253667647598,-61.99640251825326
20260206,ThermalPlant_3,G15,0.0,0.0,0.0,0.0,0.0,0.0
20260206,ThermalPlant_4,G16,402.945971842301,0.0,58487.18416922734,244.4733229687502,429.9920107534072,27.04603891110611
20260206,ThermalPlant_5,G17,224.9885722973127,0.0,31992.77722149684,247.8879278784129,244.1391289598135,19.15055666250083
20260206,ThermalPlant_6,G18,345.4136673180795,0.0,56504.16313966737,235.8555292245368,394.1521015973954,48.73843427931587
20260206,ThermalPlant_7,G19,0.0,0.0,0.0,0.0,0.0,0.0
20260206,ThermalPlant_8,G20,0.0,0.0,0.0,0.0,0.0,0.0
20260207,ThermalPlant_1,G13,530.5406063338437,0.0,105866.4761285709,225.018886964238,802.3566604214137,271.81605408757
20260207,ThermalPlant_2,G14,800.6126823905847,79.99999999999994,148300.0163991242,240.5139082390199,1013.363569573603,132.7508871830179
20260207,ThermalPlant_3,G15,58.67757919818058,39.99999999999997,10339.56904282947,245.777468463539,63.9180671887651,-34.75951200941545
20260207,ThermalPlant_4,G16,403.8155275805166,0.0,58990.14038494314,244.5450686981484,475.5228812387334,71.70735365821679
20260207,ThermalPlant_5,G17,109.0532340688255,0.0,15561.61578637474,247.914555731443,133.4322052360626,24.37897116723715
20260207,ThermalPlant_6,G18,346.657318966824,0.0,56734.05771489684,236.0432113452771,424.0513222518136,77.39400328498965
20260207,ThermalPlant_7,G19,0.0,0.0,0.0,0.0,0.0,0.0
20260207,ThermalPlant_8,G20,0.0,0.0,0.0,0.0,0.0,0.0
20260208,ThermalPlant_1,G13,531.8966849522237,0.0,106173.2516465509,225.0343743283378,792.0551705573733,260.1584856051496
20260208,ThermalPlant_2,G14,840.4566292630318,39.99999999999997,155102.1696777958,240.430757813078,1094.996890120126,214.5402608570946
20260208,ThermalPlant_3,G15,121.9482964058054,39.99999999999997,21172.5538951284,245.6580048253677,130.7184505253703,-31.22984588043509
20260208,ThermalPlant_4,G16,412.2132123721411,0.0,60437.92767249684,244.5853564379227,476.3735879856759,64.16037561353477
20260208,ThermalPlant_5,G17,53.76323903138278,0.0,7686.268792572625,247.9495256231002,64.80059977825053,11.03736074686775
20260208,ThermalPlant_6,G18,347.9301469207625,0.0,57012.42972121262,236.0560086297837,420.5476022368876,72.61745531612513
20260208,ThermalPlant_7,G19,0.0,0.0,0.0,0.0,0.0,0.0
20260208,ThermalPlant_8,G20,0.0,0.0,0.0,0.0,0.0,0.0
20260209,ThermalPlant_1,G13,403.9811971424475,79.99999999999994,81149.97861931192,225.2983758005163,522.065021332726,38.08382419027856
20260209,ThermalPlant_2,G14,116.3959726620077,39.99999999999997,21920.94619262,241.1575872990242,137.8035484080992,-18.59242425390839
20260209,ThermalPlant_3,G15,0.0,0.0,0.0,0.0,0.0,0.0
20260209,ThermalPlant_4,G16,439.0955464169913,0.0,66054.26463147363,245.0309663174056,484.1125067221457,45.01696030515444
20260209,ThermalPlant_5,G17,400.6893786815794,0.0,58723.48796461683,248.2471094166889,438.177960882362,37.48858220078256
20260209,ThermalPlant_6,G18,382.3840055637471,0.0,64480.59801621282,236.6081312612642,475.1308630816949,92.74685751794789
20260209,ThermalPlant_7,G19,0.0,0.0,0.0,0.0,0.0,0.0
20260209,ThermalPlant_8,G20,0.0,0.0,0.0,0.0,0.0,0.0
20260210,ThermalPlant_1,G13,527.0190122483432,0.0,105070.4798487009,224.9766984025425,674.9536102819486,147.9345980336054
20260210,ThermalPlant_2,G14,196.3364483336955,0.0,35213.03035131581,240.1122429441454,228.6618236139203,32.32537528022479
20260210,ThermalPlant_3,G15,0.0,0.0,0.0,0.0,0.0,0.0
20260210,ThermalPlant_4,G16,409.306017234934,0.0,59759.1167668684,244.8237309176138,393.8836488675199,-15.42236836741409
20260210,ThermalPlant_5,G17,130.9353002791295,0.0,18941.67639571052,248.1272059659836,125.1579345792763,-5.777365699853135
20260210,ThermalPlant_6,G18,321.1066617738032,0.0,51170.46121539477,235.6425890384376,332.2331808407435,11.12651906694032
20260210,ThermalPlant_7,G19,0.0,0.0,0.0,0.0,0.0,0.0
20260210,ThermalPlant_8,G20,74.66704174999998,0.0,12956.0,249.3948064989195,85.79032752823686,11.12328577823688
20260211,ThermalPlant_1,G13,534.0916734024657,0.0,106679.8263537037,225.0384895352419,723.7626699362272,189.6709965337615
20260211,ThermalPlant_2,G14,774.9314610888507,39.99999999999997,141184.3450985095,240.0717422062291,936.4999859891161,121.5685249002654
20260211,ThermalPlant_3,G15,70.18839621867251,39.99999999999997,12229.1982683621,245.5841957205986,75.31499347808612,-34.87340274058636
20260211,ThermalPlant_4,G16,394.3308250308438,0.0,56647.83896252631,244.4728249177039,400.2982283942994,5.967403363455617
20260211,ThermalPlant_5,G17,50.87795770306511,0.0,7215.089802105263,247.8911479769481,53.11007042701612,2.232112723951012
20260211,ThermalPlant_6,G18,336.2691054991485,0.0,54528.44507769262,235.6470553142973,369.3902938956414,33.12118839649298
20260211,ThermalPlant_7,G19,0.0,0.0,0.0,0.0,0.0,0.0
20260211,ThermalPlant_8,G20,0.0,0.0,0.0,0.0,0.0,0.0
20260212,ThermalPlant_1,G13,534.039640773158,0.0,106668.7484989695,225.0366057413488,776.3292450339289,242.2896042607709
20260212,ThermalPlant_2,G14,900.5040019500794,0.0,166302.9243153906,240.546618210961,1177.927530607568,277.4235286574882
20260212,ThermalPlant_3,G15,250.4151994444599,79.99999999999994,43754.60750652628,245.5090905523315,277.4987704491951,-52.91642899526465
20260212,ThermalPlant_4,G16,414.8996673111513,0.0,61022.63037473683,244.5399413025827,463.5131276032888,48.61346029213746
20260212,ThermalPlant_5,G17,0.0,0.0,0.0,0.0,0.0,0.0
20260212,ThermalPlant_6,G18,352.757286786026,0.0,58044.97556760107,236.1980213635586,416.1011090178238,63.34382223179779
20260212,ThermalPlant_7,G19,0.0,0.0,0.0,0.0,0.0,0.0
20260212,ThermalPlant_8,G20,0.0,0.0,0.0,0.0,0.0,0.0
20260213,ThermalPlant_1,G13,494.8398530886723,39.99999999999997,99437.13585885253,225.2700970654654,679.2215715398097,144.3817184511375
20260213,ThermalPlant_2,G14,552.2270466869121,119.9999999999999,103691.5391027874,240.8300393199579,641.4954838977808,-30.73156278913123
20260213,ThermalPlant_3,G15,0.0,0.0,0.0,0.0,0.0,0.0
20260213,ThermalPlant_4,G16,420.4566867271694,0.0,62172.01039151156,244.684169749765,456.3184214867561,35.86173475958674
20260213,ThermalPlant_5,G17,363.9413909161048,0.0,52567.76685466945,248.0205968305202,397.4661499053058,33.52475898920102
20260213,ThermalPlant_6,G18,362.2100290343261,0.0,60101.82073101476,236.3248349296572,419.2960474278806,57.08601839355453
20260213,ThermalPlant_7,G19,0.0,0.0,0.0,0.0,0.0,0.0
20260213,ThermalPlant_8,G20,0.0,0.0,0.0,0.0,0.0,0.0
20260214,ThermalPlant_1,G13,531.5734522176155,0.0,106100.4304337764,225.0300281697791,768.3142818480104,236.740829630395
20260214,ThermalPlant_2,G14,734.8011602739737,119.9999999999999,135966.3243751747,240.4397161660077,876.2899582945586,21.48879802058499
20260214,ThermalPlant_3,G15,0.0,0.0,0.0,0.0,0.0,0.0
20260214,ThermalPlant_4,G16,406.9108763436682,0.0,59295.38458758735,244.6306930165521,451.9062405626117,44.99536421894356
20260214,ThermalPlant_5,G17,218.9999915635104,0.0,31391.9866218442,247.9854878861071,251.3733886473045,32.37339708379403
20260214,ThermalPlant_6,G18,341.8270877208801,0.0,55694.10725221053,235.9238676631907,400.6177179967516,58.79063027587154
20260214,ThermalPlant_7,G19,0.0,0.0,0.0,0.0,0.0,0.0
20260214,ThermalPlant_8,G20,0.0,0.0,0.0,0.0,0.0,0.0
20260215,ThermalPlant_1,G13,526.62440988346,0.0,104974.4305956096,224.9863053392874,818.1060836542956,291.4816737708356
20260215,ThermalPlant_2,G14,828.5942328159811,39.99999999999997,152506.6107529431,240.3495872901828,1110.911536205361,242.3173033893804
20260215,ThermalPlant_3,G15,116.7028876262237,39.99999999999997,20140.61365362526,245.5265528151976,124.0276676569328,-32.67521996929088
20260215,ThermalPlant_4,G16,406.5702795483079,0.0,59247.13355519998,244.5302347575503,493.5452311861248,86.9749516378169
20260215,ThermalPlant_5,G17,57.20607962299311,0.0,8143.170034930527,247.9150410441391,74.26347068798012,17.05739106498701
20260215,ThermalPlant_6,G18,344.6439035456039,0.0,56309.60015205052,235.9560699985472,432.4098176006858,87.76591405508185
20260215,ThermalPlant_7,G19,0.0,0.0,0.0,0.0,0.0,0.0
20260215,ThermalPlant_8,G20,0.0,0.0,0.0,0.0,0.0,0.0
20260216,ThermalPlant_1,G13,401.0789132406848,79.99999999999994,80567.32379223935,225.2976318692513,514.4387473476173,33.35983410693257
20260216,ThermalPlant_2,G14,120.2799796867112,39.99999999999997,22688.72902305685,241.1197046604368,142.1259151000037,-18.15406458670743
20260216,ThermalPlant_3,G15,0.0,0.0,0.0,0.0,0.0,0.0
20260216,ThermalPlant_4,G16,427.4829543033279,0.0,63614.65043422316,244.899983322463,484.6697161230339,57.18676181970602
20260216,ThermalPlant_5,G17,393.8612120521122,0.0,57305.90372921795,248.1694053430226,444.407775268534,50.54656321642182
20260216,ThermalPlant_6,G18,374.8498223744592,0.0,62875.19354172637,236.3952081881393,482.6978872750556,107.8480649005965
20260216,ThermalPlant_7,G19,0.0,0.0,0.0,0.0,0.0,0.0
20260216,ThermalPlant_8,G20,0.0,0.0,0.0,0.0,0.0,0.0
20260217,ThermalPlant_1,G13,522.1171955751742,0.0,103956.7090631801,224.9290313634868,736.0053309188899,213.8881353437157
20260217,ThermalPlant_2,G14,0.0,0.0,0.0,0.0,0.0,0.0
20260217,ThermalPlant_3,G15,0.0,0.0,0.0,0.0,0.0,0.0
20260217,ThermalPlant_4,G16,422.7657990446629,0.0,62565.87602357894,245.0688494192872,463.7893696837854,41.02357063912245
20260217,ThermalPlant_5,G17,402.2777559338647,0.0,58826.62673852631,248.2760908839727,440.2363809758763,37.95862504201159
20260217,ThermalPlant_6,G18,327.1420607616012,0.0,52439.66616252636,235.9467350798141,375.56472984414,48.42266908253885
20260217,ThermalPlant_7,G19,0.0,0.0,0.0,0.0,0.0,0.0
20260217,ThermalPlant_8,G20,0.0,0.0,0.0,0.0,0.0,0.0
20260218,ThermalPlant_1,G13,542.3947080575696,0.0,108571.4905101328,225.1040557267036,697.4013439230881,155.0066358655185
20260218,ThermalPlant_2,G14,640.2916295051258,119.9999999999999,116125.2739000063,240.0409245337836,721.4507050254097,-38.84092447971605
20260218,ThermalPlant_3,G15,0.0,0.0,0.0,0.0,0.0,0.0
20260218,ThermalPlant_4,G16,391.4493853365389,0.0,56039.99841686316,244.4408009387415,370.3281781485959,-21.12120718794296
20260218,ThermalPlant_5,G17,170.6733005352987,0.0,24189.01451850947,247.8811602708547,161.844662008917,-8.828638526381695
20260218,ThermalPlant_6,G18,326.0694155627335,0.0,52339.37318805054,235.331034354071,338.1642651126917,12.09484954995821
20260218,ThermalPlant_7,G19,0.0,0.0,0.0,0.0,0.0,0.0
20260218,ThermalPlant_8,G20,0.0,0.0,0.0,0.0,0.0,0.0
20260219,ThermalPlant_1,G13,532.1483336001905,0.0,106237.216390759,225.022627866792,772.1593403595136,240.0110067593231
20260219,ThermalPlant_2,G14,863.0451532288887,39.99999999999997,159817.8353338947,240.5890107312609,1106.13528517599,203.0901319471011
20260219,ThermalPlant_3,G15,120.6736350688208,39.99999999999997,21121.76634526315,245.550903354269,134.1232596709291,-26.55037539789171
20260219,ThermalPlant_4,G16,415.4629442626076,0.0,61136.47288189473,244.565354515425,464.0001673539497,48.53722309134207
20260219,ThermalPlant_5,G17,56.15873788944729,0.0,8012.241789473685,247.9172986997018,62.66850193127426,6.509764041826976
20260219,ThermalPlant_6,G18,352.2338210829184,0.0,57928.27244151798,236.2024342409405,415.2412890270523,63.00746794413396
20260219,ThermalPlant_7,G19,0.0,0.0,0.0,0.0,0.0,0.0
20260219,ThermalPlant_8,G20,0.0,0.0,0.0,0.0,0.0,0.0
20260220,ThermalPlant_1,G13,492.2618302227188,39.99999999999997,98854.1524354223,225.239173783197,679.0835059588503,146.8216757361315
20260220,ThermalPlant_2,G14,540.9356635306633,119.9999999999999,100703.5411780674,240.51093706267,619.3668941926541,-41.56876933800916
20260220,ThermalPlant_3,G15,0.0,0.0,0.0,0.0,0.0,0.0
20260220,ThermalPlant_4,G16,405.2565846215717,0.0,58964.20204323366,244.5409335369502,442.6948122117901,37.43822759021845
20260220,ThermalPlant_5,G17,289.5861776892369,0.0,41416.33857931789,247.9340176679138,321.8624620899121,32.27628440067519
20260220,ThermalPlant_6,G18,349.2414641826996,0.0,57331.27343445897,235.9379114756028,405.7896661377056,56.54820195500594
20260220,ThermalPlant_7,G19,0.0,0.0,0.0,0.0,0.0,0.0
20260220,ThermalPlant_8,G20,0.0,0.0,0.0,0.0,0.0,0.0
20260221,ThermalPlant_1,G13,525.8856815388352,0.0,104807.7881794376,224.9768847778387,802.1632630075491,276.2775814687138
20260221,ThermalPlant_2,G14,701.2961953748686,119.9999999999999,128890.0013507368,240.2328857844697,843.5317661392926,22.23557076442407
20260221,ThermalPlant_3,G15,0.0,0.0,0.0,0.0,0.0,0.0
20260221,ThermalPlant_4,G16,397.1622838638507,0.0,57248.48984367157,244.4894841780528,471.2653617222938,74.10307785844316
20260221,ThermalPlant_5,G17,166.4942211373285,0.0,23709.95366581894,247.9087814546266,205.8301168044708,39.3358956671423
20260221,ThermalPlant_6,G18,332.9449892652481,0.0,53793.57636574314,235.6404118571515,409.8967436083212,76.95175434307316
20260221,ThermalPlant_7,G19,0.0,0.0,0.0,0.0,0.0,0.0
20260221,ThermalPlant_8,G20,0.0,0.0,0.0,0.0,0.0,0.0
20260222,ThermalPlant_1,G13,534.973704806262,0.0,106878.6669797297,225.0499662270998,656.437344881973,121.4636400757109
20260222,ThermalPlant_2,G14,724.6425775575742,119.9999999999999,133768.0318276379,240.2976583830116,821.7903975831385,-22.85217997443559
20260222,ThermalPlant_3,G15,0.0,0.0,0.0,0.0,0.0,0.0
20260222,ThermalPlant_4,G16,398.1432331013008,0.0,57462.01864982316,244.4720753011031,354.9340749918239,-43.20915810947685
20260222,ThermalPlant_5,G17,111.3329485798263,0.0,15818.76214458947,247.8933629131805,98.03757149865001,-13.29537708117628
20260222,ThermalPlant_6,G18,338.1099611718927,0.0,54919.70874845895,235.7180739935562,338.414761701845,0.3048005299522742
20260222,ThermalPlant_7,G19,0.0,0.0,0.0,0.0,0.0,0.0
20260222,ThermalPlant_8,G20,62.48117274936208,0.0,10796.05501982316,249.3399999999999,66.90342460106767,4.422251851705589
20260223,ThermalPlant_1,G13,390.440094918771,79.99999999999994,78457.34802698948,225.3063646069689,483.1011058986183,12.66101097984733
20260223,ThermalPlant_2,G14,21.99639224675957,0.0,3884.550692012632,239.0916313491688,23.53585859429607,1.539466347536493
20260223,ThermalPlant_3,G15,0.0,0.0,0.0,0.0,0.0,0.0
20260223,ThermalPlant_4,G16,436.9247685552694,0.0,65497.98605793472,245.3803799949285,553.7769492648584,116.852180709589
20260223,ThermalPlant_5,G17,411.1304999467115,0.0,60806.26684154104,248.5218165737982,524.178014278667,113.0475143319555
20260223,ThermalPlant_6,G18,359.5314250673925,0.0,59534.85562704483,236.2274855630614,527.1503927344927,167.6189676671002
20260223,ThermalPlant_7,G19,21.67602955437708,30.00000000000003,3812.911545705259,253.852043789902,24.38322660068486,-27.29280295369225
20260223,ThermalPlant_8,G20,0.0,0.0,0.0,0.0,0.0,0.0
20260224,ThermalPlant_1,G13,520.260825090322,0.0,103537.7171996012,224.9049156984752,730.8779180885758,210.6170929982538
20260224,ThermalPlant_2,G14,1.4475755,0.0,240.0,238.76944,1.426566960000001,-0.0210085399999993
20260224,ThermalPlant_3,G15,0.0,0.0,0.0,0.0,0.0,0.0
20260224,ThermalPlant_4,G16,420.2321515253099,0.0,62033.42903873684,245.0406801794494,459.7078866555763,39.47573513026646
20260224,ThermalPlant_5,G17,218.2096096746145,14.99999999999998,31951.07113557895,248.267541905011,235.7664495491504,2.556839874535902
20260224,ThermalPlant_6,G18,322.0832318250683,0.0,51341.68060831582,235.8494588804757,368.211646658927,46.1284148338587
20260224,ThermalPlant_7,G19,0.0,0.0,0.0,0.0,0.0,0.0
20260224,ThermalPlant_8,G20,70.90456886943244,0.0,12333.151824,249.4646705020996,94.29684333253161,23.39227446309917
20260225,ThermalPlant_1,G13,526.3982615931152,0.0,104919.163942615,224.9925296581115,752.2499279408794,225.8516663477642
20260225,ThermalPlant_2,G14,191.2766733276218,79.99999999999994,36006.92210543159,241.097009080441,224.6508695972993,-46.62580373032245
20260225,ThermalPlant_3,G15,0.0,0.0,0.0,0.0,0.0,0.0
20260225,ThermalPlant_4,G16,441.0192081965209,0.0,66466.42835703156,245.0217750821287,491.6469499269621,50.62774173044119
20260225,ThermalPlant_5,G17,265.2538871039286,0.0,39119.35302658945,248.210266134217,295.4954007603618,30.2415136564332
20260225,ThermalPlant_6,G18,359.8571684869137,0.0,59498.58516501056,236.655249668769,422.3275198202601,62.47035133334646
20260225,ThermalPlant_7,G19,0.0,0.0,0.0,0.0,0.0,0.0
20260225,ThermalPlant_8,G20,0.0,0.0,0.0,0.0,0.0,0.0
20260226,ThermalPlant_1,G13,536.3287120091145,0.0,107190.3330880887,225.0546427834589,716.5662471326501,180.2375351235356
20260226,ThermalPlant_2,G14,533.8189653397673,119.9999999999999,99857.5146463158,240.6507965427761,615.8956978364458,-37.92326750332134
20260226,ThermalPlant_3,G15,0.0,0.0,0.0,0.0,0.0,0.0
20260226,ThermalPlant_4,G16,409.2731742165932,0.0,59811.41406736841,244.5818603060462,413.4030121793047,4.129837962711406
20260226,ThermalPlant_5,G17,239.1719120564613,0.0,34207.15066736842,247.9580562568829,240.7968016866753,1.624889630214028
20260226,ThermalPlant_6,G18,345.975928426299,0.0,56595.52680210527,235.9928910499284,378.5194291740634,32.54350074776437
20260226,ThermalPlant_7,G19,0.0,0.0,0.0,0.0,0.0,0.0
20260226,ThermalPlant_8,G20,0.0,0.0,0.0,0.0,0.0,0.0
20260227,ThermalPlant_1,G13,429.2053866300454,79.99999999999994,86270.07089317894,225.3166561819917,550.8071145119663,41.60172788192097
20260227,ThermalPlant_2,G14,114.9799782626374,39.99999999999997,21624.82502244211,241.0469562537977,138.7401500275159,-16.23982823512154
20260227,ThermalPlant_3,G15,0.0,0.0,0.0,0.0,0.0,0.0
20260227,ThermalPlant_4,G16,457.2742655391221,0.0,69846.43909883653,245.3112906485171,568.9815898642133,111.7073243250912
20260227,ThermalPlant_5,G17,411.8204725115558,0.0,61510.43423322107,248.4306891005578,515.345040557815,103.5245680462592
20260227,ThermalPlant_6,G18,390.4703959353505,0.0,66182.78267216847,236.9005033248201,556.0535120486097,165.5831161132592
20260227,ThermalPlant_7,G19,0.0,0.0,0.0,0.0,0.0,0.0
20260227,ThermalPlant_8,G20,0.0,0.0,0.0,0.0,0.0,0.0
20260228,ThermalPlant_1,G13,434.9888773332816,79.99999999999994,87431.65742214737,225.3145099395795,539.5452935899084,24.5564162566269
20260228,ThermalPlant_2,G14,307.3101484252624,79.99999999999994,56840.02895696845,240.6153102434948,351.1896100392548,-36.12053838600747
20260228,ThermalPlant_3,G15,0.0,0.0,0.0,0.0,0.0,0.0
20260228,ThermalPlant_4,G16,419.3082983412012,0.0,61900.91467418948,244.7873061469854,446.355144591073,27.04684624987186
20260228,ThermalPlant_5,G17,325.6179303651433,0.0,47092.59660766316,248.0707388938463,353.7387534066631,28.12082304151983
20260228,ThermalPlant_6,G18,363.6974545288945,0.0,60472.30693947928,236.1620718010684,442.8083810269598,79.11092649806534
20260228,ThermalPlant_7,G19,0.0,0.0,0.0,0.0,0.0,0.0
20260228,ThermalPlant_8,G20,0.0,0.0,0.0,0.0,0.0,0.0
20260301,ThermalPlant_1,G13,500.1248535230818,39.99999999999997,100485.5374914837,225.2639464082588,663.0451199671146,122.9202664440329
20260301,ThermalPlant_2,G14,340.5641950935392,79.99999999999994,63640.47494631581,240.7130964961643,393.5460240143561,-27.01817107918305
20260301,ThermalPlant_3,G15,0.0,0.0,0.0,0.0,0.0,0.0
20260301,ThermalPlant_4,G16,415.7766523809372,0.0,61167.49768416843,244.7086907089567,431.6592102126369,15.88255783169978
20260301,ThermalPlant_5,G17,315.166107129784,0.0,45485.66559347369,248.0184864242779,325.7777582663024,10.61165113651839
20260301,ThermalPlant_6,G18,347.7888335096862,0.0,56969.6551549474,236.1041261136525,387.5458819210328,39.75704841134655
20260301,ThermalPlant_7,G19,0.0,0.0,0.0,0.0,0.0,0.0
20260301,ThermalPlant_8,G20,0.0,0.0,0.0,0.0,0.0,0.0
20260302,ThermalPlant_1,G13,354.5335153144259,79.99999999999994,70420.99427618955,224.7247214727849,430.2642719558318,-4.269243358593997
20260302,ThermalPlant_2,G14,3.308887749999999,0.0,569.9999999999999,238.9101355789474,3.48732384,0.1784360900000008
20260302,ThermalPlant_3,G15,0.0,0.0,0.0,0.0,0.0,0.0
20260302,ThermalPlant_4,G16,405.825527337042,0.0,59044.31735332077,244.7112957371402,538.1824739447388,132.3569466076968
20260302,ThermalPlant_5,G17,388.5485355268482,0.0,55948.80113888422,248.0414978773416,518.635178873522,130.0866433466738
20260302,ThermalPlant_6,G18,326.7893301791985,0.0,52409.01076681554,235.7341263588884,511.3974753624238,184.6081451832253
20260302,ThermalPlant_7,G19,0.0,0.0,0.0,0.0,0.0,0.0
20260302,ThermalPlant_8,G20,0.0,0.0,0.0,0.0,0.0,0.0
20260303,ThermalPlant_1,G13,284.2666017168141,0.0,56652.47232501389,224.9072911233719,436.8484546812576,152.5818529644435
20260303,ThermalPlant_2,G14,0.0,0.0,0.0,0.0,0.0,0.0
20260303,ThermalPlant_3,G15,0.0,0.0,0.0,0.0,0.0,0.0
20260303,ThermalPlant_4,G16,416.9948006569713,0.0,61395.83602473685,244.8341782973506,490.8116245315675,73.8168238745962
20260303,ThermalPlant_5,G17,349.6179334282764,14.99999999999998,50914.82025578947,248.1560017080222,407.6914943867202,43.07356095844377
20260303,ThermalPlant_6,G18,337.7361885337975,0.0,54770.35474578952,236.0035538608746,412.6327306574682,74.89654212367071
20260303,ThermalPlant_7,G19,0.0,0.0,0.0,0.0,0.0,0.0
20260303,ThermalPlant_8,G20,0.0,0.0,0.0,0.0,0.0,0.0
20260304,ThermalPlant_1,G13,405.0889940937979,79.99999999999994,81187.36650472844,225.16884353287,503.7964911340067,18.70749704020892
20260304,ThermalPlant_2,G14,216.3389665873975,79.99999999999994,39791.47608282529,240.5087458810348,252.2905000593087,-44.04846652808874
20260304,ThermalPlant_3,G15,0.0,0.0,0.0,0.0,0.0,0.0
20260304,ThermalPlant_4,G16,401.8322273775843,0.0,58215.53040242316,244.6148172042494,511.4547671634029,109.6225397858186
20260304,ThermalPlant_5,G17,371.1076523533615,0.0,53189.06356480632,247.976510847381,474.9869955961637,103.8793432428022
20260304,ThermalPlant_6,G18,346.340062563242,0.0,56723.08206260655,235.799064227056,513.089188071221,166.7491255079789
20260304,ThermalPlant_7,G19,0.0,0.0,0.0,0.0,0.0,0.0
20260304,ThermalPlant_8,G20,0.0,0.0,0.0,0.0,0.0,0.0
20260305,ThermalPlant_1,G13,415.7690899460864,79.99999999999994,83387.73638315794,225.1851464808194,527.5457923040655,31.7767023579791
20260305,ThermalPlant_2,G14,156.2135965179399,39.99999999999997,28725.53900631582,240.4886880796928,176.8559047822733,-19.35769173566663
20260305,ThermalPlant_3,G15,0.0,0.0,0.0,0.0,0.0,0.0
20260305,ThermalPlant_4,G16,423.5226589393702,0.0,62774.84381010527,244.8831679362174,427.3050284041628,3.78236946479268
20260305,ThermalPlant_5,G17,386.9990368879747,0.0,56308.33499368421,248.17907993631,386.2697048876096,-0.7293320003650479
20260305,ThermalPlant_6,G18,355.6227994845307,0.0,58675.67749797231,236.2085601236673,400.8993902189102,45.27659073437951
20260305,ThermalPlant_7,G19,0.0,0.0,0.0,0.0,0.0,0.0
20260305,ThermalPlant_8,G20,0.0,0.0,0.0,0.0,0.0,0.0
20260306,ThermalPlant_1,G13,537.4223947536798,0.0,107430.8271852014,225.0812587913439,733.0307927723169,195.6083980186371
20260306,ThermalPlant_2,G14,589.5274070859996,119.9999999999999,111227.9552954,241.0112607514745,690.1482372318251,-19.37916985417442
20260306,ThermalPlant_3,G15,0.0,0.0,0.0,0.0,0.0,0.0
20260306,ThermalPlant_4,G16,427.2736242214896,0.0,63599.86389267368,244.7852679082092,447.8436786993442,20.57005447785463
20260306,ThermalPlant_5,G17,247.2922937153047,0.0,35857.25225156422,248.0565245336908,258.110770625772,10.81847691046727
20260306,ThermalPlant_6,G18,360.1941232837141,0.0,59639.00806064844,236.3937975652229,405.1725878839906,44.97846460027654
20260306,ThermalPlant_7,G19,0.0,0.0,0.0,0.0,0.0,0.0
20260306,ThermalPlant_8,G20,0.0,0.0,0.0,0.0,0.0,0.0
20260307,ThermalPlant_1,G13,524.2931281930779,0.0,104450.3135578114,224.9522158102386,769.7765376273481,245.4834094342702
20260307,ThermalPlant_2,G14,450.811615477675,0.0,83559.08163092213,240.8076933565015,603.8004869632496,152.9888714855746
20260307,ThermalPlant_3,G15,0.0,0.0,0.0,0.0,0.0,0.0
20260307,ThermalPlant_4,G16,431.072934871399,0.0,64386.43197541053,244.8746730813086,494.2847654592642,63.21183058786522
20260307,ThermalPlant_5,G17,199.1622692888059,0.0,28994.71770442105,248.1115643004764,227.2080933773656,28.04582408855973
20260307,ThermalPlant_6,G18,355.5940576554813,0.0,58595.5364533221,236.5046182959766,426.8255009265231,71.23144327104177
20260307,ThermalPlant_7,G19,0.0,0.0,0.0,0.0,0.0,0.0
20260307,ThermalPlant_8,G20,0.0,0.0,0.0,0.0,0.0,0.0
20260308,ThermalPlant_1,G13,412.1190869663241,79.99999999999994,82695.87212083346,225.2509166170225,530.7400251779831,38.62093821165905
20260308,ThermalPlant_2,G14,323.1739165424451,79.99999999999994,60009.79089872158,240.4751387907571,385.0947570536755,-18.07915948876956
20260308,ThermalPlant_3,G15,0.0,0.0,0.0,0.0,0.0,0.0
20260308,ThermalPlant_4,G16,408.355108710196,0.0,59583.17251273685,244.71433913647,564.4044401278223,156.0493314176264
20260308,ThermalPlant_5,G17,323.0467199273028,0.0,46422.79521549895,248.0411275948444,472.2470649937912,149.2003450664884
20260308,ThermalPlant_6,G18,365.8193111381669,0.0,60971.88082135492,236.0438867985028,587.0420278248433,221.2227166866764
20260308,ThermalPlant_7,G19,0.0,0.0,0.0,0.0,0.0,0.0
20260308,ThermalPlant_8,G20,0.0,0.0,0.0,0.0,0.0,0.0
20260309,ThermalPlant_1,G13,274.6703529621723,79.99999999999994,54839.84462363603,225.0386540762554,373.1401510445218,18.46979808234954
20260309,ThermalPlant_2,G14,0.0,0.0,0.0,0.0,0.0,0.0
20260309,ThermalPlant_3,G15,0.0,0.0,0.0,0.0,0.0,0.0
20260309,ThermalPlant_4,G16,407.2841752326299,0.0,59345.56961054631,244.7516868186716,667.8518671887401,260.5676919561102
20260309,ThermalPlant_5,G17,389.0829674933996,0.0,56101.56903948106,248.0613478250147,647.5207202146894,258.4377527212898
20260309,ThermalPlant_6,G18,344.8200349178351,0.0,56370.92423411761,235.8642088324464,665.2927307547805,320.4726958369453
20260309,ThermalPlant_7,G19,0.0,0.0,0.0,0.0,0.0,0.0
20260309,ThermalPlant_8,G20,0.0,0.0,0.0,0.0,0.0,0.0
20260310,ThermalPlant_1,G13,96.30986750000001,39.99999999999997,19200.0,225.0793636,121.9117997463158,-14.39806775368419
20260310,ThermalPlant_2,G14,0.0,0.0,0.0,0.0,0.0,0.0
20260310,ThermalPlant_3,G15,0.0,0.0,0.0,0.0,0.0,0.0
20260310,ThermalPlant_4,G16,393.9344085644004,0.0,56562.77782324242,244.4757340388003,847.803446589664,453.8690380252636
20260310,ThermalPlant_5,G17,376.4808594249054,0.0,53436.89591955265,247.9150785627209,822.0652529645695,445.5843935396641
20260310,ThermalPlant_6,G18,362.6538421370661,0.0,60328.78156981999,235.822228571924,924.3612190316076,561.7073768945415
20260310,ThermalPlant_7,G19,0.0,0.0,0.0,0.0,0.0,0.0
20260310,ThermalPlant_8,G20,0.0,0.0,0.0,0.0,0.0,0.0
20260311,ThermalPlant_1,G13,381.3119908188909,0.0,75564.67142569007,224.7296624824965,641.5925863920221,260.2805955731312
20260311,ThermalPlant_2,G14,0.0,0.0,0.0,0.0,0.0,0.0
20260311,ThermalPlant_3,G15,0.0,0.0,0.0,0.0,0.0,0.0
20260311,ThermalPlant_4,G16,431.8218846057532,0.0,64495.39852770526,245.0664194358248,560.1203953294664,128.2985107237132
20260311,ThermalPlant_5,G17,322.5371829134755,14.99999999999998,47569.28885741579,248.2782794345274,420.9326271350282,83.3954442215527
20260311,ThermalPlant_6,G18,333.1397232232218,0.0,53696.37283033159,236.2546292930475,440.1691555050708,107.029432281849
20260311,ThermalPlant_7,G19,0.0,0.0,0.0,0.0,0.0,0.0
20260311,ThermalPlant_8,G20,0.0,0.0,0.0,0.0,0.0,0.0
20260312,ThermalPlant_1,G13,444.6425024338953,79.99999999999994,89393.78049578947,225.3281390623945,558.1220048637105,33.47950242981517
20260312,ThermalPlant_2,G14,307.7163120553932,79.99999999999994,58352.47700526318,241.2696899451564,365.8728262437929,-21.8434858116002
20260312,ThermalPlant_3,G15,0.0,0.0,0.0,0.0,0.0,0.0
20260312,ThermalPlant_4,G16,455.2567617362447,0.0,69430.20047157892,245.265123600973,548.7049310827641,93.44816934651942
20260312,ThermalPlant_5,G17,408.939604672662,0.0,61093.38668842101,248.3935419054333,496.6362037430891,87.69659907042711
20260312,ThermalPlant_6,G18,394.4801355639764,0.0,67054.43823980611,236.9418713672871,543.0046381639725,148.524502599996
20260312,ThermalPlant_7,G19,0.0,0.0,0.0,0.0,0.0,0.0
20260312,ThermalPlant_8,G20,0.0,0.0,0.0,0.0,0.0,0.0
20260313,ThermalPlant_1,G13,527.342207435985,0.0,105136.611764667,224.995265900674,746.4152826064714,219.0730751704864
20260313,ThermalPlant_2,G14,650.3153481225867,0.0,119262.3356023684,240.3886028867925,839.056004089728,188.7406559671414
20260313,ThermalPlant_3,G15,0.0,0.0,0.0,0.0,0.0,0.0
20260313,ThermalPlant_4,G16,408.6774923687568,0.0,59689.11520106316,244.5621887963397,445.592415154222,36.91492278546514
20260313,ThermalPlant_5,G17,63.67684120807592,0.0,9102.267673347365,247.9065303739043,69.02055019685241,5.343708988776491
20260313,ThermalPlant_6,G18,344.1490801063563,0.0,56195.35553697895,235.976312096787,397.9503949186014,53.80131481224504
20260313,ThermalPlant_7,G19,0.0,0.0,0.0,0.0,0.0,0.0
20260313,ThermalPlant_8,G20,0.0,0.0,0.0,0.0,0.0,0.0
20260314,ThermalPlant_1,G13,417.8733335,79.99999999999994,84000.0,225.3242492800001,533.7592680300002,35.88593453000021
20260314,ThermalPlant_2,G14,90.27732328763639,39.99999999999997,17098.92812126317,241.2236367395817,107.2405748219951,-23.03674846564125
20260314,ThermalPlant_3,G15,0.0,0.0,0.0,0.0,0.0,0.0
20260314,ThermalPlant_4,G16,449.7818863793279,0.0,68297.86709844212,245.1478180983977,590.7467822908304,140.9648959115025
20260314,ThermalPlant_5,G17,407.2842017890561,0.0,60362.0908355368,248.3147968837867,541.2505929155699,133.9663911265138
20260314,ThermalPlant_6,G18,394.2508951258669,0.0,67022.33258367649,236.8773042009624,596.3112290304226,202.0603339045558
20260314,ThermalPlant_7,G19,0.0,0.0,0.0,0.0,0.0,0.0
20260314,ThermalPlant_8,G20,0.0,0.0,0.0,0.0,0.0,0.0
20260315,ThermalPlant_1,G13,476.3954648990435,39.99999999999997,95632.37596295126,225.2229913099598,681.7096869035653,165.3142220045218
20260315,ThermalPlant_2,G14,172.0772199528366,39.99999999999997,32263.85174084213,240.8657504766959,200.3546363546697,-11.72258359816686
20260315,ThermalPlant_3,G15,0.0,0.0,0.0,0.0,0.0,0.0
20260315,ThermalPlant_4,G16,424.2047521867473,0.0,62916.81331425707,244.8965268303832,494.5054833772187,70.30073119047142
20260315,ThermalPlant_5,G17,325.0591247704593,0.0,47269.71871138947,248.1695559686349,380.0090115973529,54.94988682689353
20260315,ThermalPlant_6,G18,353.7399041901554,0.0,58259.69190896845,236.2079764583692,430.2689114611629,76.52900727100746
20260315,ThermalPlant_7,G19,0.0,0.0,0.0,0.0,0.0,0.0
20260315,ThermalPlant_8,G20,0.0,0.0,0.0,0.0,0.0,0.0
20260316,ThermalPlant_1,G13,0.0,0.0,0.0,0.0,0.0,0.0
20260316,ThermalPlant_2,G14,0.0,0.0,0.0,0.0,0.0,0.0
20260316,ThermalPlant_3,G15,0.0,0.0,0.0,0.0,0.0,0.0
20260316,ThermalPlant_4,G16,436.5277775727881,0.0,65571.22993471913,244.7929804593406,539.0432943684614,102.5155167956732
20260316,ThermalPlant_5,G17,397.53774196246,0.0,57846.14041041052,248.0169734746327,490.5209479286245,92.98320596616452
20260316,ThermalPlant_6,G18,395.4136261969228,0.0,67294.9018048579,236.8199733673692,567.6558616464965,172.2422354495737
20260316,ThermalPlant_7,G19,0.0,0.0,0.0,0.0,0.0,0.0
20260316,ThermalPlant_8,G20,0.0,0.0,0.0,0.0,0.0,0.0
20260317,ThermalPlant_1,G13,0.0,0.0,0.0,0.0,0.0,0.0
20260317,ThermalPlant_2,G14,0.0,0.0,0.0,0.0,0.0,0.0
20260317,ThermalPlant_3,G15,0.0,0.0,0.0,0.0,0.0,0.0
20260317,ThermalPlant_4,G16,391.8055443090324,0.0,56117.39916746539,244.4356721753454,872.5082911197403,480.7027468107079
20260317,ThermalPlant_5,G17,375.4696590197574,0.0,53231.82560736843,247.878881362574,854.0438792239472,478.5742202041898
20260317,ThermalPlant_6,G18,364.5770554566382,0.0,60748.06325001385,235.8475875415617,960.7840115706688,596.2069561140306
20260317,ThermalPlant_7,G19,0.0,0.0,0.0,0.0,0.0,0.0
20260317,ThermalPlant_8,G20,0.0,0.0,0.0,0.0,0.0,0.0
20260318,ThermalPlant_1,G13,417.8733335,79.99999999999994,84000.0,225.3242492800001,531.82833903,33.95500553000011
20260318,ThermalPlant_2,G14,93.19199358792692,39.99999999999997,17647.93262497054,241.299528444434,110.9767209566134,-22.21527263131352
20260318,ThermalPlant_3,G15,0.0,0.0,0.0,0.0,0.0,0.0
20260318,ThermalPlant_4,G16,441.2736813581482,0.0,66501.1377209584,245.0939665651159,603.8347794348891,162.5610980767409
20260318,ThermalPlant_5,G17,401.1167313862275,0.0,59206.14493933051,248.2893143090004,557.8536306689836,156.736899282756
20260318,ThermalPlant_6,G18,390.4972189419647,0.0,66224.0423518921,236.7739631805645,624.8119031867795,234.3146842448149
20260318,ThermalPlant_7,G19,0.0,0.0,0.0,0.0,0.0,0.0
20260318,ThermalPlant_8,G20,0.0,0.0,0.0,0.0,0.0,0.0
20260319,ThermalPlant_1,G13,526.1918342855344,0.0,104868.5343263158,224.9987543348556,801.8220311755242,275.6301968899899
20260319,ThermalPlant_2,G14,860.0775454643808,0.0,157589.0814658947,240.2476437656941,1183.401923026531,323.3243775621499
20260319,ThermalPlant_3,G15,0.0,0.0,0.0,0.0,0.0,0.0
20260319,ThermalPlant_4,G16,402.5293229173848,0.0,58402.92803389473,244.4535680776815,479.4775778677406,76.94825495035576
20260319,ThermalPlant_5,G17,0.0,0.0,0.0,0.0,0.0,0.0
20260319,ThermalPlant_6,G18,342.9488837590944,0.0,55958.23639242105,235.8570007159542,424.1838537697697,81.23497001067528
20260319,ThermalPlant_7,G19,0.0,0.0,0.0,0.0,0.0,0.0
20260319,ThermalPlant_8,G20,0.0,0.0,0.0,0.0,0.0,0.0
20260320,ThermalPlant_1,G13,528.2540136928396,0.0,105346.796008593,224.9975985421189,752.9618977660607,224.7078840732211
20260320,ThermalPlant_2,G14,186.408959767068,39.99999999999997,35032.37601262319,241.0803508640877,218.3572351061462,-8.051724660921735
20260320,ThermalPlant_3,G15,0.0,0.0,0.0,0.0,0.0,0.0
20260320,ThermalPlant_4,G16,437.9063463810908,0.0,65787.37531430522,245.081100942592,486.9116705118356,49.00532413074484
20260320,ThermalPlant_5,G17,267.8103337019573,0.0,39428.83754860419,248.236151024062,297.018647312963,29.20831361100568
20260320,ThermalPlant_6,G18,354.1489405949305,0.0,58276.74121970526,236.5039460527215,414.1041996728396,59.95525907790915
20260320,ThermalPlant_7,G19,0.0,0.0,0.0,0.0,0.0,0.0
20260320,ThermalPlant_8,G20,0.0,0.0,0.0,0.0,0.0,0.0
20260321,ThermalPlant_1,G13,499.1431101650285,39.99999999999997,100265.1930817135,225.2487093959597,643.9653062257436,104.8221960607151
20260321,ThermalPlant_2,G14,384.9566131272501,39.99999999999997,71316.62266981055,240.6322158926571,454.9119829467938,29.95536981954379
20260321,ThermalPlant_3,G15,0.0,0.0,0.0,0.0,0.0,0.0
20260321,ThermalPlant_4,G16,426.3409431987906,0.0,63369.32930741894,244.9070271118225,421.7215836883304,-4.619359510460129
20260321,ThermalPlant_5,G17,193.7435267764037,0.0,28256.02770411789,248.1290192105569,189.6239313525168,-4.119595423886835
20260321,ThermalPlant_6,G18,356.8807488481623,0.0,58921.23437291791,236.3381733247032,384.058941520356,27.17819267219369
20260321,ThermalPlant_7,G19,0.0,0.0,0.0,0.0,0.0,0.0
20260321,ThermalPlant_8,G20,33.94486427454813,0.0,5908.350831157887,249.4031154476198,43.84906203836567,9.904197763817542
20260322,ThermalPlant_1,G13,521.6339906253082,0.0,103977.5847649032,225.0253539178744,813.7648149957513,292.1308243704431
20260322,ThermalPlant_2,G14,207.6393734893803,39.99999999999997,39415.67159940844,241.4221884217535,251.375351172848,3.735977683467723
20260322,ThermalPlant_3,G15,0.0,0.0,0.0,0.0,0.0,0.0
20260322,ThermalPlant_4,G16,464.0808959033949,0.0,71251.45951467787,245.4596153082044,576.1524377988919,112.071541895497
20260322,ThermalPlant_5,G17,272.0417213402058,14.99999999999998,40902.65760475157,248.4938811692651,322.539631693662,35.49791035345626
20260322,ThermalPlant_6,G18,372.6592456254472,0.0,62241.42196498105,236.9622651298876,476.1283455407552,103.469099915308
20260322,ThermalPlant_7,G19,0.0,0.0,0.0,0.0,0.0,0.0
20260322,ThermalPlant_8,G20,42.36050424006741,0.0,7416.999540696838,249.5345998147672,75.71894932703664,33.35844508696923
20260323,ThermalPlant_1,G13,156.0037494195058,39.99999999999997,31313.62518601579,225.263297425506,201.8999593633167,5.896209943810959
20260323,ThermalPlant_2,G14,0.0,0.0,0.0,0.0,0.0,0.0
20260323,ThermalPlant_3,G15,0.0,0.0,0.0,0.0,0.0,0.0
20260323,ThermalPlant_4,G16,417.7554985252136,0.0,61578.63445649281,244.7522716301124,718.4916640876563,300.7361655624427
20260323,ThermalPlant_5,G17,351.3543625118736,0.0,50541.97692554528,248.0423402289503,648.4286268453781,297.0742643335045
20260323,ThermalPlant_6,G18,375.3993241728217,0.0,63024.93811718318,236.2896410227065,759.5870871445213,384.1877629716996
20260323,ThermalPlant_7,G19,0.0,0.0,0.0,0.0,0.0,0.0
20260323,ThermalPlant_8,G20,0.0,0.0,0.0,0.0,0.0,0.0
20260324,ThermalPlant_1,G13,0.0,0.0,0.0,0.0,0.0,0.0
20260324,ThermalPlant_2,G14,0.0,0.0,0.0,0.0,0.0,0.0
20260324,ThermalPlant_3,G15,0.0,0.0,0.0,0.0,0.0,0.0
20260324,ThermalPlant_4,G16,430.2681910872884,0.0,64106.01110217726,245.2900830412371,961.697236251605,531.4290451643166
20260324,ThermalPlant_5,G17,410.6125143256232,0.0,60490.66523957895,248.4530661195262,928.5503994704228,517.9378851447996
20260324,ThermalPlant_6,G18,382.0754346192825,0.0,64452.71522484905,236.4609378519721,1036.074236294083,653.9988016748002
20260324,ThermalPlant_7,G19,17.68716564408372,30.00000000000003,3116.679969157894,253.8625547819379,20.01377750270285,-27.67338814138089
20260324,ThermalPlant_8,G20,0.0,0.0,0.0,0.0,0.0,0.0
20260325,ThermalPlant_1,G13,496.5303080691349,39.99999999999997,99672.77935417798,225.2212941135818,697.222600126751,160.6922920576161
20260325,ThermalPlant_2,G14,178.8383160545279,39.99999999999997,33700.5876802695,241.05244139232,210.4803429721226,-8.357973082405266
20260325,ThermalPlant_3,G15,0.0,0.0,0.0,0.0,0.0,0.0
20260325,ThermalPlant_4,G16,440.482440181385,0.0,66323.17075826527,245.1282264337996,509.007198155148,68.52475797376309
20260325,ThermalPlant_5,G17,396.8472325551682,0.0,58665.92836399157,248.2925851704113,461.4319723480987,64.58473979293046
20260325,ThermalPlant_6,G18,361.6925096152085,0.0,59903.46030362949,236.6549545967338,436.7878328426725,75.09532322746395
20260325,ThermalPlant_7,G19,0.0,0.0,0.0,0.0,0.0,0.0
20260325,ThermalPlant_8,G20,0.0,0.0,0.0,0.0,0.0,0.0
20260326,ThermalPlant_1,G13,491.4221185617482,39.99999999999997,98657.47373083657,225.2446500673175,647.2464515669858,115.8243330052376
20260326,ThermalPlant_2,G14,181.4337322057092,39.99999999999997,33975.10683452633,240.950700078155,211.1544382292308,-10.27929397647839
20260326,ThermalPlant_3,G15,0.0,0.0,0.0,0.0,0.0,0.0
20260326,ThermalPlant_4,G16,428.7203440023859,0.0,63871.37957726314,244.9264136350873,441.6988967633472,12.97855276096135
20260326,ThermalPlant_5,G17,303.2448414092127,0.0,44386.62887410527,248.1537668654765,313.290316626676,10.04547521746338
20260326,ThermalPlant_6,G18,354.6947059369711,0.0,58434.35629810532,236.3548103904288,392.430667371294,37.73596143432292
20260326,ThermalPlant_7,G19,0.0,0.0,0.0,0.0,0.0,0.0
20260326,ThermalPlant_8,G20,0.0,0.0,0.0,0.0,0.0,0.0
20260327,ThermalPlant_1,G13,426.4080200868506,79.99999999999994,85710.759424,225.318615395736,536.7943009373178,30.38628085046719
20260327,ThermalPlant_2,G14,177.0341074253874,39.99999999999997,33514.27652870738,241.2105824883277,210.3442769841099,-6.689830441277508
20260327,ThermalPlant_3,G15,0.0,0.0,0.0,0.0,0.0,0.0
20260327,ThermalPlant_4,G16,386.3162597409118,0.0,59267.10316490105,245.5433752437775,501.5779014207744,115.2616416798626
20260327,ThermalPlant_5,G17,416.6620094699185,0.0,62349.11817586526,248.6066657480567,547.1084444538354,130.4464349839169
20260327,ThermalPlant_6,G18,394.1277760283474,0.0,66981.9938408457,236.9238690041849,590.3470295311948,196.2192535028474
20260327,ThermalPlant_7,G19,41.03713810000001,0.0,7174.000000000001,253.8059004739337,82.7120050965,41.67486699649999
20260327,ThermalPlant_8,G20,0.0,0.0,0.0,0.0,0.0,0.0
20260328,ThermalPlant_1,G13,432.7641117119354,79.99999999999994,86927.59721498948,225.2871182136381,544.6915864990212,31.92747478708588
20260328,ThermalPlant_2,G14,201.3179951389394,39.99999999999997,38265.82445291792,241.4890288584323,241.13578162306,-0.1822135158793969
20260328,ThermalPlant_3,G15,1.4594755,0.0,240.0,245.13944,1.45729584,-0.002179660000000139
20260328,ThermalPlant_4,G16,471.4354862886404,0.0,72781.6527432084,245.5728742943171,562.8583158322772,91.4228295436368
20260328,ThermalPlant_5,G17,415.1998124899738,0.0,62755.00091843367,248.6160379941327,500.6565698147416,85.4567573247678
20260328,ThermalPlant_6,G18,395.2754315465864,0.0,67196.72928611285,237.0577139559633,534.8989360118826,139.6235044652962
20260328,ThermalPlant_7,G19,45.05561705337095,30.00000000000003,7853.367509423149,253.7185581016723,49.38165889083407,-25.67395816253691
20260328,ThermalPlant_8,G20,0.0,0.0,0.0,0.0,0.0,0.0
20260329,ThermalPlant_1,G13,201.0238960274482,39.99999999999997,40325.43092197409,225.1968752489035,313.7071430841214,72.68324705667322
20260329,ThermalPlant_2,G14,0.0,0.0,0.0,0.0,0.0,0.0
20260329,ThermalPlant_3,G15,0.0,0.0,0.0,0.0,0.0,0.0
20260329,ThermalPlant_4,G16,427.8613186441479,0.0,63697.77113660632,244.8904625361562,657.2838591377225,229.4225404935746
20260329,ThermalPlant_5,G17,402.3237189892892,0.0,58830.68341349054,248.1115595718593,626.8186471045653,224.4949281152761
20260329,ThermalPlant_6,G18,366.1185993838183,0.0,60919.69296430095,236.5009383354011,638.1328734832355,272.0142740994172
20260329,ThermalPlant_7,G19,0.0,0.0,0.0,0.0,0.0,0.0
20260329,ThermalPlant_8,G20,0.0,0.0,0.0,0.0,0.0,0.0
20260330,ThermalPlant_1,G13,0.0,0.0,0.0,0.0,0.0,0.0
20260330,ThermalPlant_2,G14,0.0,0.0,0.0,0.0,0.0,0.0
20260330,ThermalPlant_3,G15,0.0,0.0,0.0,0.0,0.0,0.0
20260330,ThermalPlant_4,G16,436.0703544480506,0.0,65421.21728875791,244.988109453429,653.9096861166589,217.8393316686083
20260330,ThermalPlant_5,G17,405.9946233886245,0.0,59581.83249205895,248.1989017259731,617.4168660895377,211.4222427009133
20260330,ThermalPlant_6,G18,386.4157785752648,0.0,65358.10084230029,236.6520142648972,669.0838844701364,282.6681058948715
20260330,ThermalPlant_7,G19,0.0,0.0,0.0,0.0,0.0,0.0
20260330,ThermalPlant_8,G20,0.0,0.0,0.0,0.0,0.0,0.0
20260331,ThermalPlant_1,G13,0.0,0.0,0.0,0.0,0.0,0.0
20260331,ThermalPlant_2,G14,0.0,0.0,0.0,0.0,0.0,0.0
20260331,ThermalPlant_3,G15,0.0,0.0,0.0,0.0,0.0,0.0
20260331,ThermalPlant_4,G16,416.8958693242786,0.0,61420.17008168423,244.6535387003963,717.303392962659,300.4075236383804
20260331,ThermalPlant_5,G17,389.6441620008702,0.0,56199.799552,247.9516729382616,684.8327974918867,295.1886354910165
20260331,ThermalPlant_6,G18,379.2434806560257,0.0,63852.71630404434,236.368886210011,764.0580696814751,384.8145890254494
20260331,ThermalPlant_7,G19,0.0,0.0,0.0,0.0,0.0,0.0
20260331,ThermalPlant_8,G20,0.0,0.0,0.0,0.0,0.0,0.0
20260401,ThermalPlant_1,G13,410.8243004981664,79.99999999999994,82554.60191289474,225.3023590458073,515.4813536305675,24.65705313240113
20260401,ThermalPlant_2,G14,147.4728080504232,39.99999999999997,27329.85097631582,240.7464188964386,169.4356594120342,-18.03714863838897
20260401,ThermalPlant_3,G15,0.0,0.0,0.0,0.0,0.0,0.0
20260401,ThermalPlant_4,G16,422.1875944058563,0.0,62474.41176210527,244.9450165524348,582.7304654375231,160.5428710316668
20260401,ThermalPlant_5,G17,385.0070055002158,0.0,55973.88360078947,248.2015139086792,542.4074991978141,157.4004936975983
20260401,ThermalPlant_6,G18,364.8860172868722,0.0,60716.49784698067,236.2342552266501,598.8101429468845,233.9241256600124
20260401,ThermalPlant_7,G19,0.0,0.0,0.0,0.0,0.0,0.0
20260401,ThermalPlant_8,G20,0.0,0.0,0.0,0.0,0.0,0.0
